Transaction ID,Date,Product Category,Product Name,Units Sold,Unit Price,Total Revenue,Region
10001,2024-03-27,Electronics,Dell XPS 13 Laptop,17,1417.34,24094.78,Middle East
10002,2025-01-01,Electronics,Garmin Forerunner 945,20,512.14,10242.80,Asia
10003,2025-01-08,Beauty Products,The Ordinary Serum Set,16,42.00,672.00,Africa
10004,2025-09-19,Books,Atomic Habits,1,20.45,20.45,North America
10005,2024-03-15,Clothing,Nike Air Force 1,15,81.20,1218.00,Middle East
10006,2024-06-11,Books,The Hobbit,7,14.68,102.76,Europe
10007,2025-03-14,Clothing,Under Armour Training Shirt,17,41.09,698.53,Middle East
10008,2025-02-10,Clothing,Nike Air Force 1,18,90.68,1632.24,Europe
10009,2025-07-25,Books,"Salt, Fat, Acid, Heat by Samin Nosrat",19,31.73,602.87,Oceania
10010,2025-02-03,Sports,Bowflex Adjustable Dumbbells,12,426.64,5119.68,North America
10011,2025-06-17,Books,Deep Work,18,18.98,341.64,North America
10012,2025-07-14,Books,The Alchemist,20,13.97,279.40,Asia
10013,2025-07-02,Beauty Products,L'Oreal Revitalift Cream,14,30.37,425.18,Asia
10014,2025-03-04,Beauty Products,The Ordinary Serum Set,1,40.59,40.59,Oceania
10015,2024-06-24,Home Appliances,Dyson V11 Vacuum,17,538.67,9157.39,North America
10016,2025-03-24,Sports,Hydro Flask Sports Bottle,14,39.75,556.50,Asia
10017,2024-03-21,Home Appliances,Blueair Classic 480i,15,620.91,9313.65,Middle East
10018,2025-08-19,Beauty Products,L'Oreal Revitalift Cream,18,29.40,529.20,Europe
10019,2024-11-24,Beauty Products,The Ordinary Serum Set,16,42.43,678.88,Asia
10020,2025-08-17,Books,Atomic Habits,10,21.32,213.20,North America
10021,2025-05-15,Electronics,MacBook Pro 16-inch,20,2730.32,54606.40,Oceania
10022,2025-05-10,Beauty Products,Clinique Moisture Surge,12,48.78,585.36,Europe
10023,2024-06-02,Sports,Spalding Volleyball,15,35.07,526.05,Oceania
10024,2024-07-02,Books,Sapiens,18,25.81,464.58,North America
10025,2025-12-16,Clothing,Columbia Rain Jacket,15,140.83,2112.45,North America
10026,2025-11-09,Books,The Alchemist,9,12.87,115.83,South America
10027,2025-08-10,Books,Clean Code,3,41.18,123.54,Asia
10028,2025-12-30,Clothing,Nike Air Force 1,7,94.45,661.15,Asia
10029,2025-01-09,Home Appliances,Philips Air Fryer XXL,1,229.60,229.60,Asia
10030,2024-02-25,Beauty Products,The Ordinary Serum Set,3,40.87,122.61,South America
10031,2024-09-05,Home Appliances,Blueair Classic 480i,20,545.35,10907.00,Africa
10032,2025-02-10,Clothing,Columbia Rain Jacket,5,117.12,585.60,Middle East
10033,2024-08-01,Beauty Products,MAC Lipstick Collection,16,83.03,1328.48,South America
10034,2024-11-29,Beauty Products,CeraVe Hydrating Cleanser,16,19.32,309.12,Africa
10035,2025-10-01,Sports,Everlast Boxing Gloves,10,45.84,458.40,Middle East
10036,2025-05-28,Home Appliances,Keurig K-Elite Coffee Maker,19,182.62,3469.78,Asia
10037,2025-02-25,Books,"Salt, Fat, Acid, Heat by Samin Nosrat",17,35.01,595.17,Asia
10038,2024-01-19,Electronics,Samsung Galaxy Tab S8,13,808.15,10505.95,North America
10039,2025-06-02,Clothing,Columbia Rain Jacket,1,117.66,117.66,Asia
10040,2024-09-22,Clothing,Puma Sports Hoodie,15,72.38,1085.70,North America
10041,2024-11-04,Books,Clean Code,19,40.94,777.86,South America
10042,2024-10-18,Home Appliances,iRobot Roomba j7,17,611.90,10402.30,Africa
10043,2025-03-03,Clothing,Vans Old Skool Sneakers,20,75.72,1514.40,Middle East
10044,2024-12-29,Electronics,Nintendo Switch OLED,13,317.38,4125.94,Middle East
10045,2024-03-26,Home Appliances,Dyson V11 Vacuum,18,543.08,9775.44,North America
10046,2025-01-04,Books,Atomic Habits,16,20.83,333.28,North America
10047,2025-07-01,Home Appliances,KitchenAid Stand Mixer,7,475.68,3329.76,Africa
10048,2025-03-14,Home Appliances,Keurig K-Elite Coffee Maker,6,185.81,1114.86,Asia
10049,2024-12-24,Beauty Products,Olaplex Hair Repair Set,3,58.59,175.77,South America
10050,2025-10-31,Clothing,North Face Down Jacket,9,248.19,2233.71,Oceania
10051,2024-07-07,Books,The Psychology of Money,15,16.83,252.45,Africa
10052,2024-11-02,Books,Clean Code,4,40.21,160.84,Africa
10053,2025-11-07,Clothing,Nike Air Force 1,7,85.15,596.05,North America
10054,2024-12-15,Books,The Hobbit,14,15.13,211.82,Oceania
10055,2025-01-13,Sports,Manduka PRO Yoga Mat,1,116.44,116.44,South America
10056,2024-01-19,Clothing,Calvin Klein Slim Fit Shirt,19,95.24,1809.56,South America
10057,2024-06-12,Electronics,Google Pixel 8 Pro,9,1011.15,9100.35,Africa
10058,2024-04-04,Sports,Adidas FIFA Soccer Ball,19,38.35,728.65,Europe
10059,2024-02-05,Sports,Everlast Boxing Gloves,5,46.01,230.05,Europe
10060,2025-05-29,Electronics,Apple Watch Series 9,6,396.11,2376.66,North America
10061,2025-10-09,Clothing,North Face Down Jacket,4,250.32,1001.28,Europe
10062,2024-03-15,Beauty Products,Chanel No. 5 Perfume,10,141.22,1412.20,South America
10063,2025-03-30,Clothing,Puma Sports Hoodie,3,67.70,203.10,Oceania
10064,2024-12-09,Clothing,Under Armour Training Shirt,1,36.45,36.45,South America
10065,2024-12-17,Electronics,Sony WH-1000XM5 Headphones,4,367.50,1470.00,Africa
10066,2024-06-16,Beauty Products,Maybelline Makeup Kit,11,52.79,580.69,Africa
10067,2025-10-08,Sports,Hydro Flask Sports Bottle,2,43.39,86.78,Europe
10068,2025-04-02,Beauty Products,CeraVe Hydrating Cleanser,20,18.85,377.00,Middle East
10069,2024-11-29,Electronics,Dell XPS 13 Laptop,17,1347.15,22901.55,Europe
10070,2024-12-08,Books,The Psychology of Money,12,16.40,196.80,Middle East
10071,2025-11-09,Books,The Da Vinci Code,10,16.61,166.10,Europe
10072,2025-12-21,Sports,Babolat Pure Drive Tennis Racket,10,210.71,2107.10,Europe
10073,2025-02-02,Beauty Products,Neutrogena Skincare Set,18,98.21,1767.78,South America
10074,2025-02-12,Beauty Products,Neutrogena Skincare Set,4,83.91,335.64,North America
10075,2025-05-03,Electronics,iPhone 14 Pro,5,1004.51,5022.55,Africa
10076,2024-08-12,Sports,Callaway Golf Club Set,1,886.45,886.45,South America
10077,2025-08-06,Clothing,Under Armour Training Shirt,13,39.01,507.13,Oceania
10078,2025-01-01,Books,Atomic Habits,5,18.72,93.60,North America
10079,2024-12-15,Sports,Everlast Boxing Gloves,18,48.96,881.28,Europe
10080,2025-10-07,Home Appliances,Ninja Professional Blender,1,90.32,90.32,Africa
10081,2024-11-12,Books,Sapiens,9,27.28,245.52,South America
10082,2024-08-02,Sports,Hydro Flask Sports Bottle,3,42.71,128.13,Africa
10083,2024-07-15,Electronics,Nintendo Switch OLED,9,338.84,3049.56,Africa
10084,2024-01-25,Sports,Bowflex Adjustable Dumbbells,2,443.57,887.14,North America
10085,2025-04-23,Sports,Adidas FIFA Soccer Ball,16,36.46,583.36,South America
10086,2025-03-12,Sports,Everlast Boxing Gloves,5,54.26,271.30,Oceania
10087,2024-11-30,Books,The Hobbit,8,15.17,121.36,Europe
10088,2025-01-16,Clothing,Adidas Ultraboost Shoes,12,184.64,2215.68,Middle East
10089,2024-12-23,Books,The Alchemist,16,14.02,224.32,Middle East
10090,2025-11-03,Beauty Products,L'Oreal Revitalift Cream,7,27.94,195.58,Asia
10091,2024-07-08,Home Appliances,Philips Air Fryer XXL,1,272.51,272.51,Oceania
10092,2024-12-20,Beauty Products,Olaplex Hair Repair Set,2,61.66,123.32,North America
10093,2025-01-08,Clothing,Columbia Rain Jacket,18,136.00,2448.00,South America
10094,2025-08-26,Sports,Babolat Pure Drive Tennis Racket,1,201.33,201.33,Oceania
10095,2025-08-12,Sports,Hydro Flask Sports Bottle,10,40.57,405.70,Asia
10096,2025-02-11,Books,The Alchemist,17,13.80,234.60,Middle East
10097,2025-10-24,Home Appliances,KitchenAid Stand Mixer,4,412.69,1650.76,Middle East
10098,2025-08-29,Books,The Hobbit,18,14.27,256.86,North America
10099,2024-08-19,Sports,Hydro Flask Sports Bottle,7,37.29,261.03,Europe
10100,2025-10-31,Clothing,Calvin Klein Slim Fit Shirt,10,87.42,874.20,Asia
10101,2024-03-12,Home Appliances,Dyson V11 Vacuum,20,514.77,10295.40,Asia
10102,2025-05-18,Clothing,Calvin Klein Slim Fit Shirt,6,93.99,563.94,North America
10103,2025-07-27,Home Appliances,LG Front Load Washer,18,836.04,15048.72,North America
10104,2025-01-11,Electronics,Nintendo Switch OLED,1,373.92,373.92,North America
10105,2024-11-26,Clothing,Puma Sports Hoodie,7,75.47,528.29,Africa
10106,2025-12-05,Beauty Products,CeraVe Hydrating Cleanser,5,17.49,87.45,Europe
10107,2025-12-07,Books,Dune by Frank Herbert,3,25.37,76.11,Africa
10108,2025-09-06,Clothing,Nike Air Force 1,12,89.53,1074.36,Asia
10109,2024-12-15,Electronics,Nintendo Switch OLED,17,332.28,5648.76,Europe
10110,2024-02-16,Sports,Spalding Volleyball,19,33.91,644.29,North America
10111,2024-07-13,Electronics,Canon EOS R10 Camera,10,933.99,9339.90,Middle East
10112,2024-12-29,Home Appliances,Keurig K-Elite Coffee Maker,11,187.43,2061.73,Africa
10113,2024-03-11,Clothing,Columbia Rain Jacket,16,127.47,2039.52,South America
10114,2025-06-29,Home Appliances,Philips Air Fryer XXL,8,268.26,2146.08,Europe
10115,2024-10-27,Clothing,Under Armour Training Shirt,19,39.04,741.76,South America
10116,2024-11-24,Books,Deep Work,5,18.73,93.65,Europe
10117,2024-01-11,Electronics,Dell XPS 13 Laptop,9,1388.70,12498.30,Asia
10118,2024-01-01,Clothing,North Face Down Jacket,18,256.33,4613.94,South America
10119,2025-02-27,Clothing,North Face Down Jacket,18,263.61,4744.98,Europe
10120,2025-11-11,Clothing,Patagonia Fleece Jacket,15,184.78,2771.70,Asia
10121,2024-03-01,Electronics,Nintendo Switch OLED,11,362.18,3983.98,Europe
10122,2025-08-02,Electronics,Canon EOS R10 Camera,18,983.26,17698.68,Asia
10123,2024-06-29,Clothing,Columbia Rain Jacket,2,140.98,281.96,Middle East
10124,2025-03-29,Home Appliances,Dyson V11 Vacuum,9,505.88,4552.92,Europe
10125,2025-07-02,Home Appliances,LG Front Load Washer,19,925.98,17593.62,Asia
10126,2025-11-29,Books,Clean Code,11,36.09,396.99,Oceania
10127,2025-05-02,Home Appliances,Blueair Classic 480i,9,579.18,5212.62,Oceania
10128,2025-04-08,Home Appliances,Philips Air Fryer XXL,17,238.84,4060.28,Middle East
10129,2024-04-22,Clothing,Nike Air Force 1,18,93.45,1682.10,Africa
10130,2024-08-16,Electronics,Samsung Galaxy Tab S8,5,724.49,3622.45,South America
10131,2025-03-01,Books,Atomic Habits,20,20.68,413.60,Middle East
10132,2025-07-15,Clothing,Nike Air Force 1,19,88.50,1681.50,Africa
10133,2025-11-24,Sports,Hydro Flask Sports Bottle,18,37.06,667.08,North America
10134,2024-12-25,Clothing,Under Armour Training Shirt,2,37.47,74.94,Middle East
10135,2025-06-09,Beauty Products,CeraVe Hydrating Cleanser,16,19.59,313.44,Europe
10136,2024-04-08,Clothing,Columbia Rain Jacket,11,132.76,1460.36,Europe
10137,2024-06-11,Books,The Hobbit,9,13.60,122.40,Asia
10138,2025-03-05,Home Appliances,Dyson V11 Vacuum,16,530.88,8494.08,Europe
10139,2025-11-30,Books,Atomic Habits,12,19.08,228.96,Oceania
10140,2025-10-01,Sports,Fitbit Charge 6,10,150.98,1509.80,North America
10141,2025-01-03,Books,Dune by Frank Herbert,17,26.94,457.98,Oceania
10142,2024-03-02,Clothing,Vans Old Skool Sneakers,20,73.44,1468.80,Africa
10143,2025-05-03,Beauty Products,MAC Lipstick Collection,11,79.82,878.02,Middle East
10144,2025-11-13,Clothing,Columbia Rain Jacket,6,119.02,714.12,Africa
10145,2025-07-25,Home Appliances,Instant Pot Duo 7-in-1,17,130.52,2218.84,Asia
10146,2025-10-29,Sports,Babolat Pure Drive Tennis Racket,20,219.17,4383.40,North America
10147,2024-08-11,Books,Atomic Habits,7,19.71,137.97,Oceania
10148,2024-10-27,Beauty Products,Dyson Supersonic Hair Dryer,17,405.16,6887.72,Oceania
10149,2025-08-12,Clothing,Vans Old Skool Sneakers,5,80.93,404.65,Oceania
10150,2025-01-14,Clothing,Columbia Rain Jacket,13,130.84,1700.92,Middle East
10151,2024-05-23,Beauty Products,CeraVe Hydrating Cleanser,5,19.40,97.00,Middle East
10152,2024-01-11,Home Appliances,Keurig K-Elite Coffee Maker,5,201.29,1006.45,Oceania
10153,2024-03-18,Sports,Hydro Flask Sports Bottle,2,42.40,84.80,Oceania
10154,2025-10-10,Electronics,Sony WH-1000XM5 Headphones,10,435.27,4352.70,South America
10155,2024-02-07,Home Appliances,Instant Pot Duo 7-in-1,18,135.01,2430.18,South America
10156,2024-09-10,Books,"Salt, Fat, Acid, Heat by Samin Nosrat",6,34.26,205.56,Oceania
10157,2024-09-14,Home Appliances,Keurig K-Elite Coffee Maker,14,195.36,2735.04,Asia
10158,2025-07-15,Beauty Products,Neutrogena Skincare Set,10,84.97,849.70,Europe
10159,2024-01-19,Beauty Products,Chanel No. 5 Perfume,15,134.68,2020.20,Asia
10160,2025-01-07,Home Appliances,LG Front Load Washer,5,938.66,4693.30,North America
10161,2024-08-27,Books,The Da Vinci Code,2,14.69,29.38,Africa
10162,2024-08-09,Sports,Callaway Golf Club Set,11,946.21,10408.31,South America
10163,2024-08-26,Beauty Products,CeraVe Hydrating Cleanser,3,18.70,56.10,Asia
10164,2024-03-29,Home Appliances,Keurig K-Elite Coffee Maker,8,179.53,1436.24,Asia
10165,2025-11-23,Home Appliances,LG Front Load Washer,6,906.45,5438.70,Oceania
10166,2025-02-21,Books,Sapiens,15,26.77,401.55,Middle East
10167,2025-08-10,Home Appliances,Instant Pot Duo 7-in-1,15,141.30,2119.50,Africa
10168,2024-04-22,Beauty Products,Clinique Moisture Surge,3,48.40,145.20,South America
10169,2025-01-14,Sports,Adidas FIFA Soccer Ball,4,42.04,168.16,Europe
10170,2024-11-12,Sports,Hydro Flask Sports Bottle,6,36.91,221.46,South America
10171,2024-09-02,Sports,Fitbit Charge 6,7,172.77,1209.39,Asia
10172,2025-03-12,Electronics,Nintendo Switch OLED,5,360.36,1801.80,Middle East
10173,2025-05-10,Clothing,Puma Sports Hoodie,12,73.46,881.52,Asia
10174,2024-02-20,Beauty Products,Clinique Moisture Surge,9,48.05,432.45,Asia
10175,2024-10-18,Home Appliances,Blueair Classic 480i,5,607.15,3035.75,Europe
10176,2024-05-22,Books,Sapiens,20,25.65,513.00,North America
10177,2025-11-03,Sports,Everlast Boxing Gloves,11,52.54,577.94,Middle East
10178,2024-02-03,Electronics,Canon EOS R10 Camera,15,949.79,14246.85,Oceania
10179,2025-02-01,Beauty Products,The Ordinary Serum Set,4,42.50,170.00,Europe
10180,2025-09-04,Electronics,Samsung Galaxy Tab S8,19,681.27,12944.13,Africa
10181,2024-11-25,Books,Deep Work,4,18.56,74.24,Middle East
10182,2025-07-04,Beauty Products,Clinique Moisture Surge,20,44.80,896.00,North America
10183,2024-05-17,Home Appliances,LG Front Load Washer,5,814.78,4073.90,Asia
10184,2025-06-02,Electronics,MacBook Pro 16-inch,18,2680.23,48244.14,North America
10185,2025-10-02,Electronics,Samsung Galaxy Tab S8,20,753.11,15062.20,Middle East
10186,2024-04-04,Clothing,North Face Down Jacket,10,272.90,2729.00,South America
10187,2025-01-21,Clothing,Vans Old Skool Sneakers,8,78.39,627.12,Africa
10188,2025-07-27,Clothing,Under Armour Training Shirt,2,39.90,79.80,Africa
10189,2025-01-12,Home Appliances,Philips Air Fryer XXL,7,263.43,1844.01,Africa
10190,2025-11-29,Books,Deep Work,13,18.92,245.96,North America
10191,2024-04-27,Books,Atomic Habits,13,20.91,271.83,Africa
10192,2025-09-08,Books,"Salt, Fat, Acid, Heat by Samin Nosrat",10,31.28,312.80,Africa
10193,2024-10-11,Clothing,Puma Sports Hoodie,14,80.44,1126.16,Africa
10194,2024-11-06,Electronics,Dell XPS 13 Laptop,20,1396.06,27921.20,South America
10195,2024-10-29,Beauty Products,Chanel No. 5 Perfume,19,126.57,2404.83,South America
10196,2024-02-27,Beauty Products,Chanel No. 5 Perfume,18,121.41,2185.38,Asia
10197,2024-08-10,Electronics,Samsung Galaxy Tab S8,14,735.13,10291.82,North America
10198,2024-09-08,Home Appliances,Ninja Professional Blender,2,95.24,190.48,Oceania
10199,2024-07-11,Home Appliances,KitchenAid Stand Mixer,9,487.08,4383.72,North America
10200,2024-12-29,Clothing,North Face Down Jacket,2,235.92,471.84,Oceania
10201,2025-07-23,Sports,Everlast Boxing Gloves,4,53.98,215.92,Africa
10202,2024-10-30,Sports,Wilson Evolution Basketball,12,32.75,393.00,Middle East
10203,2024-12-07,Books,The Alchemist,2,14.18,28.36,Oceania
10204,2024-08-25,Home Appliances,Philips Air Fryer XXL,2,239.56,479.12,South America
10205,2024-12-17,Sports,Babolat Pure Drive Tennis Racket,9,188.17,1693.53,Europe
10206,2024-03-28,Beauty Products,Neutrogena Skincare Set,16,97.64,1562.24,North America
10207,2025-08-04,Sports,Everlast Boxing Gloves,6,50.46,302.76,Africa
10208,2025-08-04,Beauty Products,The Ordinary Serum Set,8,39.95,319.60,North America
10209,2025-08-18,Beauty Products,Maybelline Makeup Kit,8,50.36,402.88,Asia
10210,2025-09-10,Electronics,Garmin Forerunner 945,2,451.50,903.00,Asia
10211,2024-06-17,Beauty Products,Chanel No. 5 Perfume,15,134.54,2018.10,South America
10212,2025-11-27,Home Appliances,Ninja Professional Blender,6,101.17,607.02,Africa
10213,2025-10-03,Clothing,Under Armour Training Shirt,9,43.86,394.74,Middle East
10214,2025-04-16,Home Appliances,Philips Air Fryer XXL,3,225.94,677.82,North America
10215,2024-10-24,Sports,Manduka PRO Yoga Mat,19,128.69,2445.11,Oceania
10216,2025-07-25,Home Appliances,Philips Air Fryer XXL,5,259.33,1296.65,Europe
10217,2025-09-12,Home Appliances,Philips Air Fryer XXL,18,230.76,4153.68,North America
10218,2025-05-04,Books,Dune by Frank Herbert,16,26.66,426.56,Middle East
10219,2025-12-02,Beauty Products,Maybelline Makeup Kit,17,54.42,925.14,North America
10220,2024-09-13,Sports,Hydro Flask Sports Bottle,1,41.19,41.19,South America
10221,2024-04-24,Electronics,Apple Watch Series 9,8,468.12,3744.96,Africa
10222,2025-02-14,Sports,Hydro Flask Sports Bottle,19,37.43,711.17,Middle East
10223,2025-02-21,Beauty Products,Neutrogena Skincare Set,1,87.16,87.16,Middle East
10224,2025-01-28,Home Appliances,Philips Air Fryer XXL,19,229.85,4367.15,Middle East
10225,2024-03-21,Books,"Salt, Fat, Acid, Heat by Samin Nosrat",20,35.99,719.80,Middle East
10226,2025-06-06,Books,Dune by Frank Herbert,3,24.05,72.15,Africa
10227,2025-02-09,Beauty Products,L'Oreal Revitalift Cream,5,29.44,147.20,Europe
10228,2025-02-18,Electronics,Canon EOS R10 Camera,20,939.91,18798.20,South America
10229,2024-06-05,Books,The Da Vinci Code,15,16.27,244.05,North America
10230,2024-08-03,Home Appliances,LG Front Load Washer,15,955.74,14336.10,Oceania
10231,2024-07-14,Books,The Psychology of Money,15,18.96,284.40,Middle East
10232,2025-02-09,Clothing,Puma Sports Hoodie,15,78.58,1178.70,Asia
10233,2024-03-15,Books,The Psychology of Money,11,19.13,210.43,North America
10234,2024-07-11,Beauty Products,The Ordinary Serum Set,1,37.63,37.63,Middle East
10235,2025-11-28,Clothing,Under Armour Training Shirt,8,42.93,343.44,Middle East
10236,2024-05-05,Clothing,North Face Down Jacket,4,236.48,945.92,South America
10237,2025-05-14,Beauty Products,Maybelline Makeup Kit,18,48.94,880.92,Africa
10238,2025-07-08,Beauty Products,L'Oreal Revitalift Cream,18,30.22,543.96,Asia
10239,2025-06-11,Sports,Callaway Golf Club Set,12,965.80,11589.60,Asia
10240,2024-05-15,Home Appliances,Keurig K-Elite Coffee Maker,17,182.47,3101.99,Middle East
10241,2025-04-04,Beauty Products,CeraVe Hydrating Cleanser,10,17.74,177.40,Asia
10242,2025-01-04,Sports,Hydro Flask Sports Bottle,5,39.55,197.75,Asia
10243,2024-07-21,Sports,Spalding Volleyball,2,35.77,71.54,Middle East
10244,2025-09-03,Electronics,Google Pixel 8 Pro,17,967.48,16447.16,Europe
10245,2024-07-31,Books,Atomic Habits,18,21.52,387.36,Africa
10246,2024-08-17,Clothing,Patagonia Fleece Jacket,17,174.60,2968.20,Europe
10247,2024-07-09,Books,The Alchemist,8,11.73,93.84,Africa
10248,2024-02-15,Books,Sapiens,20,26.95,539.00,Europe
10249,2024-10-27,Home Appliances,KitchenAid Stand Mixer,19,439.00,8341.00,Oceania
10250,2025-10-17,Sports,Wilson Evolution Basketball,4,28.41,113.64,South America
10251,2025-07-21,Books,Deep Work,13,18.89,245.57,Oceania
10252,2024-10-29,Home Appliances,Samsung Smart Refrigerator,17,1782.00,30294.00,North America
10253,2024-01-12,Beauty Products,Chanel No. 5 Perfume,4,120.03,480.12,Asia
10254,2024-03-11,Electronics,Canon EOS R10 Camera,20,950.00,19000.00,Africa
10255,2024-01-17,Sports,Babolat Pure Drive Tennis Racket,14,189.39,2651.46,Europe
10256,2024-03-30,Electronics,Samsung Galaxy Tab S8,3,789.25,2367.75,Middle East
10257,2025-05-15,Home Appliances,Philips Air Fryer XXL,14,229.97,3219.58,North America
10258,2025-02-24,Home Appliances,KitchenAid Stand Mixer,16,435.67,6970.72,South America
10259,2025-11-14,Electronics,Samsung Galaxy Tab S8,12,710.49,8525.88,Asia
10260,2024-09-12,Books,Dune by Frank Herbert,18,27.53,495.54,Asia
10261,2025-07-23,Home Appliances,Blueair Classic 480i,1,622.28,622.28,Asia
10262,2025-03-19,Electronics,Canon EOS R10 Camera,16,894.01,14304.16,Asia
10263,2025-04-22,Clothing,Nike Air Force 1,2,88.33,176.66,Asia
10264,2025-03-25,Sports,Babolat Pure Drive Tennis Racket,9,208.50,1876.50,Africa
10265,2025-11-06,Home Appliances,Samsung Smart Refrigerator,4,1843.02,7372.08,South America
10266,2024-08-18,Electronics,MacBook Pro 16-inch,20,2553.18,51063.60,Europe
10267,2024-06-06,Clothing,Under Armour Training Shirt,4,41.55,166.20,Europe
10268,2024-12-03,Electronics,Apple Watch Series 9,3,436.69,1310.07,Africa
10269,2025-12-15,Clothing,Columbia Rain Jacket,14,139.29,1950.06,Oceania
10270,2025-10-03,Beauty Products,L'Oreal Revitalift Cream,8,31.44,251.52,Africa
10271,2025-05-16,Beauty Products,Dyson Supersonic Hair Dryer,17,423.03,7191.51,North America
10272,2025-09-20,Beauty Products,MAC Lipstick Collection,9,80.43,723.87,Europe
10273,2025-05-12,Books,The Psychology of Money,7,18.74,131.18,Oceania
10274,2025-11-05,Sports,Hydro Flask Sports Bottle,15,37.29,559.35,Oceania
10275,2024-10-11,Beauty Products,L'Oreal Revitalift Cream,9,28.86,259.74,Oceania
10276,2025-11-22,Beauty Products,CeraVe Hydrating Cleanser,1,20.58,20.58,Africa
10277,2024-09-17,Beauty Products,Maybelline Makeup Kit,11,52.27,574.97,Middle East
10278,2025-06-20,Electronics,Dell XPS 13 Laptop,13,1338.20,17396.60,Africa
10279,2024-11-14,Books,Deep Work,13,19.66,255.58,Europe
10280,2024-01-18,Books,Clean Code,19,38.59,733.21,Asia
10281,2025-05-22,Clothing,Levi's 501 Jeans,12,68.40,820.80,Europe
10282,2024-07-30,Clothing,Vans Old Skool Sneakers,1,77.75,77.75,Asia
10283,2025-11-30,Electronics,Google Pixel 8 Pro,1,1072.72,1072.72,Europe
10284,2025-08-06,Beauty Products,The Ordinary Serum Set,2,36.92,73.84,Europe
10285,2024-03-30,Books,The Psychology of Money,13,17.27,224.51,Oceania
10286,2025-07-14,Sports,Callaway Golf Club Set,1,847.11,847.11,North America
10287,2024-08-20,Electronics,Garmin Forerunner 945,6,454.96,2729.76,Europe
10288,2025-10-21,Beauty Products,The Ordinary Serum Set,15,36.82,552.30,Africa
10289,2025-01-30,Beauty Products,The Ordinary Serum Set,20,36.43,728.60,South America
10290,2024-09-07,Electronics,Apple Watch Series 9,8,397.01,3176.08,North America
10291,2025-02-13,Electronics,Samsung Galaxy Tab S8,19,806.15,15316.85,Middle East
10292,2025-06-10,Books,The Da Vinci Code,5,15.80,79.00,Oceania
10293,2024-03-23,Beauty Products,Neutrogena Skincare Set,10,88.35,883.50,Europe
10294,2025-03-27,Beauty Products,Clinique Moisture Surge,7,48.87,342.09,Asia
10295,2024-03-27,Clothing,North Face Down Jacket,9,256.97,2312.73,Africa
10296,2024-04-01,Home Appliances,iRobot Roomba j7,13,678.05,8814.65,North America
10297,2024-09-15,Books,Deep Work,14,20.21,282.94,Asia
10298,2025-04-17,Sports,Manduka PRO Yoga Mat,1,114.89,114.89,Oceania
10299,2025-04-23,Electronics,MacBook Pro 16-inch,14,2345.84,32841.76,Middle East
10300,2024-01-22,Books,The Alchemist,20,12.08,241.60,Europe
10301,2025-02-26,Home Appliances,Instant Pot Duo 7-in-1,1,140.04,140.04,South America
10302,2024-09-16,Books,Sapiens,3,24.29,72.87,North America
10303,2024-10-07,Electronics,Dell XPS 13 Laptop,19,1344.20,25539.80,Europe
10304,2024-06-23,Beauty Products,CeraVe Hydrating Cleanser,7,18.38,128.66,North America
10305,2024-11-03,Clothing,Calvin Klein Slim Fit Shirt,18,82.99,1493.82,Africa
10306,2024-06-09,Electronics,Garmin Forerunner 945,15,505.81,7587.15,Oceania
10307,2024-04-01,Home Appliances,Keurig K-Elite Coffee Maker,5,178.37,891.85,Europe
10308,2025-01-31,Sports,Babolat Pure Drive Tennis Racket,13,190.05,2470.65,Middle East
10309,2025-04-27,Books,The Hobbit,7,14.05,98.35,South America
10310,2025-11-13,Clothing,Vans Old Skool Sneakers,3,86.54,259.62,Africa
10311,2025-05-14,Home Appliances,iRobot Roomba j7,10,688.77,6887.70,Oceania
10312,2024-10-16,Beauty Products,Neutrogena Skincare Set,18,87.20,1569.60,South America
10313,2024-07-05,Sports,Callaway Golf Club Set,16,924.32,14789.12,North America
10314,2024-04-17,Clothing,North Face Down Jacket,9,247.70,2229.30,Oceania
10315,2024-01-18,Sports,Babolat Pure Drive Tennis Racket,7,192.27,1345.89,Europe
10316,2024-07-21,Sports,Fitbit Charge 6,3,159.31,477.93,Europe
10317,2024-12-15,Clothing,North Face Down Jacket,2,271.29,542.58,Europe
10318,2024-07-11,Books,Dune by Frank Herbert,7,26.79,187.53,Africa
10319,2024-08-17,Electronics,iPhone 14 Pro,11,940.40,10344.40,Middle East
10320,2025-11-20,Clothing,Nike Air Force 1,9,89.97,809.73,Africa
10321,2025-03-09,Books,The Hobbit,18,15.73,283.14,South America
10322,2025-09-04,Electronics,Dell XPS 13 Laptop,19,1356.44,25772.36,Middle East
10323,2025-02-07,Books,Sapiens,2,25.62,51.24,Europe
10324,2025-04-19,Clothing,Adidas Ultraboost Shoes,18,206.62,3719.16,Africa
10325,2025-12-02,Sports,Everlast Boxing Gloves,12,52.97,635.64,Africa
10326,2025-01-10,Electronics,iPhone 14 Pro,14,993.13,13903.82,Middle East
10327,2024-07-12,Electronics,Google Pixel 8 Pro,2,994.47,1988.94,Oceania
10328,2025-04-07,Sports,Spalding Volleyball,13,32.33,420.29,Middle East
10329,2025-07-04,Clothing,Nike Air Force 1,9,83.11,747.99,Asia
10330,2024-08-19,Home Appliances,Ninja Professional Blender,9,109.71,987.39,Asia
10331,2025-04-25,Sports,Wilson Evolution Basketball,4,27.22,108.88,Africa
10332,2024-01-09,Books,The Hobbit,6,14.67,88.02,Oceania
10333,2025-12-15,Sports,Manduka PRO Yoga Mat,7,124.82,873.74,Europe
10334,2024-12-09,Home Appliances,Instant Pot Duo 7-in-1,14,124.43,1742.02,Oceania
10335,2025-12-09,Books,The Alchemist,14,12.21,170.94,Asia
10336,2025-05-10,Books,The Hobbit,7,15.31,107.17,Middle East
10337,2025-09-21,Beauty Products,MAC Lipstick Collection,16,76.18,1218.88,Europe
10338,2025-11-07,Sports,Adidas FIFA Soccer Ball,11,40.39,444.29,Oceania
10339,2025-10-23,Home Appliances,Instant Pot Duo 7-in-1,6,119.05,714.30,South America
10340,2024-10-18,Home Appliances,Ninja Professional Blender,10,102.43,1024.30,Asia
10341,2025-12-13,Books,The Da Vinci Code,9,17.12,154.08,Middle East
10342,2025-11-25,Clothing,Nike Air Force 1,2,85.96,171.92,Oceania
10343,2024-06-18,Books,The Hobbit,3,15.77,47.31,Africa
10344,2025-08-28,Beauty Products,Olaplex Hair Repair Set,11,59.02,649.22,North America
10345,2024-09-07,Sports,Callaway Golf Club Set,4,937.02,3748.08,Africa
10346,2024-05-26,Home Appliances,Ninja Professional Blender,11,106.19,1168.09,Europe
10347,2024-09-19,Home Appliances,Instant Pot Duo 7-in-1,20,134.50,2690.00,North America
10348,2025-04-10,Sports,Callaway Golf Club Set,6,911.82,5470.92,Europe
10349,2025-02-04,Books,The Psychology of Money,15,19.73,295.95,Oceania
10350,2024-12-12,Sports,Babolat Pure Drive Tennis Racket,18,185.15,3332.70,Oceania
10351,2025-07-29,Clothing,Under Armour Training Shirt,1,37.43,37.43,North America
10352,2025-02-27,Beauty Products,Maybelline Makeup Kit,13,52.54,683.02,Middle East
10353,2024-05-17,Electronics,Nintendo Switch OLED,1,319.86,319.86,North America
10354,2025-04-03,Sports,Wilson Evolution Basketball,11,30.80,338.80,North America
10355,2024-04-22,Electronics,Canon EOS R10 Camera,2,1032.78,2065.56,Africa
10356,2025-10-14,Electronics,Canon EOS R10 Camera,2,920.95,1841.90,Oceania
10357,2025-11-24,Beauty Products,Dyson Supersonic Hair Dryer,16,404.26,6468.16,South America
10358,2025-08-17,Electronics,Dell XPS 13 Laptop,15,1178.54,17678.10,North America
10359,2025-09-01,Clothing,Calvin Klein Slim Fit Shirt,17,89.58,1522.86,Middle East
10360,2025-05-27,Beauty Products,Chanel No. 5 Perfume,14,142.11,1989.54,Asia
10361,2025-08-03,Electronics,Samsung Galaxy Tab S8,10,735.10,7351.00,Europe
10362,2025-04-11,Electronics,Samsung Galaxy Tab S8,1,702.86,702.86,South America
10363,2024-03-02,Beauty Products,CeraVe Hydrating Cleanser,2,17.28,34.56,Europe
10364,2024-09-29,Electronics,Garmin Forerunner 945,1,544.97,544.97,Europe
10365,2025-06-17,Home Appliances,Samsung Smart Refrigerator,7,1996.97,13978.79,North America
10366,2024-04-10,Books,Clean Code,4,38.69,154.76,Europe
10367,2025-06-23,Home Appliances,iRobot Roomba j7,8,703.82,5630.56,North America
10368,2025-12-30,Home Appliances,Samsung Smart Refrigerator,15,1726.05,25890.75,Middle East
10369,2024-01-14,Electronics,MacBook Pro 16-inch,20,2681.13,53622.60,Asia
10370,2024-06-07,Books,The Da Vinci Code,11,16.91,186.01,Africa
10371,2025-09-11,Sports,Manduka PRO Yoga Mat,19,125.05,2375.95,South America
10372,2025-03-01,Home Appliances,iRobot Roomba j7,17,593.77,10094.09,South America
10373,2025-02-22,Home Appliances,Philips Air Fryer XXL,2,266.98,533.96,Asia
10374,2025-11-28,Sports,Babolat Pure Drive Tennis Racket,17,196.77,3345.09,Europe
10375,2024-10-04,Beauty Products,Chanel No. 5 Perfume,5,138.12,690.60,Oceania
10376,2025-12-04,Beauty Products,MAC Lipstick Collection,4,86.63,346.52,Asia
10377,2025-01-12,Electronics,Apple Watch Series 9,16,457.83,7325.28,Europe
10378,2025-04-15,Clothing,Calvin Klein Slim Fit Shirt,11,82.01,902.11,Asia
10379,2024-04-25,Home Appliances,LG Front Load Washer,4,881.03,3524.12,Asia
10380,2025-01-06,Beauty Products,Dyson Supersonic Hair Dryer,11,437.02,4807.22,South America
10381,2024-03-03,Clothing,Calvin Klein Slim Fit Shirt,3,83.48,250.44,North America
10382,2025-06-18,Books,"Salt, Fat, Acid, Heat by Samin Nosrat",13,31.44,408.72,Oceania
10383,2024-08-31,Sports,Fitbit Charge 6,13,169.84,2207.92,Africa
10384,2024-07-09,Home Appliances,iRobot Roomba j7,1,714.11,714.11,Oceania
10385,2024-01-31,Beauty Products,Dyson Supersonic Hair Dryer,1,432.35,432.35,Middle East
10386,2025-03-08,Home Appliances,Instant Pot Duo 7-in-1,5,133.40,667.00,North America
10387,2025-07-28,Sports,Callaway Golf Club Set,5,882.62,4413.10,Africa
10388,2024-04-28,Home Appliances,Philips Air Fryer XXL,1,264.20,264.20,Middle East
10389,2024-08-01,Beauty Products,Maybelline Makeup Kit,2,48.81,97.62,Middle East
10390,2025-01-30,Electronics,Nintendo Switch OLED,17,356.15,6054.55,Africa
10391,2024-09-17,Books,The Da Vinci Code,10,14.78,147.80,North America
10392,2025-12-11,Books,The Alchemist,2,13.82,27.64,South America
10393,2024-05-17,Home Appliances,Keurig K-Elite Coffee Maker,11,203.90,2242.90,Asia
10394,2025-06-29,Beauty Products,Maybelline Makeup Kit,14,52.28,731.92,South America
10395,2024-01-07,Sports,Spalding Volleyball,17,38.08,647.36,Oceania
10396,2025-03-18,Home Appliances,Philips Air Fryer XXL,13,259.74,3376.62,Middle East
10397,2024-12-16,Beauty Products,Dyson Supersonic Hair Dryer,4,446.18,1784.72,Africa
10398,2024-11-04,Books,Dune by Frank Herbert,6,23.88,143.28,Africa
10399,2025-08-15,Clothing,Under Armour Training Shirt,2,39.64,79.28,North America
10400,2025-10-20,Home Appliances,Keurig K-Elite Coffee Maker,7,191.65,1341.55,Oceania
10401,2025-12-15,Sports,Hydro Flask Sports Bottle,13,40.80,530.40,Europe
10402,2025-12-28,Home Appliances,Instant Pot Duo 7-in-1,8,120.28,962.24,Europe
10403,2024-05-04,Books,The Hobbit,11,13.59,149.49,South America
10404,2025-01-11,Sports,Bowflex Adjustable Dumbbells,4,391.48,1565.92,Middle East
10405,2024-05-11,Electronics,Apple Watch Series 9,7,462.47,3237.29,Middle East
10406,2025-01-28,Books,Dune by Frank Herbert,16,23.77,380.32,Middle East
10407,2024-04-29,Electronics,MacBook Pro 16-inch,9,2363.21,21268.89,Middle East
10408,2025-10-09,Clothing,Nike Air Force 1,14,87.09,1219.26,Europe
10409,2025-01-10,Electronics,Google Pixel 8 Pro,18,1031.07,18559.26,Africa
10410,2025-10-06,Electronics,Samsung Galaxy Tab S8,11,713.05,7843.55,North America
10411,2025-04-14,Books,Dune by Frank Herbert,2,24.40,48.80,Middle East
10412,2024-01-02,Electronics,MacBook Pro 16-inch,6,2425.40,14552.40,South America
10413,2024-09-30,Electronics,Dell XPS 13 Laptop,6,1170.47,7022.82,Middle East
10414,2024-09-25,Electronics,Samsung Galaxy Tab S8,9,754.76,6792.84,South America
10415,2024-06-06,Beauty Products,L'Oreal Revitalift Cream,4,31.84,127.36,South America
10416,2024-04-22,Clothing,Nike Air Force 1,19,81.31,1544.89,Africa
10417,2025-03-21,Home Appliances,Ninja Professional Blender,17,98.04,1666.68,Middle East
10418,2024-04-02,Electronics,Garmin Forerunner 945,12,529.95,6359.40,Middle East
10419,2025-12-20,Electronics,MacBook Pro 16-inch,6,2337.48,14024.88,South America
10420,2024-12-19,Sports,Everlast Boxing Gloves,13,47.04,611.52,Oceania
10421,2025-09-30,Beauty Products,Clinique Moisture Surge,16,44.05,704.80,Europe
10422,2025-06-14,Sports,Wilson Evolution Basketball,12,28.82,345.84,South America
10423,2024-10-05,Clothing,Under Armour Training Shirt,17,41.49,705.33,Europe
10424,2025-03-26,Sports,Manduka PRO Yoga Mat,9,111.36,1002.24,Asia
10425,2025-04-17,Books,The Psychology of Money,3,18.48,55.44,South America
10426,2024-09-10,Beauty Products,Clinique Moisture Surge,10,42.79,427.90,Middle East
10427,2025-10-25,Books,Sapiens,13,22.69,294.97,Oceania
10428,2024-03-29,Sports,Spalding Volleyball,3,33.06,99.18,South America
10429,2025-01-13,Books,The Da Vinci Code,12,15.48,185.76,Europe
10430,2025-08-27,Beauty Products,Olaplex Hair Repair Set,12,65.37,784.44,North America
10431,2025-05-13,Beauty Products,Olaplex Hair Repair Set,2,58.04,116.08,Europe
10432,2024-11-28,Sports,Adidas FIFA Soccer Ball,8,37.62,300.96,Asia
10433,2025-03-03,Sports,Hydro Flask Sports Bottle,6,39.10,234.60,Oceania
10434,2024-03-01,Books,Clean Code,4,36.07,144.28,Oceania
10435,2025-07-22,Beauty Products,Olaplex Hair Repair Set,10,57.05,570.50,Asia
10436,2024-03-05,Beauty Products,L'Oreal Revitalift Cream,2,32.25,64.50,Asia
10437,2024-12-27,Home Appliances,Dyson V11 Vacuum,11,491.70,5408.70,South America
10438,2024-08-15,Home Appliances,Samsung Smart Refrigerator,13,2086.08,27119.04,North America
10439,2025-07-03,Books,The Hobbit,13,15.00,195.00,Asia
10440,2024-06-14,Clothing,Nike Air Force 1,14,94.07,1316.98,Africa
10441,2024-08-25,Electronics,Canon EOS R10 Camera,18,984.69,17724.42,North America
10442,2025-01-04,Sports,Adidas FIFA Soccer Ball,19,39.44,749.36,Oceania
10443,2024-08-30,Home Appliances,Dyson V11 Vacuum,19,512.59,9739.21,Asia
10444,2025-10-24,Books,Deep Work,11,18.03,198.33,Middle East
10445,2025-06-12,Beauty Products,Clinique Moisture Surge,3,41.50,124.50,North America
10446,2025-09-17,Beauty Products,The Ordinary Serum Set,20,42.28,845.60,Asia
10447,2024-10-21,Sports,Wilson Evolution Basketball,1,28.05,28.05,Africa
10448,2024-05-09,Home Appliances,Keurig K-Elite Coffee Maker,1,203.40,203.40,North America
10449,2025-08-11,Electronics,Apple Watch Series 9,20,399.44,7988.80,Africa
10450,2024-06-09,Beauty Products,L'Oreal Revitalift Cream,10,28.11,281.10,Asia
10451,2025-05-18,Beauty Products,Dyson Supersonic Hair Dryer,2,447.36,894.72,Middle East
10452,2024-09-11,Home Appliances,Instant Pot Duo 7-in-1,9,122.64,1103.76,Oceania
10453,2025-07-28,Books,Clean Code,9,39.39,354.51,Oceania
10454,2024-10-26,Books,The Psychology of Money,7,16.79,117.53,South America
10455,2025-08-09,Electronics,Apple Watch Series 9,16,464.64,7434.24,Asia
10456,2024-10-05,Beauty Products,Dyson Supersonic Hair Dryer,3,411.63,1234.89,Middle East
10457,2024-04-22,Clothing,Adidas Ultraboost Shoes,10,182.37,1823.70,Middle East
10458,2025-06-26,Beauty Products,Olaplex Hair Repair Set,15,55.59,833.85,Europe
10459,2025-04-24,Home Appliances,Blueair Classic 480i,18,650.48,11708.64,Africa
10460,2024-04-03,Electronics,Garmin Forerunner 945,7,466.82,3267.74,South America
10461,2024-07-14,Sports,Fitbit Charge 6,13,160.31,2084.03,Africa
10462,2025-09-02,Home Appliances,Keurig K-Elite Coffee Maker,15,202.73,3040.95,South America
10463,2024-08-21,Beauty Products,CeraVe Hydrating Cleanser,4,17.74,70.96,Africa
10464,2025-09-06,Clothing,Vans Old Skool Sneakers,3,77.93,233.79,North America
10465,2024-11-20,Sports,Manduka PRO Yoga Mat,20,116.97,2339.40,Africa
10466,2024-04-16,Home Appliances,Dyson V11 Vacuum,16,479.40,7670.40,Europe
10467,2025-04-02,Books,The Hobbit,16,15.20,243.20,South America
10468,2024-06-20,Books,Dune by Frank Herbert,16,27.02,432.32,South America
10469,2025-12-10,Clothing,Columbia Rain Jacket,5,128.17,640.85,Oceania
10470,2025-02-13,Electronics,Apple Watch Series 9,9,414.04,3726.36,Oceania
10471,2024-03-30,Electronics,Samsung Galaxy Tab S8,10,731.21,7312.10,Oceania
10472,2024-08-02,Clothing,Under Armour Training Shirt,2,42.61,85.22,Africa
10473,2024-11-30,Books,The Hobbit,18,14.34,258.12,Middle East
10474,2024-10-19,Electronics,iPhone 14 Pro,15,1026.28,15394.20,Middle East
10475,2024-01-16,Beauty Products,Maybelline Makeup Kit,4,54.04,216.16,Africa
10476,2025-06-07,Electronics,iPhone 14 Pro,4,941.40,3765.60,South America
10477,2025-05-07,Electronics,Dell XPS 13 Laptop,14,1181.04,16534.56,Oceania
10478,2024-09-02,Sports,Wilson Evolution Basketball,18,31.26,562.68,South America
10479,2025-05-10,Books,The Alchemist,3,13.27,39.81,Oceania
10480,2025-11-04,Sports,Hydro Flask Sports Bottle,14,36.51,511.14,North America
10481,2025-10-25,Electronics,iPhone 14 Pro,4,1015.10,4060.40,Oceania
10482,2025-09-10,Clothing,Puma Sports Hoodie,9,72.12,649.08,North America
10483,2025-11-26,Clothing,Nike Air Force 1,12,97.86,1174.32,Europe
10484,2025-05-02,Sports,Adidas FIFA Soccer Ball,20,41.05,821.00,South America
10485,2025-02-02,Electronics,iPhone 14 Pro,6,970.21,5821.26,Africa
10486,2024-06-02,Sports,Wilson Evolution Basketball,20,31.82,636.40,South America
10487,2024-09-14,Sports,Babolat Pure Drive Tennis Racket,18,205.64,3701.52,Africa
10488,2024-08-29,Sports,Wilson Evolution Basketball,10,30.50,305.00,Europe
10489,2025-11-04,Home Appliances,Blueair Classic 480i,10,561.46,5614.60,Asia
10490,2025-06-12,Sports,Adidas FIFA Soccer Ball,7,41.13,287.91,Middle East
10491,2024-01-08,Beauty Products,Clinique Moisture Surge,19,43.36,823.84,North America
10492,2025-02-12,Books,The Alchemist,11,14.01,154.11,Europe
10493,2024-07-03,Home Appliances,Instant Pot Duo 7-in-1,15,124.88,1873.20,Middle East
10494,2024-08-31,Beauty Products,Neutrogena Skincare Set,11,91.47,1006.17,Africa
10495,2025-04-15,Beauty Products,Neutrogena Skincare Set,13,87.64,1139.32,Africa
10496,2024-10-29,Clothing,Under Armour Training Shirt,5,42.03,210.15,South America
10497,2025-07-22,Beauty Products,L'Oreal Revitalift Cream,11,32.88,361.68,Asia
10498,2024-12-13,Electronics,Nintendo Switch OLED,14,364.35,5100.90,Europe
10499,2025-10-11,Electronics,Dell XPS 13 Laptop,13,1191.15,15484.95,Europe
10500,2024-09-04,Books,The Hobbit,1,14.72,14.72,Middle East
10501,2024-01-28,Clothing,North Face Down Jacket,14,257.42,3603.88,Middle East
10502,2024-06-09,Beauty Products,The Ordinary Serum Set,4,41.16,164.64,Middle East
10503,2024-03-29,Home Appliances,Ninja Professional Blender,3,99.31,297.93,North America
10504,2025-09-13,Clothing,Adidas Ultraboost Shoes,1,189.68,189.68,Asia
10505,2024-07-15,Books,Clean Code,13,37.55,488.15,Oceania
10506,2024-01-13,Beauty Products,The Ordinary Serum Set,13,41.21,535.73,North America
10507,2024-06-01,Beauty Products,Neutrogena Skincare Set,10,94.33,943.30,Oceania
10508,2024-11-29,Sports,Callaway Golf Club Set,3,903.53,2710.59,Oceania
10509,2024-07-21,Electronics,Garmin Forerunner 945,9,454.58,4091.22,Oceania
10510,2025-04-05,Books,Deep Work,11,18.70,205.70,South America
10511,2024-02-27,Electronics,Sony WH-1000XM5 Headphones,7,425.62,2979.34,Middle East
10512,2025-05-20,Clothing,Puma Sports Hoodie,13,82.31,1070.03,North America
10513,2025-01-28,Beauty Products,Neutrogena Skincare Set,15,97.64,1464.60,Europe
10514,2024-01-09,Books,Clean Code,18,36.89,664.02,Asia
10515,2024-03-10,Home Appliances,Instant Pot Duo 7-in-1,13,127.38,1655.94,North America
10516,2024-08-28,Home Appliances,Keurig K-Elite Coffee Maker,1,178.04,178.04,Oceania
10517,2024-06-09,Clothing,Calvin Klein Slim Fit Shirt,11,83.30,916.30,Europe
10518,2024-12-04,Beauty Products,Neutrogena Skincare Set,6,93.13,558.78,Middle East
10519,2025-03-18,Books,Deep Work,15,19.12,286.80,Oceania
10520,2024-05-04,Books,Sapiens,17,25.06,426.02,Africa
10521,2024-08-13,Clothing,Patagonia Fleece Jacket,19,183.12,3479.28,Asia
10522,2025-02-18,Sports,Babolat Pure Drive Tennis Racket,16,203.75,3260.00,Africa
10523,2025-06-03,Sports,Bowflex Adjustable Dumbbells,11,429.15,4720.65,Asia
10524,2025-05-12,Books,The Da Vinci Code,12,15.54,186.48,Oceania
10525,2025-02-12,Clothing,Calvin Klein Slim Fit Shirt,7,97.40,681.80,Middle East
10526,2024-03-19,Sports,Fitbit Charge 6,16,145.87,2333.92,Africa
10527,2024-07-16,Sports,Spalding Volleyball,17,33.86,575.62,North America
10528,2024-11-02,Books,"Salt, Fat, Acid, Heat by Samin Nosrat",9,34.82,313.38,Africa
10529,2024-05-15,Books,Dune by Frank Herbert,16,25.74,411.84,Africa
10530,2025-06-20,Home Appliances,Samsung Smart Refrigerator,9,1725.98,15533.82,South America
10531,2025-12-22,Home Appliances,Dyson V11 Vacuum,3,506.67,1520.01,Asia
10532,2025-12-22,Home Appliances,Keurig K-Elite Coffee Maker,20,173.07,3461.40,Oceania
10533,2025-10-26,Clothing,Vans Old Skool Sneakers,11,72.49,797.39,Africa
10534,2025-04-25,Electronics,Canon EOS R10 Camera,16,973.51,15576.16,Oceania
10535,2024-09-06,Clothing,Puma Sports Hoodie,12,74.62,895.44,North America
10536,2024-09-10,Electronics,Samsung Galaxy Tab S8,13,762.35,9910.55,Africa
10537,2025-03-18,Home Appliances,iRobot Roomba j7,7,681.15,4768.05,Africa
10538,2024-07-05,Home Appliances,Keurig K-Elite Coffee Maker,15,174.37,2615.55,Asia
10539,2025-10-06,Clothing,Columbia Rain Jacket,4,142.61,570.44,Europe
10540,2025-09-04,Home Appliances,LG Front Load Washer,4,831.34,3325.36,Africa
10541,2024-01-27,Home Appliances,Philips Air Fryer XXL,17,247.64,4209.88,Asia
10542,2024-12-23,Books,Clean Code,10,39.85,398.50,Europe
10543,2024-01-16,Books,Atomic Habits,5,18.89,94.45,South America
10544,2025-08-13,Clothing,Columbia Rain Jacket,5,142.62,713.10,Oceania
10545,2024-07-04,Beauty Products,Clinique Moisture Surge,16,41.53,664.48,South America
10546,2025-07-05,Sports,Spalding Volleyball,9,33.25,299.25,Oceania
10547,2024-05-25,Electronics,Sony WH-1000XM5 Headphones,8,425.92,3407.36,Africa
10548,2024-07-18,Books,The Psychology of Money,6,18.06,108.36,Europe
10549,2025-09-06,Home Appliances,Blueair Classic 480i,10,639.55,6395.50,South America
10550,2024-10-18,Clothing,Patagonia Fleece Jacket,3,193.71,581.13,Africa
10551,2024-06-08,Home Appliances,KitchenAid Stand Mixer,4,462.36,1849.44,Middle East
10552,2024-02-09,Beauty Products,Maybelline Makeup Kit,16,47.81,764.96,Oceania
10553,2024-10-26,Clothing,Nike Air Force 1,11,97.96,1077.56,Asia
10554,2024-02-17,Books,"Salt, Fat, Acid, Heat by Samin Nosrat",16,30.18,482.88,South America
10555,2025-06-11,Clothing,North Face Down Jacket,1,265.30,265.30,Middle East
10556,2025-04-27,Clothing,North Face Down Jacket,13,243.43,3164.59,North America
10557,2025-05-12,Electronics,Apple Watch Series 9,6,420.84,2525.04,Oceania
10558,2025-07-13,Beauty Products,Maybelline Makeup Kit,18,47.34,852.12,Middle East
10559,2024-08-05,Beauty Products,Neutrogena Skincare Set,6,89.49,536.94,North America
10560,2024-12-18,Electronics,Dell XPS 13 Laptop,5,1310.16,6550.80,Oceania
10561,2024-03-07,Books,The Hobbit,19,14.40,273.60,North America
10562,2025-01-07,Clothing,Columbia Rain Jacket,3,142.27,426.81,Middle East
10563,2025-01-16,Beauty Products,CeraVe Hydrating Cleanser,2,17.16,34.32,Oceania
10564,2024-08-25,Sports,Wilson Evolution Basketball,15,27.40,411.00,Oceania
10565,2024-08-20,Books,The Hobbit,12,16.38,196.56,Asia
10566,2024-09-04,Home Appliances,Keurig K-Elite Coffee Maker,7,203.20,1422.40,Africa
10567,2024-05-12,Beauty Products,The Ordinary Serum Set,8,36.38,291.04,Oceania
10568,2025-12-22,Home Appliances,Keurig K-Elite Coffee Maker,13,198.26,2577.38,Europe
10569,2025-09-22,Beauty Products,Neutrogena Skincare Set,17,91.58,1556.86,South America
10570,2024-05-07,Home Appliances,Ninja Professional Blender,17,106.05,1802.85,South America
10571,2024-07-06,Electronics,Dell XPS 13 Laptop,19,1356.62,25775.78,North America
10572,2025-11-22,Sports,Fitbit Charge 6,4,173.11,692.44,South America
10573,2025-09-28,Home Appliances,Philips Air Fryer XXL,12,241.24,2894.88,Oceania
10574,2025-01-14,Clothing,Puma Sports Hoodie,18,80.02,1440.36,Oceania
10575,2024-10-06,Clothing,Puma Sports Hoodie,16,71.52,1144.32,Middle East
10576,2024-03-18,Clothing,Nike Air Force 1,20,98.27,1965.40,Africa
10577,2025-03-20,Clothing,Columbia Rain Jacket,20,133.49,2669.80,Middle East
10578,2024-06-05,Beauty Products,Dyson Supersonic Hair Dryer,20,464.15,9283.00,Africa
10579,2024-12-04,Electronics,Canon EOS R10 Camera,2,1030.64,2061.28,South America
10580,2024-06-02,Sports,Fitbit Charge 6,3,164.22,492.66,Middle East
10581,2025-01-05,Beauty Products,Clinique Moisture Surge,7,40.59,284.13,South America
10582,2025-01-19,Books,The Hobbit,5,16.07,80.35,Asia
10583,2025-01-09,Beauty Products,Neutrogena Skincare Set,11,89.88,988.68,Oceania
10584,2025-07-31,Books,The Da Vinci Code,11,16.74,184.14,North America
10585,2024-07-16,Sports,Everlast Boxing Gloves,7,52.74,369.18,Oceania
10586,2025-09-29,Sports,Spalding Volleyball,13,32.29,419.77,Europe
10587,2024-12-22,Home Appliances,iRobot Roomba j7,18,690.18,12423.24,Middle East
10588,2025-02-11,Home Appliances,LG Front Load Washer,16,868.67,13898.72,South America
10589,2025-09-05,Books,The Da Vinci Code,16,15.01,240.16,Africa
10590,2024-08-25,Electronics,Google Pixel 8 Pro,2,1007.54,2015.08,South America
10591,2025-12-28,Books,Clean Code,8,37.04,296.32,Europe
10592,2024-10-13,Clothing,Columbia Rain Jacket,6,129.82,778.92,South America
10593,2025-03-25,Books,The Alchemist,1,12.38,12.38,North America
10594,2025-01-28,Electronics,Sony WH-1000XM5 Headphones,4,399.17,1596.68,Asia
10595,2024-04-20,Electronics,Sony WH-1000XM5 Headphones,5,373.44,1867.20,North America
10596,2025-02-06,Clothing,North Face Down Jacket,3,244.80,734.40,Middle East
10597,2025-12-16,Clothing,Vans Old Skool Sneakers,13,79.14,1028.82,Oceania
10598,2025-06-15,Clothing,North Face Down Jacket,14,226.04,3164.56,Africa
10599,2024-04-05,Sports,Babolat Pure Drive Tennis Racket,17,217.40,3695.80,Middle East
10600,2025-08-18,Clothing,Calvin Klein Slim Fit Shirt,19,94.86,1802.34,Africa
10601,2025-04-24,Home Appliances,Keurig K-Elite Coffee Maker,19,193.64,3679.16,North America
10602,2024-02-14,Books,Clean Code,2,40.81,81.62,South America
10603,2025-05-01,Electronics,Canon EOS R10 Camera,11,979.77,10777.47,Asia
10604,2024-01-26,Electronics,Samsung Galaxy Tab S8,13,764.33,9936.29,Asia
10605,2025-07-30,Books,The Psychology of Money,9,19.53,175.77,Africa
10606,2025-11-17,Books,The Alchemist,8,12.99,103.92,Africa
10607,2024-05-10,Beauty Products,Chanel No. 5 Perfume,15,136.13,2041.95,Middle East
10608,2024-07-14,Books,The Da Vinci Code,7,17.30,121.10,South America
10609,2025-01-29,Home Appliances,Samsung Smart Refrigerator,11,2084.06,22924.66,Africa
10610,2024-09-17,Books,Sapiens,2,23.39,46.78,Middle East
10611,2024-11-29,Beauty Products,CeraVe Hydrating Cleanser,15,18.36,275.40,Middle East
10612,2024-05-16,Books,The Psychology of Money,4,17.38,69.52,Europe
10613,2024-02-09,Books,Clean Code,7,37.73,264.11,South America
10614,2024-05-15,Books,The Psychology of Money,8,17.71,141.68,Middle East
10615,2024-04-22,Books,Atomic Habits,1,21.84,21.84,Oceania
10616,2025-04-13,Clothing,Puma Sports Hoodie,13,68.91,895.83,North America
10617,2024-12-23,Electronics,Nintendo Switch OLED,8,329.77,2638.16,Asia
10618,2025-02-02,Beauty Products,Dyson Supersonic Hair Dryer,2,414.42,828.84,North America
10619,2024-01-22,Sports,Callaway Golf Club Set,19,830.15,15772.85,South America
10620,2024-06-10,Home Appliances,Blueair Classic 480i,14,620.04,8680.56,Asia
10621,2024-09-22,Electronics,Canon EOS R10 Camera,17,1020.65,17351.05,Europe
10622,2025-01-31,Clothing,Adidas Ultraboost Shoes,3,188.25,564.75,Asia
10623,2024-12-05,Books,The Hobbit,3,15.89,47.67,Oceania
10624,2025-06-29,Books,"Salt, Fat, Acid, Heat by Samin Nosrat",12,32.00,384.00,Europe
10625,2024-04-23,Sports,Fitbit Charge 6,11,147.55,1623.05,Europe
10626,2024-08-24,Books,"Salt, Fat, Acid, Heat by Samin Nosrat",14,35.21,492.94,North America
10627,2025-06-05,Electronics,MacBook Pro 16-inch,2,2578.31,5156.62,South America
10628,2024-01-30,Books,Sapiens,6,24.70,148.20,Asia
10629,2024-01-06,Home Appliances,Samsung Smart Refrigerator,15,1959.47,29392.05,Asia
10630,2024-03-10,Books,Deep Work,16,17.37,277.92,Asia
10631,2025-03-03,Beauty Products,Clinique Moisture Surge,7,41.12,287.84,Europe
10632,2025-05-29,Beauty Products,MAC Lipstick Collection,4,81.06,324.24,Middle East
10633,2025-08-16,Clothing,Levi's 501 Jeans,20,74.77,1495.40,South America
10634,2024-07-06,Sports,Spalding Volleyball,19,36.32,690.08,Oceania
10635,2025-07-06,Books,The Psychology of Money,20,17.54,350.80,South America
10636,2024-04-29,Home Appliances,Instant Pot Duo 7-in-1,12,136.08,1632.96,Africa
10637,2024-05-19,Electronics,iPhone 14 Pro,9,989.24,8903.16,Oceania
10638,2025-08-19,Beauty Products,L'Oreal Revitalift Cream,18,27.17,489.06,Oceania
10639,2024-11-04,Beauty Products,Dyson Supersonic Hair Dryer,14,455.02,6370.28,Africa
10640,2024-11-12,Clothing,Columbia Rain Jacket,2,124.89,249.78,Africa
10641,2025-08-31,Books,The Psychology of Money,10,16.24,162.40,South America
10642,2024-05-04,Clothing,North Face Down Jacket,4,253.45,1013.80,North America
10643,2024-06-12,Books,Sapiens,8,25.16,201.28,Asia
10644,2025-12-07,Clothing,Adidas Ultraboost Shoes,12,175.20,2102.40,Africa
10645,2024-06-04,Electronics,Sony WH-1000XM5 Headphones,16,363.79,5820.64,Oceania
10646,2024-04-25,Books,Sapiens,3,26.11,78.33,Asia
10647,2025-12-25,Clothing,Levi's 501 Jeans,9,76.41,687.69,Africa
10648,2024-11-04,Sports,Hydro Flask Sports Bottle,16,41.54,664.64,Africa
10649,2024-11-04,Electronics,Apple Watch Series 9,6,469.15,2814.90,South America
10650,2025-09-17,Books,"Salt, Fat, Acid, Heat by Samin Nosrat",10,33.43,334.30,North America
10651,2025-05-29,Sports,Spalding Volleyball,1,34.65,34.65,Africa
10652,2025-12-07,Sports,Spalding Volleyball,10,33.86,338.60,Europe
10653,2025-04-04,Beauty Products,Dyson Supersonic Hair Dryer,18,443.83,7988.94,Middle East
10654,2024-11-17,Clothing,Columbia Rain Jacket,5,120.45,602.25,Middle East
10655,2025-11-22,Clothing,Levi's 501 Jeans,9,76.63,689.67,Oceania
10656,2025-03-18,Clothing,Nike Air Force 1,19,88.88,1688.72,Oceania
10657,2024-03-07,Electronics,Sony WH-1000XM5 Headphones,7,382.93,2680.51,Africa
10658,2025-10-16,Electronics,Canon EOS R10 Camera,5,1037.65,5188.25,Asia
10659,2025-06-23,Beauty Products,CeraVe Hydrating Cleanser,20,19.46,389.20,Europe
10660,2024-03-25,Books,The Alchemist,4,13.64,54.56,Asia
10661,2024-02-27,Home Appliances,Blueair Classic 480i,1,571.39,571.39,North America
10662,2025-06-05,Electronics,Garmin Forerunner 945,11,531.52,5846.72,Europe
10663,2025-03-30,Books,The Alchemist,15,12.64,189.60,North America
10664,2024-04-25,Electronics,Dell XPS 13 Laptop,2,1217.37,2434.74,Middle East
10665,2024-05-05,Beauty Products,Clinique Moisture Surge,15,48.78,731.70,Europe
10666,2025-04-13,Books,The Psychology of Money,17,18.11,307.87,Africa
10667,2024-05-18,Electronics,iPhone 14 Pro,3,902.55,2707.65,North America
10668,2025-11-23,Electronics,MacBook Pro 16-inch,7,2316.75,16217.25,Africa
10669,2025-12-18,Sports,Adidas FIFA Soccer Ball,2,39.43,78.86,Oceania
10670,2024-01-23,Clothing,Vans Old Skool Sneakers,16,73.30,1172.80,South America
10671,2025-12-09,Books,Sapiens,6,26.89,161.34,Africa
10672,2025-04-18,Sports,Spalding Volleyball,6,31.75,190.50,Europe
10673,2025-10-28,Clothing,Adidas Ultraboost Shoes,7,206.61,1446.27,North America
10674,2025-07-30,Books,Dune by Frank Herbert,17,26.27,446.59,Europe
10675,2024-07-28,Clothing,Adidas Ultraboost Shoes,7,187.84,1314.88,Oceania
10676,2024-09-23,Electronics,iPhone 14 Pro,3,1080.30,3240.90,North America
10677,2024-01-07,Home Appliances,Dyson V11 Vacuum,13,488.34,6348.42,Asia
10678,2025-01-15,Electronics,MacBook Pro 16-inch,1,2573.74,2573.74,Europe
10679,2025-10-09,Beauty Products,CeraVe Hydrating Cleanser,5,19.17,95.85,Europe
10680,2025-09-05,Electronics,Canon EOS R10 Camera,2,899.54,1799.08,Asia
10681,2024-12-22,Clothing,Vans Old Skool Sneakers,14,73.01,1022.14,Asia
10682,2024-04-10,Clothing,North Face Down Jacket,9,253.65,2282.85,South America
10683,2025-08-02,Sports,Everlast Boxing Gloves,4,46.21,184.84,Middle East
10684,2025-02-12,Sports,Fitbit Charge 6,6,145.40,872.40,South America
10685,2025-12-08,Clothing,Calvin Klein Slim Fit Shirt,18,85.39,1537.02,South America
10686,2024-11-28,Books,Dune by Frank Herbert,13,28.52,370.76,Middle East
10687,2025-03-20,Home Appliances,Ninja Professional Blender,19,92.77,1762.63,Europe
10688,2025-03-08,Electronics,iPhone 14 Pro,2,933.91,1867.82,Europe
10689,2025-11-10,Sports,Hydro Flask Sports Bottle,6,43.97,263.82,Europe
10690,2025-05-04,Home Appliances,Blueair Classic 480i,9,569.62,5126.58,Oceania
10691,2024-08-26,Home Appliances,LG Front Load Washer,16,941.35,15061.60,South America
10692,2024-07-05,Electronics,iPhone 14 Pro,18,1090.21,19623.78,South America
10693,2025-05-12,Sports,Bowflex Adjustable Dumbbells,15,450.74,6761.10,Africa
10694,2024-12-02,Beauty Products,MAC Lipstick Collection,13,73.94,961.22,Africa
10695,2024-09-09,Sports,Bowflex Adjustable Dumbbells,7,391.53,2740.71,Oceania
10696,2025-08-25,Clothing,Columbia Rain Jacket,5,142.65,713.25,Middle East
10697,2025-01-18,Electronics,Samsung Galaxy Tab S8,4,736.60,2946.40,Asia
10698,2025-01-22,Sports,Manduka PRO Yoga Mat,18,123.20,2217.60,Europe
10699,2024-03-12,Electronics,Samsung Galaxy Tab S8,11,809.09,8899.99,Asia
10700,2024-07-20,Home Appliances,Blueair Classic 480i,14,643.04,9002.56,North America
10701,2024-01-28,Electronics,MacBook Pro 16-inch,4,2728.10,10912.40,Middle East
10702,2025-03-06,Electronics,Apple Watch Series 9,18,409.83,7376.94,Europe
10703,2024-02-21,Clothing,Calvin Klein Slim Fit Shirt,9,92.40,831.60,Africa
10704,2025-11-04,Clothing,Vans Old Skool Sneakers,2,80.33,160.66,South America
10705,2025-02-15,Clothing,Levi's 501 Jeans,20,70.49,1409.80,Middle East
10706,2024-10-08,Beauty Products,L'Oreal Revitalift Cream,8,30.82,246.56,Africa
10707,2025-04-16,Clothing,Patagonia Fleece Jacket,3,192.68,578.04,North America
10708,2025-02-23,Beauty Products,Neutrogena Skincare Set,16,81.43,1302.88,Oceania
10709,2024-11-29,Clothing,Vans Old Skool Sneakers,18,76.18,1371.24,Oceania
10710,2024-12-15,Beauty Products,Dyson Supersonic Hair Dryer,2,468.24,936.48,Europe
10711,2024-01-17,Electronics,Sony WH-1000XM5 Headphones,19,365.01,6935.19,Africa
10712,2025-10-17,Electronics,Dell XPS 13 Laptop,8,1257.94,10063.52,Middle East
10713,2024-04-08,Electronics,Samsung Galaxy Tab S8,19,690.58,13121.02,Africa
10714,2024-03-17,Books,The Hobbit,5,13.67,68.35,South America
10715,2024-03-08,Sports,Callaway Golf Club Set,13,904.90,11763.70,South America
10716,2025-01-25,Electronics,Garmin Forerunner 945,10,453.26,4532.60,Asia
10717,2024-07-05,Books,The Psychology of Money,4,17.50,70.00,Europe
10718,2025-12-10,Beauty Products,Clinique Moisture Surge,15,40.70,610.50,South America
10719,2025-06-30,Home Appliances,Samsung Smart Refrigerator,11,1853.65,20390.15,Middle East
10720,2024-02-21,Sports,Wilson Evolution Basketball,2,27.66,55.32,North America
10721,2025-03-15,Electronics,Nintendo Switch OLED,15,337.63,5064.45,South America
10722,2024-03-28,Electronics,Canon EOS R10 Camera,1,1030.25,1030.25,Oceania
10723,2025-12-04,Electronics,Samsung Galaxy Tab S8,12,778.41,9340.92,Asia
10724,2025-10-22,Beauty Products,Chanel No. 5 Perfume,1,119.49,119.49,South America
10725,2025-06-07,Books,Dune by Frank Herbert,15,24.27,364.05,Europe
10726,2024-08-12,Sports,Bowflex Adjustable Dumbbells,19,456.64,8676.16,Europe
10727,2024-12-09,Beauty Products,Neutrogena Skincare Set,9,87.72,789.48,Africa
10728,2024-08-23,Sports,Adidas FIFA Soccer Ball,3,42.28,126.84,North America
10729,2025-10-16,Home Appliances,iRobot Roomba j7,1,585.64,585.64,Middle East
10730,2025-05-19,Sports,Manduka PRO Yoga Mat,14,114.42,1601.88,Europe
10731,2024-10-19,Electronics,Nintendo Switch OLED,4,351.56,1406.24,Africa
10732,2025-01-10,Clothing,Adidas Ultraboost Shoes,13,172.38,2240.94,Asia
10733,2025-09-11,Books,Dune by Frank Herbert,7,24.31,170.17,Europe
10734,2024-11-01,Beauty Products,Olaplex Hair Repair Set,12,64.69,776.28,Oceania
10735,2024-12-22,Books,Clean Code,19,40.65,772.35,Middle East
10736,2025-03-10,Electronics,Canon EOS R10 Camera,19,935.80,17780.20,Europe
10737,2024-11-16,Home Appliances,Keurig K-Elite Coffee Maker,4,198.47,793.88,Asia
10738,2025-07-15,Books,"Salt, Fat, Acid, Heat by Samin Nosrat",11,35.10,386.10,Europe
10739,2025-03-05,Clothing,Levi's 501 Jeans,20,63.81,1276.20,Oceania
10740,2025-03-07,Beauty Products,CeraVe Hydrating Cleanser,2,20.63,41.26,Europe
10741,2024-12-18,Clothing,Puma Sports Hoodie,19,70.78,1344.82,South America
10742,2024-01-12,Beauty Products,Clinique Moisture Surge,11,40.88,449.68,Asia
10743,2025-11-21,Books,Atomic Habits,19,19.07,362.33,Oceania
10744,2024-10-07,Electronics,Dell XPS 13 Laptop,4,1247.43,4989.72,South America
10745,2024-01-25,Beauty Products,Chanel No. 5 Perfume,11,132.02,1452.22,Europe
10746,2024-12-05,Sports,Babolat Pure Drive Tennis Racket,2,187.51,375.02,Europe
10747,2024-04-12,Sports,Wilson Evolution Basketball,16,29.00,464.00,South America
10748,2024-06-24,Home Appliances,KitchenAid Stand Mixer,1,452.54,452.54,Europe
10749,2025-01-15,Books,Deep Work,2,17.99,35.98,Asia
10750,2024-07-14,Home Appliances,Instant Pot Duo 7-in-1,12,124.55,1494.60,Oceania
10751,2024-11-11,Home Appliances,Samsung Smart Refrigerator,17,2072.84,35238.28,Europe
10752,2025-06-20,Sports,Spalding Volleyball,5,32.26,161.30,North America
10753,2024-01-20,Clothing,Nike Air Force 1,14,95.24,1333.36,Middle East
10754,2025-03-15,Electronics,Apple Watch Series 9,15,419.53,6292.95,Europe
10755,2025-01-14,Electronics,Dell XPS 13 Laptop,5,1276.04,6380.20,North America
10756,2025-11-26,Sports,Spalding Volleyball,2,33.05,66.10,Middle East
10757,2024-03-30,Sports,Fitbit Charge 6,19,165.22,3139.18,Middle East
10758,2024-09-25,Books,The Hobbit,7,15.05,105.35,Europe
10759,2024-06-07,Beauty Products,Dyson Supersonic Hair Dryer,7,427.81,2994.67,Asia
10760,2024-02-25,Beauty Products,Maybelline Makeup Kit,18,52.39,943.02,South America
10761,2024-05-04,Clothing,North Face Down Jacket,16,241.81,3868.96,Oceania
10762,2024-10-22,Clothing,Under Armour Training Shirt,2,42.15,84.30,South America
10763,2024-03-22,Clothing,Patagonia Fleece Jacket,14,193.21,2704.94,Middle East
10764,2024-03-18,Electronics,MacBook Pro 16-inch,7,2495.79,17470.53,South America
10765,2025-12-23,Sports,Hydro Flask Sports Bottle,13,42.85,557.05,North America
10766,2024-10-19,Home Appliances,Blueair Classic 480i,16,604.41,9670.56,Middle East
10767,2024-01-05,Books,Dune by Frank Herbert,2,27.99,55.98,South America
10768,2024-05-23,Clothing,Patagonia Fleece Jacket,4,181.68,726.72,Europe
10769,2024-07-10,Books,The Alchemist,12,12.57,150.84,South America
10770,2025-08-07,Sports,Manduka PRO Yoga Mat,17,115.98,1971.66,South America
10771,2025-01-18,Beauty Products,Maybelline Makeup Kit,19,54.78,1040.82,Africa
10772,2025-10-27,Home Appliances,Keurig K-Elite Coffee Maker,5,204.31,1021.55,Africa
10773,2024-03-02,Home Appliances,Blueair Classic 480i,2,613.76,1227.52,North America
10774,2024-05-02,Sports,Babolat Pure Drive Tennis Racket,15,203.28,3049.20,North America
10775,2025-10-27,Sports,Manduka PRO Yoga Mat,15,119.65,1794.75,Europe
10776,2024-06-08,Home Appliances,Blueair Classic 480i,14,659.51,9233.14,North America
10777,2025-09-06,Clothing,Puma Sports Hoodie,14,68.96,965.44,Europe
10778,2025-08-09,Home Appliances,iRobot Roomba j7,19,659.71,12534.49,Oceania
10779,2025-02-14,Beauty Products,Maybelline Makeup Kit,19,48.81,927.39,Europe
10780,2025-10-18,Sports,Fitbit Charge 6,5,173.53,867.65,North America
10781,2025-02-05,Clothing,Columbia Rain Jacket,9,131.31,1181.79,Europe
10782,2024-01-26,Beauty Products,Olaplex Hair Repair Set,9,61.65,554.85,South America
10783,2025-12-01,Home Appliances,KitchenAid Stand Mixer,13,413.98,5381.74,Middle East
10784,2025-12-15,Home Appliances,LG Front Load Washer,17,913.04,15521.68,Middle East
10785,2025-05-21,Books,The Psychology of Money,19,18.77,356.63,Oceania
10786,2025-09-05,Electronics,Canon EOS R10 Camera,3,922.14,2766.42,South America
10787,2025-01-11,Sports,Callaway Golf Club Set,19,951.16,18072.04,Asia
10788,2025-11-12,Beauty Products,Olaplex Hair Repair Set,8,58.80,470.40,Middle East
10789,2025-11-29,Books,The Alchemist,2,11.82,23.64,Europe
10790,2025-10-20,Electronics,Canon EOS R10 Camera,8,1008.09,8064.72,Europe
10791,2025-12-07,Beauty Products,Olaplex Hair Repair Set,10,60.13,601.30,South America
10792,2025-04-19,Books,The Alchemist,4,13.45,53.80,Africa
10793,2025-12-09,Sports,Babolat Pure Drive Tennis Racket,5,181.21,906.05,Asia
10794,2024-02-04,Sports,Callaway Golf Club Set,3,920.99,2762.97,North America
10795,2024-03-07,Electronics,iPhone 14 Pro,1,965.58,965.58,South America
10796,2025-04-20,Clothing,Patagonia Fleece Jacket,1,163.54,163.54,Europe
10797,2024-07-22,Electronics,Sony WH-1000XM5 Headphones,5,408.04,2040.20,North America
10798,2024-01-06,Sports,Hydro Flask Sports Bottle,6,43.14,258.84,North America
10799,2025-03-26,Electronics,Nintendo Switch OLED,1,336.68,336.68,Europe
10800,2024-02-01,Books,The Psychology of Money,10,17.21,172.10,Middle East
10801,2025-11-06,Beauty Products,Olaplex Hair Repair Set,1,59.82,59.82,North America
10802,2024-02-22,Beauty Products,Olaplex Hair Repair Set,9,58.76,528.84,Oceania
10803,2025-05-26,Beauty Products,CeraVe Hydrating Cleanser,4,19.07,76.28,Europe
10804,2025-02-02,Clothing,Adidas Ultraboost Shoes,4,181.29,725.16,South America
10805,2025-02-03,Electronics,MacBook Pro 16-inch,11,2401.62,26417.82,North America
10806,2025-01-12,Sports,Manduka PRO Yoga Mat,3,127.06,381.18,Asia
10807,2025-01-29,Sports,Callaway Golf Club Set,1,876.48,876.48,Europe
10808,2024-12-27,Clothing,Calvin Klein Slim Fit Shirt,19,83.79,1592.01,North America
10809,2024-02-08,Clothing,North Face Down Jacket,2,238.52,477.04,Africa
10810,2024-09-13,Books,Deep Work,1,17.38,17.38,North America
10811,2025-01-26,Home Appliances,LG Front Load Washer,4,933.68,3734.72,Europe
10812,2024-12-04,Books,The Alchemist,20,12.89,257.80,Middle East
10813,2024-06-25,Beauty Products,L'Oreal Revitalift Cream,17,29.24,497.08,Europe
10814,2024-01-12,Electronics,MacBook Pro 16-inch,13,2487.17,32333.21,Africa
10815,2024-10-08,Sports,Fitbit Charge 6,18,152.28,2741.04,North America
10816,2024-03-06,Sports,Fitbit Charge 6,17,174.67,2969.39,Europe
10817,2025-05-07,Beauty Products,Olaplex Hair Repair Set,19,62.88,1194.72,North America
10818,2024-05-10,Home Appliances,Dyson V11 Vacuum,15,478.10,7171.50,Africa
10819,2024-06-21,Beauty Products,Chanel No. 5 Perfume,20,129.70,2594.00,Europe
10820,2025-02-12,Electronics,iPhone 14 Pro,1,1045.83,1045.83,Europe
10821,2025-01-03,Books,The Hobbit,20,16.15,323.00,Oceania
10822,2024-09-03,Books,The Hobbit,18,14.41,259.38,Middle East
10823,2024-07-22,Sports,Fitbit Charge 6,3,162.04,486.12,Asia
10824,2025-04-16,Home Appliances,Instant Pot Duo 7-in-1,17,119.74,2035.58,South America
10825,2024-05-03,Books,The Alchemist,11,12.21,134.31,North America
10826,2024-03-08,Home Appliances,iRobot Roomba j7,13,702.57,9133.41,Europe
10827,2024-09-08,Books,Sapiens,20,25.18,503.60,North America
10828,2025-06-29,Clothing,Levi's 501 Jeans,4,74.45,297.80,Oceania
10829,2024-04-05,Clothing,Calvin Klein Slim Fit Shirt,14,94.35,1320.90,Middle East
10830,2025-11-17,Home Appliances,Instant Pot Duo 7-in-1,3,126.46,379.38,Asia
10831,2025-09-21,Clothing,Adidas Ultraboost Shoes,17,207.56,3528.52,Middle East
10832,2025-07-22,Sports,Hydro Flask Sports Bottle,2,37.69,75.38,Oceania
10833,2025-08-23,Books,The Da Vinci Code,14,16.37,229.18,South America
10834,2024-12-12,Clothing,Nike Air Force 1,20,81.63,1632.60,Middle East
10835,2025-05-21,Home Appliances,Philips Air Fryer XXL,3,254.22,762.66,Asia
10836,2025-05-16,Home Appliances,Instant Pot Duo 7-in-1,8,139.03,1112.24,South America
10837,2024-08-23,Beauty Products,The Ordinary Serum Set,20,39.13,782.60,Middle East
10838,2024-12-27,Sports,Everlast Boxing Gloves,14,49.68,695.52,South America
10839,2024-03-25,Sports,Fitbit Charge 6,9,148.17,1333.53,Asia
10840,2024-01-02,Electronics,Dell XPS 13 Laptop,16,1392.61,22281.76,Europe
10841,2024-10-04,Clothing,Levi's 501 Jeans,18,64.22,1155.96,Africa
10842,2025-12-06,Sports,Bowflex Adjustable Dumbbells,1,429.64,429.64,Africa
10843,2024-12-29,Home Appliances,iRobot Roomba j7,5,614.98,3074.90,North America
10844,2024-11-01,Electronics,Garmin Forerunner 945,3,499.98,1499.94,North America
10845,2025-02-17,Beauty Products,Neutrogena Skincare Set,12,89.71,1076.52,Europe
10846,2025-01-08,Sports,Spalding Volleyball,4,35.52,142.08,Middle East
10847,2024-09-16,Books,The Alchemist,7,12.00,84.00,Africa
10848,2025-06-26,Sports,Everlast Boxing Gloves,12,45.03,540.36,Oceania
10849,2025-03-07,Home Appliances,Instant Pot Duo 7-in-1,6,139.82,838.92,North America
10850,2025-04-19,Clothing,Levi's 501 Jeans,11,67.23,739.53,Africa
10851,2024-06-22,Books,Atomic Habits,12,20.49,245.88,Africa
10852,2024-10-02,Sports,Callaway Golf Club Set,14,847.72,11868.08,South America
10853,2024-06-27,Electronics,MacBook Pro 16-inch,15,2586.13,38791.95,Asia
10854,2024-08-09,Beauty Products,Dyson Supersonic Hair Dryer,14,402.06,5628.84,North America
10855,2025-05-08,Electronics,Samsung Galaxy Tab S8,16,746.20,11939.20,Middle East
10856,2025-05-11,Clothing,Puma Sports Hoodie,14,79.10,1107.40,North America
10857,2025-02-17,Home Appliances,Keurig K-Elite Coffee Maker,20,176.98,3539.60,Middle East
10858,2024-08-12,Books,Deep Work,2,19.09,38.18,Asia
10859,2025-01-22,Home Appliances,Samsung Smart Refrigerator,6,1745.38,10472.28,Europe
10860,2025-12-10,Electronics,Dell XPS 13 Laptop,11,1237.37,13611.07,Middle East
10861,2024-09-07,Sports,Fitbit Charge 6,1,167.49,167.49,North America
10862,2025-06-21,Sports,Manduka PRO Yoga Mat,6,126.78,760.68,Middle East
10863,2025-06-05,Sports,Manduka PRO Yoga Mat,7,112.49,787.43,Middle East
10864,2025-03-06,Clothing,Columbia Rain Jacket,14,125.42,1755.88,North America
10865,2024-06-26,Clothing,Puma Sports Hoodie,8,78.53,628.24,Europe
10866,2024-12-10,Home Appliances,LG Front Load Washer,8,826.99,6615.92,South America
10867,2025-11-18,Electronics,Samsung Galaxy Tab S8,10,771.86,7718.60,North America
10868,2025-03-19,Home Appliances,iRobot Roomba j7,9,612.64,5513.76,Middle East
10869,2025-01-01,Electronics,Sony WH-1000XM5 Headphones,9,385.42,3468.78,Asia
10870,2025-04-28,Clothing,Adidas Ultraboost Shoes,7,207.49,1452.43,Africa
10871,2024-03-23,Home Appliances,Ninja Professional Blender,6,100.29,601.74,South America
10872,2024-04-02,Books,Clean Code,10,42.33,423.30,Africa
10873,2025-03-23,Clothing,Levi's 501 Jeans,3,65.44,196.32,Africa
10874,2024-08-15,Home Appliances,Keurig K-Elite Coffee Maker,6,203.83,1222.98,Europe
10875,2024-10-24,Beauty Products,The Ordinary Serum Set,2,39.65,79.30,Middle East
10876,2024-07-02,Home Appliances,Dyson V11 Vacuum,9,537.72,4839.48,Oceania
10877,2024-11-20,Sports,Bowflex Adjustable Dumbbells,6,406.52,2439.12,North America
10878,2024-08-03,Home Appliances,LG Front Load Washer,19,812.26,15432.94,Africa
10879,2024-04-19,Clothing,Columbia Rain Jacket,9,128.47,1156.23,North America
10880,2025-04-07,Beauty Products,L'Oreal Revitalift Cream,12,28.50,342.00,South America
10881,2024-01-04,Beauty Products,CeraVe Hydrating Cleanser,20,19.30,386.00,North America
10882,2025-03-04,Beauty Products,L'Oreal Revitalift Cream,4,32.61,130.44,Europe
10883,2024-03-11,Clothing,Nike Air Force 1,7,97.84,684.88,North America
10884,2025-08-30,Books,Sapiens,12,25.69,308.28,Asia
10885,2024-11-20,Clothing,Under Armour Training Shirt,2,38.36,76.72,Africa
10886,2024-02-19,Beauty Products,Olaplex Hair Repair Set,3,59.74,179.22,Africa
10887,2024-10-08,Clothing,Levi's 501 Jeans,9,75.54,679.86,Africa
10888,2024-07-18,Clothing,Under Armour Training Shirt,2,43.37,86.74,Europe
10889,2025-07-15,Clothing,North Face Down Jacket,14,250.08,3501.12,Middle East
10890,2025-06-15,Books,Atomic Habits,12,18.95,227.40,Oceania
10891,2025-08-29,Books,Dune by Frank Herbert,15,28.03,420.45,Africa
10892,2024-07-02,Electronics,Samsung Galaxy Tab S8,11,682.89,7511.79,Oceania
10893,2025-06-23,Books,The Da Vinci Code,6,14.67,88.02,South America
10894,2024-10-26,Home Appliances,Blueair Classic 480i,3,552.95,1658.85,Europe
10895,2024-08-04,Clothing,Puma Sports Hoodie,20,80.01,1600.20,Oceania
10896,2024-08-16,Clothing,Patagonia Fleece Jacket,20,186.27,3725.40,North America
10897,2024-05-02,Beauty Products,Chanel No. 5 Perfume,14,124.59,1744.26,South America
10898,2025-03-23,Home Appliances,Dyson V11 Vacuum,18,489.68,8814.24,Europe
10899,2024-01-23,Home Appliances,Keurig K-Elite Coffee Maker,19,197.63,3754.97,Europe
10900,2024-06-04,Clothing,Puma Sports Hoodie,13,72.50,942.50,South America
10901,2025-05-25,Books,The Da Vinci Code,11,14.43,158.73,Oceania
10902,2025-06-04,Books,"Salt, Fat, Acid, Heat by Samin Nosrat",1,36.23,36.23,South America
10903,2025-07-08,Beauty Products,Chanel No. 5 Perfume,10,119.61,1196.10,Oceania
10904,2024-10-21,Home Appliances,Keurig K-Elite Coffee Maker,12,203.16,2437.92,North America
10905,2025-09-25,Sports,Spalding Volleyball,17,33.16,563.72,South America
10906,2025-04-30,Books,Atomic Habits,7,21.98,153.86,Oceania
10907,2024-05-01,Sports,Fitbit Charge 6,18,170.26,3064.68,Middle East
10908,2024-03-15,Books,The Psychology of Money,18,19.00,342.00,Oceania
10909,2024-10-08,Electronics,Canon EOS R10 Camera,13,1024.65,13320.45,Middle East
10910,2025-03-15,Electronics,Garmin Forerunner 945,10,465.89,4658.90,Asia
10911,2025-04-15,Books,Deep Work,9,17.56,158.04,Asia
10912,2024-10-15,Clothing,Columbia Rain Jacket,16,120.37,1925.92,Europe
10913,2025-03-25,Clothing,Vans Old Skool Sneakers,13,86.26,1121.38,Asia
10914,2024-08-09,Sports,Spalding Volleyball,15,34.15,512.25,South America
10915,2025-01-31,Clothing,Puma Sports Hoodie,17,75.88,1289.96,North America
10916,2025-12-09,Home Appliances,Ninja Professional Blender,19,105.75,2009.25,Europe
10917,2025-05-21,Sports,Babolat Pure Drive Tennis Racket,18,205.74,3703.32,Asia
10918,2024-09-10,Home Appliances,LG Front Load Washer,10,861.31,8613.10,Europe
10919,2025-11-04,Clothing,Adidas Ultraboost Shoes,7,208.56,1459.92,Africa
10920,2024-06-26,Clothing,Adidas Ultraboost Shoes,1,180.31,180.31,Europe
10921,2025-01-06,Beauty Products,L'Oreal Revitalift Cream,4,32.00,128.00,Asia
10922,2024-01-28,Home Appliances,LG Front Load Washer,16,958.86,15341.76,Middle East
10923,2025-03-29,Home Appliances,Dyson V11 Vacuum,16,462.33,7397.28,North America
10924,2024-05-22,Sports,Adidas FIFA Soccer Ball,13,43.77,569.01,South America
10925,2024-05-03,Books,The Da Vinci Code,7,16.87,118.09,Middle East
10926,2024-11-10,Clothing,Under Armour Training Shirt,3,41.96,125.88,Oceania
10927,2025-02-27,Sports,Everlast Boxing Gloves,14,49.16,688.24,Europe
10928,2024-11-20,Electronics,Dell XPS 13 Laptop,12,1373.17,16478.04,Oceania
10929,2024-09-30,Home Appliances,Samsung Smart Refrigerator,7,1837.85,12864.95,Africa
10930,2024-12-28,Home Appliances,Samsung Smart Refrigerator,10,1723.70,17237.00,Africa
10931,2024-02-13,Books,"Salt, Fat, Acid, Heat by Samin Nosrat",4,34.07,136.28,Europe
10932,2024-08-12,Clothing,Vans Old Skool Sneakers,16,83.65,1338.40,Oceania
10933,2024-01-27,Home Appliances,Philips Air Fryer XXL,10,244.65,2446.50,Oceania
10934,2025-03-11,Home Appliances,Keurig K-Elite Coffee Maker,4,172.30,689.20,South America
10935,2024-09-03,Beauty Products,The Ordinary Serum Set,11,43.74,481.14,Oceania
10936,2024-08-05,Beauty Products,The Ordinary Serum Set,17,40.61,690.37,Europe
10937,2024-10-29,Electronics,iPhone 14 Pro,17,1007.30,17124.10,Africa
10938,2025-12-19,Home Appliances,Keurig K-Elite Coffee Maker,11,200.91,2210.01,Europe
10939,2025-04-04,Sports,Everlast Boxing Gloves,20,47.39,947.80,Oceania
10940,2025-01-25,Clothing,Puma Sports Hoodie,19,69.21,1314.99,Asia
10941,2025-08-28,Sports,Bowflex Adjustable Dumbbells,5,415.51,2077.55,Africa
10942,2025-11-21,Home Appliances,Keurig K-Elite Coffee Maker,9,200.65,1805.85,Oceania
10943,2024-07-27,Books,Atomic Habits,3,20.22,60.66,Oceania
10944,2025-04-30,Clothing,Vans Old Skool Sneakers,13,82.45,1071.85,Middle East
10945,2025-11-29,Beauty Products,L'Oreal Revitalift Cream,6,28.67,172.02,North America
10946,2025-01-04,Clothing,Calvin Klein Slim Fit Shirt,17,93.40,1587.80,Middle East
10947,2025-08-30,Beauty Products,Chanel No. 5 Perfume,20,142.35,2847.00,Middle East
10948,2024-09-13,Books,Atomic Habits,16,21.86,349.76,Asia
10949,2024-10-11,Electronics,Samsung Galaxy Tab S8,15,695.17,10427.55,Middle East
10950,2024-06-10,Sports,Callaway Golf Club Set,5,876.46,4382.30,Oceania
10951,2024-11-03,Clothing,Patagonia Fleece Jacket,8,168.88,1351.04,Europe
10952,2024-11-09,Clothing,Columbia Rain Jacket,14,121.78,1704.92,Oceania
10953,2025-03-30,Books,Atomic Habits,7,19.76,138.32,Europe
10954,2025-10-25,Beauty Products,Dyson Supersonic Hair Dryer,14,391.75,5484.50,Africa
10955,2025-09-15,Home Appliances,Keurig K-Elite Coffee Maker,11,192.01,2112.11,Africa
10956,2025-08-07,Clothing,Nike Air Force 1,11,84.88,933.68,Africa
10957,2025-02-12,Sports,Manduka PRO Yoga Mat,17,118.21,2009.57,Middle East
10958,2024-10-02,Books,The Psychology of Money,6,19.49,116.94,Africa
10959,2025-09-22,Beauty Products,L'Oreal Revitalift Cream,6,30.47,182.82,Africa
10960,2025-09-23,Sports,Spalding Volleyball,8,37.60,300.80,Africa
10961,2024-01-22,Home Appliances,Samsung Smart Refrigerator,14,1774.90,24848.60,Middle East
10962,2024-06-21,Electronics,MacBook Pro 16-inch,5,2555.69,12778.45,Middle East
10963,2024-05-07,Electronics,iPhone 14 Pro,5,1021.82,5109.10,Asia
10964,2025-03-26,Beauty Products,Chanel No. 5 Perfume,11,124.77,1372.47,Africa
10965,2024-12-11,Clothing,Levi's 501 Jeans,10,65.32,653.20,Oceania
10966,2025-08-17,Electronics,Garmin Forerunner 945,15,496.45,7446.75,Europe
10967,2024-11-13,Beauty Products,Clinique Moisture Surge,8,45.81,366.48,South America
10968,2024-05-18,Sports,Spalding Volleyball,3,38.25,114.75,Oceania
10969,2024-01-23,Electronics,Samsung Galaxy Tab S8,15,693.54,10403.10,Europe
10970,2024-03-02,Beauty Products,L'Oreal Revitalift Cream,14,30.09,421.26,South America
10971,2024-03-15,Clothing,Levi's 501 Jeans,10,63.17,631.70,Asia
10972,2024-06-07,Electronics,Nintendo Switch OLED,15,325.11,4876.65,South America
10973,2024-03-30,Clothing,Levi's 501 Jeans,14,72.85,1019.90,Asia
10974,2025-03-15,Home Appliances,Dyson V11 Vacuum,8,499.30,3994.40,Middle East
10975,2025-04-09,Beauty Products,L'Oreal Revitalift Cream,11,28.28,311.08,North America
10976,2025-12-26,Electronics,Dell XPS 13 Laptop,19,1300.13,24702.47,North America
10977,2025-04-02,Home Appliances,Instant Pot Duo 7-in-1,3,129.78,389.34,South America
10978,2024-10-30,Electronics,Garmin Forerunner 945,14,535.67,7499.38,South America
10979,2024-08-22,Clothing,Patagonia Fleece Jacket,8,166.98,1335.84,Africa
10980,2025-10-17,Books,The Da Vinci Code,7,14.56,101.92,Middle East
10981,2024-03-11,Sports,Bowflex Adjustable Dumbbells,15,420.83,6312.45,Oceania
10982,2024-02-18,Home Appliances,Ninja Professional Blender,15,97.34,1460.10,Europe
10983,2024-09-06,Books,The Alchemist,19,12.92,245.48,South America
10984,2024-04-19,Beauty Products,Maybelline Makeup Kit,5,47.73,238.65,North America
10985,2025-04-02,Home Appliances,Keurig K-Elite Coffee Maker,9,190.27,1712.43,Oceania
10986,2024-03-13,Clothing,Levi's 501 Jeans,15,70.27,1054.05,South America
10987,2024-03-17,Clothing,North Face Down Jacket,10,229.73,2297.30,Oceania
10988,2025-08-20,Clothing,Under Armour Training Shirt,17,43.03,731.51,Asia
10989,2025-09-30,Beauty Products,Dyson Supersonic Hair Dryer,12,417.82,5013.84,North America
10990,2025-02-08,Clothing,Adidas Ultraboost Shoes,15,178.80,2682.00,Oceania
10991,2024-12-20,Clothing,Levi's 501 Jeans,1,64.94,64.94,North America
10992,2025-03-09,Beauty Products,L'Oreal Revitalift Cream,10,32.33,323.30,Middle East
10993,2024-03-31,Sports,Spalding Volleyball,9,32.17,289.53,South America
10994,2024-09-09,Beauty Products,Clinique Moisture Surge,10,41.12,411.20,Oceania
10995,2024-04-19,Electronics,Dell XPS 13 Laptop,1,1201.55,1201.55,Middle East
10996,2024-12-06,Electronics,Sony WH-1000XM5 Headphones,4,417.91,1671.64,Asia
10997,2025-09-16,Clothing,Patagonia Fleece Jacket,2,191.29,382.58,Europe
10998,2024-03-13,Clothing,Patagonia Fleece Jacket,10,167.90,1679.00,Europe
10999,2025-12-29,Home Appliances,Samsung Smart Refrigerator,20,2010.19,40203.80,North America
11000,2025-08-03,Books,The Alchemist,7,13.63,95.41,North America
11001,2024-11-05,Sports,Everlast Boxing Gloves,8,50.84,406.72,Asia
11002,2025-11-22,Clothing,Calvin Klein Slim Fit Shirt,18,97.63,1757.34,South America
11003,2024-03-07,Beauty Products,Maybelline Makeup Kit,15,54.72,820.80,Middle East
11004,2025-05-15,Beauty Products,MAC Lipstick Collection,12,86.53,1038.36,Europe
11005,2024-11-04,Books,The Da Vinci Code,6,17.40,104.40,Asia
11006,2025-12-24,Clothing,Puma Sports Hoodie,8,78.54,628.32,Europe
11007,2024-11-18,Clothing,Nike Air Force 1,12,87.57,1050.84,Asia
11008,2024-02-14,Electronics,Sony WH-1000XM5 Headphones,20,390.34,7806.80,Oceania
11009,2024-12-13,Home Appliances,Philips Air Fryer XXL,15,268.65,4029.75,Middle East
11010,2025-06-29,Clothing,Nike Air Force 1,12,82.29,987.48,Middle East
11011,2025-12-29,Sports,Spalding Volleyball,9,34.79,313.11,South America
11012,2024-10-24,Books,Clean Code,17,38.77,659.09,Oceania
11013,2024-11-08,Beauty Products,CeraVe Hydrating Cleanser,5,17.66,88.30,Middle East
11014,2024-02-20,Books,Deep Work,12,17.54,210.48,Middle East
11015,2025-06-04,Beauty Products,CeraVe Hydrating Cleanser,12,17.19,206.28,Europe
11016,2025-01-17,Books,"Salt, Fat, Acid, Heat by Samin Nosrat",8,33.01,264.08,South America
11017,2024-11-05,Sports,Adidas FIFA Soccer Ball,12,38.79,465.48,South America
11018,2024-09-12,Clothing,Adidas Ultraboost Shoes,4,175.84,703.36,Oceania
11019,2024-05-03,Clothing,Columbia Rain Jacket,20,140.83,2816.60,South America
11020,2025-09-17,Home Appliances,Keurig K-Elite Coffee Maker,19,208.49,3961.31,Asia
11021,2025-03-15,Sports,Spalding Volleyball,19,34.64,658.16,Europe
11022,2025-07-31,Books,The Hobbit,12,14.37,172.44,Middle East
11023,2024-07-07,Home Appliances,Keurig K-Elite Coffee Maker,12,187.45,2249.40,Asia
11024,2025-08-08,Home Appliances,Blueair Classic 480i,17,593.39,10087.63,Middle East
11025,2025-07-27,Books,The Da Vinci Code,3,17.31,51.93,Oceania
11026,2025-05-22,Clothing,Levi's 501 Jeans,5,74.83,374.15,Africa
11027,2024-09-23,Home Appliances,Ninja Professional Blender,11,92.09,1012.99,Asia
11028,2025-07-03,Books,The Alchemist,15,12.43,186.45,Middle East
11029,2024-10-26,Books,The Hobbit,1,13.64,13.64,Africa
11030,2025-04-07,Clothing,Adidas Ultraboost Shoes,19,189.22,3595.18,Africa
11031,2025-02-25,Sports,Hydro Flask Sports Bottle,18,36.70,660.60,Middle East
11032,2025-03-27,Electronics,Google Pixel 8 Pro,3,1026.21,3078.63,North America
11033,2024-08-20,Sports,Manduka PRO Yoga Mat,15,122.25,1833.75,South America
11034,2025-09-18,Electronics,Dell XPS 13 Laptop,8,1195.12,9560.96,North America
11035,2025-09-24,Home Appliances,Dyson V11 Vacuum,12,534.10,6409.20,North America
11036,2024-08-14,Books,The Alchemist,14,12.65,177.10,Middle East
11037,2025-06-25,Sports,Fitbit Charge 6,4,145.51,582.04,Asia
11038,2025-03-17,Books,"Salt, Fat, Acid, Heat by Samin Nosrat",7,31.33,219.31,Europe
11039,2024-05-12,Clothing,Columbia Rain Jacket,3,138.35,415.05,Middle East
11040,2024-11-01,Books,"Salt, Fat, Acid, Heat by Samin Nosrat",2,30.96,61.92,South America
11041,2024-01-25,Home Appliances,Keurig K-Elite Coffee Maker,11,200.52,2205.72,North America
11042,2025-03-21,Beauty Products,Clinique Moisture Surge,10,40.63,406.30,Europe
11043,2025-01-19,Electronics,Canon EOS R10 Camera,18,1021.61,18388.98,Asia
11044,2024-07-30,Home Appliances,KitchenAid Stand Mixer,5,483.72,2418.60,Oceania
11045,2025-06-23,Clothing,Vans Old Skool Sneakers,5,75.28,376.40,Asia
11046,2025-09-26,Home Appliances,Ninja Professional Blender,3,92.98,278.94,Africa
11047,2024-05-31,Books,The Da Vinci Code,3,15.01,45.03,North America
11048,2025-11-11,Clothing,Columbia Rain Jacket,16,127.55,2040.80,Asia
11049,2025-06-15,Beauty Products,The Ordinary Serum Set,12,38.14,457.68,Asia
11050,2024-11-18,Electronics,Apple Watch Series 9,16,424.75,6796.00,North America
11051,2024-09-18,Clothing,Vans Old Skool Sneakers,13,83.68,1087.84,Europe
11052,2025-01-12,Electronics,Nintendo Switch OLED,2,384.81,769.62,South America
11053,2025-11-26,Clothing,Patagonia Fleece Jacket,19,178.48,3391.12,Asia
11054,2024-08-15,Sports,Manduka PRO Yoga Mat,12,118.10,1417.20,Africa
11055,2025-09-28,Electronics,Dell XPS 13 Laptop,4,1292.62,5170.48,Europe
11056,2024-06-29,Electronics,Canon EOS R10 Camera,11,968.78,10656.58,North America
11057,2025-10-31,Books,"Salt, Fat, Acid, Heat by Samin Nosrat",10,31.03,310.30,Asia
11058,2025-03-14,Sports,Fitbit Charge 6,15,152.08,2281.20,South America
11059,2024-09-03,Books,The Da Vinci Code,18,15.76,283.68,South America
11060,2024-08-20,Beauty Products,Dyson Supersonic Hair Dryer,2,413.77,827.54,South America
11061,2025-11-03,Beauty Products,Chanel No. 5 Perfume,15,129.86,1947.90,Middle East
11062,2025-04-10,Electronics,Garmin Forerunner 945,19,537.17,10206.23,Africa
11063,2025-04-27,Sports,Spalding Volleyball,5,33.26,166.30,Asia
11064,2024-10-23,Home Appliances,Philips Air Fryer XXL,14,272.68,3817.52,South America
11065,2024-11-05,Books,The Alchemist,11,12.25,134.75,Europe
11066,2024-12-03,Home Appliances,Philips Air Fryer XXL,16,232.11,3713.76,Africa
11067,2024-10-01,Sports,Manduka PRO Yoga Mat,5,127.40,637.00,Middle East
11068,2024-03-18,Clothing,Nike Air Force 1,1,84.50,84.50,Europe
11069,2024-09-29,Electronics,Canon EOS R10 Camera,2,942.20,1884.40,Europe
11070,2025-08-24,Clothing,Under Armour Training Shirt,17,37.88,643.96,Oceania
11071,2024-11-10,Home Appliances,Dyson V11 Vacuum,18,451.31,8123.58,Middle East
11072,2025-05-11,Electronics,MacBook Pro 16-inch,12,2727.37,32728.44,North America
11073,2025-03-02,Electronics,Apple Watch Series 9,12,408.31,4899.72,North America
11074,2025-02-19,Beauty Products,Dyson Supersonic Hair Dryer,18,387.64,6977.52,Africa
11075,2024-09-18,Books,The Psychology of Money,5,16.64,83.20,Europe
11076,2025-07-09,Home Appliances,Samsung Smart Refrigerator,8,2016.55,16132.40,Middle East
11077,2024-10-09,Clothing,North Face Down Jacket,8,230.33,1842.64,Africa
11078,2024-09-13,Electronics,Apple Watch Series 9,19,467.04,8873.76,Europe
11079,2024-07-02,Electronics,Canon EOS R10 Camera,8,979.43,7835.44,South America
11080,2024-12-16,Electronics,Apple Watch Series 9,4,424.66,1698.64,Asia
11081,2024-09-19,Books,The Hobbit,6,15.87,95.22,Middle East
11082,2024-12-06,Clothing,Patagonia Fleece Jacket,2,177.23,354.46,Asia
11083,2025-03-16,Sports,Fitbit Charge 6,9,167.54,1507.86,North America
11084,2025-09-22,Clothing,Vans Old Skool Sneakers,16,85.30,1364.80,Oceania
11085,2024-08-02,Home Appliances,Blueair Classic 480i,4,634.66,2538.64,Europe
11086,2025-12-13,Sports,Babolat Pure Drive Tennis Racket,5,214.35,1071.75,Asia
11087,2025-08-02,Home Appliances,iRobot Roomba j7,9,637.94,5741.46,Oceania
11088,2024-03-25,Home Appliances,Ninja Professional Blender,18,102.80,1850.40,Africa
11089,2024-08-29,Clothing,North Face Down Jacket,5,253.61,1268.05,North America
11090,2024-07-09,Books,Clean Code,16,41.87,669.92,South America
11091,2024-08-07,Beauty Products,The Ordinary Serum Set,9,37.21,334.89,Asia
11092,2025-09-23,Home Appliances,Dyson V11 Vacuum,11,474.70,5221.70,Europe
11093,2025-06-02,Clothing,Vans Old Skool Sneakers,4,82.91,331.64,North America
11094,2024-01-02,Sports,Babolat Pure Drive Tennis Racket,6,194.12,1164.72,Asia
11095,2024-06-08,Home Appliances,Samsung Smart Refrigerator,1,1878.95,1878.95,South America
11096,2024-02-26,Clothing,Puma Sports Hoodie,6,68.83,412.98,North America
11097,2024-05-08,Beauty Products,Neutrogena Skincare Set,18,84.66,1523.88,Oceania
11098,2025-06-01,Home Appliances,Keurig K-Elite Coffee Maker,8,173.37,1386.96,Oceania
11099,2025-11-13,Books,Clean Code,2,39.75,79.50,Europe
11100,2025-12-02,Clothing,Levi's 501 Jeans,4,70.56,282.24,Africa
11101,2025-01-28,Clothing,Patagonia Fleece Jacket,16,162.78,2604.48,South America
11102,2024-03-16,Sports,Hydro Flask Sports Bottle,9,36.38,327.42,Middle East
11103,2025-03-23,Beauty Products,L'Oreal Revitalift Cream,19,28.07,533.33,South America
11104,2025-01-11,Sports,Everlast Boxing Gloves,20,51.07,1021.40,Middle East
11105,2025-03-26,Books,Sapiens,15,24.64,369.60,Europe
11106,2024-07-30,Electronics,Apple Watch Series 9,1,470.77,470.77,North America
11107,2024-03-19,Books,The Psychology of Money,18,19.44,349.92,Middle East
11108,2024-11-01,Sports,Manduka PRO Yoga Mat,17,129.39,2199.63,Africa
11109,2024-03-26,Electronics,iPhone 14 Pro,12,1021.33,12255.96,Europe
11110,2025-12-29,Books,The Hobbit,15,13.54,203.10,Europe
11111,2025-10-24,Home Appliances,iRobot Roomba j7,11,690.71,7597.81,Europe
11112,2025-08-02,Sports,Babolat Pure Drive Tennis Racket,11,188.42,2072.62,Middle East
11113,2024-02-22,Books,The Psychology of Money,3,19.38,58.14,Middle East
11114,2025-03-06,Home Appliances,Philips Air Fryer XXL,3,272.92,818.76,North America
11115,2025-06-20,Home Appliances,Ninja Professional Blender,20,94.71,1894.20,North America
11116,2024-10-10,Books,Dune by Frank Herbert,4,28.55,114.20,Asia
11117,2024-04-09,Books,The Psychology of Money,9,17.85,160.65,Asia
11118,2025-12-09,Books,The Da Vinci Code,7,16.31,114.17,Middle East
11119,2025-02-14,Electronics,Apple Watch Series 9,1,433.08,433.08,North America
11120,2024-01-18,Clothing,Nike Air Force 1,19,98.34,1868.46,South America
11121,2025-07-16,Clothing,Calvin Klein Slim Fit Shirt,5,89.93,449.65,Europe
11122,2024-07-28,Beauty Products,Chanel No. 5 Perfume,9,129.26,1163.34,Oceania
11123,2025-11-04,Beauty Products,CeraVe Hydrating Cleanser,20,18.21,364.20,Oceania
11124,2025-02-10,Clothing,Under Armour Training Shirt,15,42.89,643.35,Asia
11125,2025-09-01,Beauty Products,Maybelline Makeup Kit,20,47.12,942.40,Oceania
11126,2024-11-18,Sports,Bowflex Adjustable Dumbbells,2,449.79,899.58,South America
11127,2025-11-10,Clothing,Nike Air Force 1,13,93.04,1209.52,Middle East
11128,2024-10-29,Sports,Babolat Pure Drive Tennis Racket,1,208.95,208.95,Middle East
11129,2024-04-19,Beauty Products,MAC Lipstick Collection,11,82.87,911.57,Asia
11130,2025-04-11,Beauty Products,Chanel No. 5 Perfume,4,125.58,502.32,Europe
11131,2025-12-20,Sports,Fitbit Charge 6,2,155.48,310.96,South America
11132,2024-04-30,Clothing,North Face Down Jacket,15,256.65,3849.75,Europe
11133,2024-10-16,Electronics,MacBook Pro 16-inch,14,2590.75,36270.50,Middle East
11134,2024-02-05,Sports,Callaway Golf Club Set,9,918.84,8269.56,Europe
11135,2024-11-26,Clothing,Nike Air Force 1,10,93.59,935.90,Europe
11136,2025-02-23,Electronics,Dell XPS 13 Laptop,9,1422.72,12804.48,South America
11137,2025-08-22,Electronics,Garmin Forerunner 945,7,452.69,3168.83,Oceania
11138,2024-11-17,Sports,Adidas FIFA Soccer Ball,6,43.22,259.32,South America
11139,2025-04-09,Home Appliances,Samsung Smart Refrigerator,13,1977.00,25701.00,Asia
11140,2025-07-26,Clothing,Vans Old Skool Sneakers,20,79.98,1599.60,South America
11141,2024-07-28,Books,Deep Work,4,17.53,70.12,South America
11142,2025-07-24,Sports,Bowflex Adjustable Dumbbells,5,397.60,1988.00,North America
11143,2025-08-04,Books,The Hobbit,13,15.40,200.20,Europe
11144,2024-11-09,Sports,Hydro Flask Sports Bottle,9,40.54,364.86,Europe
11145,2024-07-15,Sports,Everlast Boxing Gloves,13,51.07,663.91,Europe
11146,2025-06-24,Beauty Products,MAC Lipstick Collection,7,79.76,558.32,Europe
11147,2025-01-17,Books,Clean Code,18,37.39,673.02,Oceania
11148,2024-04-20,Home Appliances,Instant Pot Duo 7-in-1,16,124.25,1988.00,Asia
11149,2024-08-22,Electronics,Nintendo Switch OLED,2,377.66,755.32,North America
11150,2025-07-10,Home Appliances,Dyson V11 Vacuum,18,528.48,9512.64,South America
11151,2025-05-18,Electronics,Samsung Galaxy Tab S8,10,776.83,7768.30,North America
11152,2024-01-23,Clothing,North Face Down Jacket,8,258.97,2071.76,Middle East
11153,2024-03-16,Books,Dune by Frank Herbert,13,27.03,351.39,Europe
11154,2024-12-06,Books,Dune by Frank Herbert,11,24.46,269.06,South America
11155,2024-02-26,Sports,Manduka PRO Yoga Mat,15,121.77,1826.55,Asia
11156,2024-10-12,Clothing,Puma Sports Hoodie,11,74.83,823.13,Asia
11157,2024-02-24,Sports,Wilson Evolution Basketball,19,28.52,541.88,Oceania
11158,2025-12-26,Home Appliances,iRobot Roomba j7,15,605.71,9085.65,Africa
11159,2024-09-24,Sports,Callaway Golf Club Set,7,986.47,6905.29,Africa
11160,2025-05-04,Books,Dune by Frank Herbert,12,23.63,283.56,Africa
11161,2024-07-20,Books,Dune by Frank Herbert,15,24.10,361.50,Europe
11162,2024-06-08,Sports,Hydro Flask Sports Bottle,14,42.46,594.44,Europe
11163,2024-09-05,Clothing,Levi's 501 Jeans,15,72.05,1080.75,Africa
11164,2024-03-08,Home Appliances,Blueair Classic 480i,4,637.65,2550.60,Middle East
11165,2025-01-28,Clothing,Patagonia Fleece Jacket,3,185.37,556.11,Oceania
11166,2024-03-22,Beauty Products,MAC Lipstick Collection,2,83.32,166.64,North America
11167,2025-01-31,Home Appliances,LG Front Load Washer,18,966.70,17400.60,South America
11168,2025-05-18,Clothing,Calvin Klein Slim Fit Shirt,17,86.77,1475.09,Middle East
11169,2024-12-04,Sports,Wilson Evolution Basketball,17,31.87,541.79,Oceania
11170,2024-09-10,Books,"Salt, Fat, Acid, Heat by Samin Nosrat",20,33.81,676.20,Middle East
11171,2025-07-26,Books,The Da Vinci Code,6,17.12,102.72,North America
11172,2024-04-10,Beauty Products,Clinique Moisture Surge,9,46.09,414.81,Asia
11173,2024-04-19,Sports,Adidas FIFA Soccer Ball,11,38.82,427.02,Asia
11174,2025-02-07,Clothing,Calvin Klein Slim Fit Shirt,10,95.61,956.10,Europe
11175,2025-05-13,Sports,Wilson Evolution Basketball,6,31.86,191.16,Europe
11176,2024-10-11,Clothing,Puma Sports Hoodie,17,73.72,1253.24,South America
11177,2025-03-05,Sports,Bowflex Adjustable Dumbbells,5,412.27,2061.35,Asia
11178,2024-12-09,Home Appliances,Keurig K-Elite Coffee Maker,4,180.70,722.80,Asia
11179,2024-05-19,Clothing,Columbia Rain Jacket,8,119.58,956.64,North America
11180,2025-07-08,Beauty Products,MAC Lipstick Collection,20,81.26,1625.20,Asia
11181,2025-11-15,Electronics,MacBook Pro 16-inch,3,2289.76,6869.28,South America
11182,2024-12-11,Sports,Babolat Pure Drive Tennis Racket,14,184.85,2587.90,Africa
11183,2025-10-25,Books,Deep Work,19,19.08,362.52,Oceania
11184,2025-03-10,Sports,Babolat Pure Drive Tennis Racket,7,201.52,1410.64,Africa
11185,2025-03-30,Sports,Callaway Golf Club Set,4,844.69,3378.76,Europe
11186,2024-07-28,Electronics,Samsung Galaxy Tab S8,14,770.49,10786.86,Europe
11187,2025-12-17,Electronics,Dell XPS 13 Laptop,2,1192.04,2384.08,North America
11188,2025-01-25,Books,The Hobbit,19,15.95,303.05,South America
11189,2025-12-23,Clothing,Puma Sports Hoodie,1,79.75,79.75,Middle East
11190,2024-09-08,Clothing,Levi's 501 Jeans,5,67.51,337.55,Middle East
11191,2025-11-13,Home Appliances,LG Front Load Washer,13,956.70,12437.10,Middle East
11192,2025-06-08,Clothing,Puma Sports Hoodie,2,77.76,155.52,Europe
11193,2024-12-11,Clothing,Vans Old Skool Sneakers,14,84.35,1180.90,Oceania
11194,2025-11-03,Home Appliances,Ninja Professional Blender,12,97.06,1164.72,Africa
11195,2025-10-31,Sports,Adidas FIFA Soccer Ball,11,43.00,473.00,Middle East
11196,2024-04-20,Electronics,Dell XPS 13 Laptop,11,1254.59,13800.49,Europe
11197,2024-11-27,Home Appliances,Ninja Professional Blender,7,92.59,648.13,Asia
11198,2025-10-11,Books,Dune by Frank Herbert,2,24.74,49.48,South America
11199,2025-11-23,Electronics,Google Pixel 8 Pro,1,970.39,970.39,South America
11200,2025-06-05,Books,Dune by Frank Herbert,15,26.81,402.15,Europe
11201,2024-05-31,Home Appliances,KitchenAid Stand Mixer,9,452.42,4071.78,North America
11202,2024-03-31,Sports,Callaway Golf Club Set,12,896.99,10763.88,Asia
11203,2025-12-07,Electronics,Google Pixel 8 Pro,16,946.28,15140.48,Middle East
11204,2025-08-23,Electronics,MacBook Pro 16-inch,4,2463.94,9855.76,South America
11205,2024-02-22,Books,The Alchemist,13,11.71,152.23,South America
11206,2024-08-18,Beauty Products,Neutrogena Skincare Set,2,83.56,167.12,Middle East
11207,2024-08-06,Home Appliances,Philips Air Fryer XXL,4,274.60,1098.40,Oceania
11208,2025-12-10,Sports,Callaway Golf Club Set,3,924.14,2772.42,Europe
11209,2025-05-27,Sports,Bowflex Adjustable Dumbbells,9,390.14,3511.26,Middle East
11210,2025-08-31,Clothing,Adidas Ultraboost Shoes,5,203.44,1017.20,South America
11211,2025-11-06,Clothing,Calvin Klein Slim Fit Shirt,19,92.44,1756.36,Oceania
11212,2024-07-31,Home Appliances,Philips Air Fryer XXL,18,256.18,4611.24,Europe
11213,2024-11-13,Electronics,MacBook Pro 16-inch,5,2329.08,11645.40,North America
11214,2025-10-01,Electronics,Sony WH-1000XM5 Headphones,19,439.27,8346.13,Asia
11215,2025-04-22,Sports,Hydro Flask Sports Bottle,19,41.86,795.34,North America
11216,2025-11-15,Clothing,Vans Old Skool Sneakers,8,78.12,624.96,Europe
11217,2024-01-09,Books,The Da Vinci Code,1,15.08,15.08,Europe
11218,2025-12-19,Sports,Spalding Volleyball,4,37.34,149.36,North America
11219,2024-05-27,Books,"Salt, Fat, Acid, Heat by Samin Nosrat",12,35.25,423.00,North America
11220,2025-04-02,Sports,Babolat Pure Drive Tennis Racket,3,205.33,615.99,Middle East
11221,2024-08-20,Books,Atomic Habits,3,20.47,61.41,South America
11222,2024-07-03,Home Appliances,Blueair Classic 480i,7,630.12,4410.84,Europe
11223,2025-12-15,Clothing,North Face Down Jacket,8,248.53,1988.24,Europe
11224,2025-09-03,Clothing,Levi's 501 Jeans,13,74.55,969.15,Asia
11225,2025-05-13,Electronics,Nintendo Switch OLED,14,360.36,5045.04,North America
11226,2025-01-29,Sports,Spalding Volleyball,1,36.96,36.96,North America
11227,2025-03-25,Clothing,Patagonia Fleece Jacket,15,172.49,2587.35,Europe
11228,2024-02-01,Beauty Products,Maybelline Makeup Kit,2,48.84,97.68,North America
11229,2025-09-06,Electronics,Nintendo Switch OLED,3,352.16,1056.48,Oceania
11230,2025-02-24,Electronics,Nintendo Switch OLED,16,324.56,5192.96,South America
11231,2024-12-25,Home Appliances,Samsung Smart Refrigerator,12,1825.99,21911.88,Middle East
11232,2025-05-15,Clothing,Nike Air Force 1,8,93.33,746.64,Africa
11233,2025-05-18,Sports,Adidas FIFA Soccer Ball,14,38.85,543.90,Asia
11234,2024-02-15,Beauty Products,L'Oreal Revitalift Cream,7,29.26,204.82,Africa
11235,2025-04-20,Beauty Products,MAC Lipstick Collection,4,76.13,304.52,Europe
11236,2025-09-29,Books,Dune by Frank Herbert,7,28.27,197.89,Africa
11237,2024-05-27,Books,Atomic Habits,14,18.62,260.68,Middle East
11238,2025-11-15,Books,The Da Vinci Code,2,16.66,33.32,North America
11239,2025-02-09,Books,"Salt, Fat, Acid, Heat by Samin Nosrat",19,32.29,613.51,Asia
11240,2025-01-18,Beauty Products,Chanel No. 5 Perfume,15,126.35,1895.25,Africa
11241,2025-08-05,Sports,Bowflex Adjustable Dumbbells,17,470.29,7994.93,North America
11242,2025-01-27,Books,The Da Vinci Code,9,15.33,137.97,North America
11243,2025-07-11,Sports,Callaway Golf Club Set,20,931.26,18625.20,Africa
11244,2025-04-09,Electronics,Nintendo Switch OLED,8,338.68,2709.44,South America
11245,2025-10-09,Clothing,North Face Down Jacket,13,267.91,3482.83,South America
11246,2025-07-28,Books,Deep Work,12,19.73,236.76,North America
11247,2024-11-12,Electronics,Canon EOS R10 Camera,3,883.31,2649.93,Middle East
11248,2025-11-12,Clothing,North Face Down Jacket,19,241.25,4583.75,Oceania
11249,2024-02-08,Electronics,Sony WH-1000XM5 Headphones,5,420.39,2101.95,Oceania
11250,2025-03-12,Electronics,iPhone 14 Pro,12,1013.81,12165.72,Africa
11251,2024-12-10,Beauty Products,Neutrogena Skincare Set,9,84.55,760.95,Africa
11252,2025-09-25,Books,Clean Code,9,41.63,374.67,South America
11253,2024-12-11,Beauty Products,The Ordinary Serum Set,18,37.89,682.02,Asia
11254,2024-03-28,Home Appliances,Keurig K-Elite Coffee Maker,1,195.41,195.41,Asia
11255,2025-10-30,Home Appliances,Philips Air Fryer XXL,9,259.11,2331.99,Middle East
11256,2025-09-21,Electronics,Canon EOS R10 Camera,8,1042.95,8343.60,Middle East
11257,2025-11-29,Books,Sapiens,8,26.69,213.52,Middle East
11258,2024-07-11,Books,"Salt, Fat, Acid, Heat by Samin Nosrat",10,29.88,298.80,Africa
11259,2024-06-26,Beauty Products,Olaplex Hair Repair Set,16,63.42,1014.72,Africa
11260,2024-06-13,Electronics,iPhone 14 Pro,4,981.94,3927.76,Oceania
11261,2024-05-31,Sports,Manduka PRO Yoga Mat,3,120.86,362.58,Europe
11262,2025-12-20,Home Appliances,Keurig K-Elite Coffee Maker,4,179.63,718.52,Asia
11263,2024-12-01,Sports,Fitbit Charge 6,12,147.73,1772.76,Africa
11264,2025-05-15,Clothing,Calvin Klein Slim Fit Shirt,2,98.24,196.48,Oceania
11265,2024-03-29,Beauty Products,Maybelline Makeup Kit,9,53.69,483.21,Europe
11266,2025-06-24,Beauty Products,Maybelline Makeup Kit,1,51.18,51.18,Europe
11267,2025-01-20,Clothing,Puma Sports Hoodie,10,75.91,759.10,Oceania
11268,2024-09-13,Home Appliances,Dyson V11 Vacuum,1,529.19,529.19,Asia
11269,2024-10-14,Home Appliances,Dyson V11 Vacuum,5,540.80,2704.00,South America
11270,2025-08-08,Clothing,North Face Down Jacket,9,232.32,2090.88,Asia
11271,2025-04-14,Beauty Products,CeraVe Hydrating Cleanser,2,20.50,41.00,North America
11272,2025-08-17,Electronics,MacBook Pro 16-inch,11,2474.07,27214.77,Africa
11273,2025-05-26,Beauty Products,The Ordinary Serum Set,11,41.86,460.46,South America
11274,2024-08-08,Beauty Products,Clinique Moisture Surge,16,41.27,660.32,Asia
11275,2024-08-12,Home Appliances,Blueair Classic 480i,3,540.47,1621.41,Europe
11276,2024-11-10,Home Appliances,iRobot Roomba j7,1,662.20,662.20,Oceania
11277,2024-11-04,Home Appliances,Dyson V11 Vacuum,3,509.33,1527.99,South America
11278,2024-11-14,Electronics,Sony WH-1000XM5 Headphones,1,397.46,397.46,South America
11279,2024-11-11,Home Appliances,Samsung Smart Refrigerator,2,2042.59,4085.18,Oceania
11280,2024-03-06,Sports,Adidas FIFA Soccer Ball,20,41.50,830.00,Europe
11281,2024-10-01,Home Appliances,iRobot Roomba j7,12,701.65,8419.80,Africa
11282,2024-09-25,Books,Clean Code,7,37.95,265.65,Africa
11283,2024-06-06,Books,Sapiens,4,24.85,99.40,Oceania
11284,2025-01-31,Books,Sapiens,15,26.15,392.25,Oceania
11285,2025-03-11,Sports,Wilson Evolution Basketball,9,30.27,272.43,Europe
11286,2025-07-14,Home Appliances,Blueair Classic 480i,5,643.16,3215.80,Europe
11287,2025-11-30,Electronics,iPhone 14 Pro,14,925.64,12958.96,Africa
11288,2024-07-10,Sports,Bowflex Adjustable Dumbbells,10,472.57,4725.70,Asia
11289,2024-08-19,Clothing,Nike Air Force 1,9,91.24,821.16,Europe
11290,2025-06-05,Beauty Products,Dyson Supersonic Hair Dryer,4,401.68,1606.72,Africa
11291,2025-06-18,Books,Deep Work,5,19.04,95.20,Asia
11292,2025-08-12,Sports,Adidas FIFA Soccer Ball,12,36.61,439.32,Africa
11293,2025-09-14,Sports,Fitbit Charge 6,1,148.68,148.68,Middle East
11294,2024-08-29,Sports,Hydro Flask Sports Bottle,8,43.10,344.80,South America
11295,2024-03-05,Home Appliances,Keurig K-Elite Coffee Maker,11,173.25,1905.75,Oceania
11296,2024-05-22,Home Appliances,Philips Air Fryer XXL,2,252.19,504.38,Asia
11297,2024-07-14,Home Appliances,Samsung Smart Refrigerator,3,2089.54,6268.62,Oceania
11298,2024-02-27,Clothing,Patagonia Fleece Jacket,6,187.03,1122.18,Africa
11299,2024-05-08,Sports,Hydro Flask Sports Bottle,4,39.52,158.08,Europe
11300,2025-06-10,Books,"Salt, Fat, Acid, Heat by Samin Nosrat",12,30.84,370.08,Middle East
11301,2024-06-13,Sports,Wilson Evolution Basketball,7,29.82,208.74,North America
11302,2024-08-13,Clothing,Patagonia Fleece Jacket,2,197.54,395.08,Middle East
11303,2024-10-23,Electronics,iPhone 14 Pro,17,945.89,16080.13,Europe
11304,2025-09-06,Beauty Products,Maybelline Makeup Kit,15,48.15,722.25,Asia
11305,2024-02-01,Books,The Hobbit,20,16.00,320.00,Asia
11306,2024-07-19,Clothing,Levi's 501 Jeans,16,68.63,1098.08,Europe
11307,2025-12-02,Electronics,iPhone 14 Pro,17,994.08,16899.36,South America
11308,2025-10-08,Home Appliances,Samsung Smart Refrigerator,15,1795.81,26937.15,North America
11309,2024-07-30,Sports,Fitbit Charge 6,9,175.71,1581.39,Asia
11310,2024-03-07,Clothing,Levi's 501 Jeans,6,73.90,443.40,Africa
11311,2024-02-03,Clothing,Adidas Ultraboost Shoes,17,184.10,3129.70,South America
11312,2025-08-31,Sports,Bowflex Adjustable Dumbbells,4,440.11,1760.44,South America
11313,2025-07-21,Sports,Everlast Boxing Gloves,5,49.28,246.40,North America
11314,2024-09-02,Electronics,Garmin Forerunner 945,10,498.40,4984.00,South America
11315,2025-08-13,Home Appliances,KitchenAid Stand Mixer,1,446.59,446.59,North America
11316,2025-07-09,Books,The Psychology of Money,13,18.69,242.97,South America
11317,2025-10-10,Electronics,Google Pixel 8 Pro,14,1068.30,14956.20,South America
11318,2025-01-08,Beauty Products,Olaplex Hair Repair Set,9,64.46,580.14,Europe
11319,2025-06-27,Books,Atomic Habits,11,20.77,228.47,South America
11320,2024-11-01,Books,The Da Vinci Code,5,14.78,73.90,Asia
11321,2024-03-28,Books,Atomic Habits,1,21.24,21.24,Oceania
11322,2025-05-15,Clothing,Patagonia Fleece Jacket,17,173.62,2951.54,Europe
11323,2024-03-27,Books,The Psychology of Money,20,19.64,392.80,Asia
11324,2024-02-10,Beauty Products,Chanel No. 5 Perfume,16,132.43,2118.88,Middle East
11325,2025-09-23,Clothing,Columbia Rain Jacket,8,121.68,973.44,Europe
11326,2024-06-29,Home Appliances,iRobot Roomba j7,4,670.48,2681.92,North America
11327,2024-08-25,Clothing,Columbia Rain Jacket,15,125.20,1878.00,Asia
11328,2025-02-25,Electronics,Canon EOS R10 Camera,20,1032.96,20659.20,Europe
11329,2024-08-19,Electronics,Nintendo Switch OLED,6,318.40,1910.40,North America
11330,2024-06-13,Home Appliances,Philips Air Fryer XXL,10,236.59,2365.90,Oceania
11331,2025-03-24,Clothing,Puma Sports Hoodie,4,73.40,293.60,South America
11332,2024-07-16,Sports,Everlast Boxing Gloves,1,54.29,54.29,Oceania
11333,2025-05-11,Sports,Hydro Flask Sports Bottle,20,36.52,730.40,Oceania
11334,2025-10-26,Clothing,Nike Air Force 1,3,89.64,268.92,Middle East
11335,2025-02-16,Home Appliances,Ninja Professional Blender,12,91.66,1099.92,Asia
11336,2024-07-18,Books,Deep Work,20,20.76,415.20,Middle East
11337,2024-12-17,Beauty Products,CeraVe Hydrating Cleanser,7,18.75,131.25,Middle East
11338,2024-12-01,Electronics,Apple Watch Series 9,4,471.93,1887.72,South America
11339,2025-01-12,Home Appliances,Dyson V11 Vacuum,15,493.27,7399.05,North America
11340,2025-06-08,Books,Atomic Habits,17,18.81,319.77,North America
11341,2025-06-25,Clothing,Puma Sports Hoodie,14,82.27,1151.78,Middle East
11342,2025-07-13,Home Appliances,Philips Air Fryer XXL,10,271.78,2717.80,Asia
11343,2024-04-04,Books,The Hobbit,3,15.47,46.41,Europe
11344,2025-08-09,Home Appliances,Ninja Professional Blender,16,93.87,1501.92,Middle East
11345,2024-10-17,Sports,Wilson Evolution Basketball,12,30.14,361.68,Oceania
11346,2024-05-10,Home Appliances,iRobot Roomba j7,13,689.29,8960.77,Asia
11347,2025-12-04,Books,Sapiens,8,26.40,211.20,Oceania
11348,2025-03-27,Sports,Callaway Golf Club Set,13,955.17,12417.21,Africa
11349,2024-10-21,Sports,Wilson Evolution Basketball,16,27.21,435.36,Africa
11350,2025-02-11,Books,The Psychology of Money,4,19.19,76.76,South America
11351,2024-01-06,Clothing,Levi's 501 Jeans,17,64.61,1098.37,Africa
11352,2025-02-12,Sports,Spalding Volleyball,2,37.25,74.50,Asia
11353,2024-02-20,Home Appliances,Philips Air Fryer XXL,6,263.06,1578.36,Asia
11354,2025-10-07,Clothing,Columbia Rain Jacket,2,141.67,283.34,Middle East
11355,2025-12-16,Sports,Everlast Boxing Gloves,12,48.56,582.72,Europe
11356,2024-02-01,Electronics,Google Pixel 8 Pro,14,1095.69,15339.66,Europe
11357,2024-08-16,Beauty Products,MAC Lipstick Collection,1,75.20,75.20,Africa
11358,2024-04-05,Clothing,North Face Down Jacket,11,251.23,2763.53,Oceania
11359,2024-01-16,Beauty Products,Maybelline Makeup Kit,10,53.89,538.90,South America
11360,2024-02-07,Electronics,Dell XPS 13 Laptop,5,1218.32,6091.60,Africa
11361,2024-01-13,Home Appliances,Keurig K-Elite Coffee Maker,1,183.77,183.77,North America
11362,2025-11-19,Beauty Products,Clinique Moisture Surge,12,43.84,526.08,Middle East
11363,2024-11-19,Home Appliances,Keurig K-Elite Coffee Maker,1,204.52,204.52,Oceania
11364,2024-02-07,Sports,Bowflex Adjustable Dumbbells,7,447.51,3132.57,Asia
11365,2025-07-03,Home Appliances,Dyson V11 Vacuum,18,469.78,8456.04,Europe
11366,2025-03-09,Electronics,MacBook Pro 16-inch,16,2472.14,39554.24,North America
11367,2024-12-25,Books,Atomic Habits,11,19.77,217.47,Oceania
11368,2025-12-09,Electronics,Dell XPS 13 Laptop,13,1387.48,18037.24,Asia
11369,2024-01-29,Home Appliances,Instant Pot Duo 7-in-1,17,140.33,2385.61,Oceania
11370,2024-11-26,Home Appliances,Ninja Professional Blender,1,93.24,93.24,North America
11371,2024-05-25,Beauty Products,Clinique Moisture Surge,9,48.25,434.25,North America
11372,2024-08-15,Electronics,Google Pixel 8 Pro,15,1014.35,15215.25,North America
11373,2025-12-20,Beauty Products,MAC Lipstick Collection,13,72.48,942.24,Africa
11374,2024-12-14,Clothing,Nike Air Force 1,15,94.55,1418.25,Asia
11375,2025-05-21,Home Appliances,LG Front Load Washer,1,882.38,882.38,Middle East
11376,2025-05-21,Clothing,Nike Air Force 1,4,84.90,339.60,Oceania
11377,2024-03-11,Home Appliances,KitchenAid Stand Mixer,17,421.13,7159.21,Oceania
11378,2024-11-02,Electronics,Nintendo Switch OLED,20,315.87,6317.40,Asia
11379,2025-06-02,Clothing,Adidas Ultraboost Shoes,16,179.03,2864.48,Asia
11380,2025-09-15,Sports,Manduka PRO Yoga Mat,18,126.68,2280.24,Europe
11381,2025-10-17,Home Appliances,Keurig K-Elite Coffee Maker,12,172.37,2068.44,Asia
11382,2024-08-11,Books,The Hobbit,16,13.93,222.88,Middle East
11383,2024-06-22,Home Appliances,Blueair Classic 480i,12,593.67,7124.04,Europe
11384,2024-03-02,Clothing,North Face Down Jacket,9,229.81,2068.29,Africa
11385,2024-01-04,Beauty Products,Maybelline Makeup Kit,20,50.77,1015.40,Europe
11386,2024-01-21,Beauty Products,Clinique Moisture Surge,10,45.90,459.00,South America
11387,2025-01-08,Sports,Babolat Pure Drive Tennis Racket,3,203.62,610.86,Middle East
11388,2025-11-22,Books,The Psychology of Money,6,17.15,102.90,Europe
11389,2024-02-06,Clothing,Calvin Klein Slim Fit Shirt,12,85.02,1020.24,Asia
11390,2024-08-10,Beauty Products,L'Oreal Revitalift Cream,2,29.67,59.34,Africa
11391,2025-04-04,Sports,Wilson Evolution Basketball,2,29.59,59.18,North America
11392,2024-01-03,Clothing,Columbia Rain Jacket,8,123.68,989.44,Africa
11393,2024-01-06,Clothing,Adidas Ultraboost Shoes,18,201.02,3618.36,Middle East
11394,2024-05-01,Clothing,Under Armour Training Shirt,7,42.93,300.51,Africa
11395,2024-05-23,Home Appliances,KitchenAid Stand Mixer,18,475.71,8562.78,South America
11396,2024-11-19,Books,The Hobbit,1,15.42,15.42,Europe
11397,2024-03-04,Sports,Babolat Pure Drive Tennis Racket,2,206.71,413.42,Middle East
11398,2024-11-10,Books,The Psychology of Money,12,19.13,229.56,South America
11399,2024-03-12,Home Appliances,KitchenAid Stand Mixer,14,430.27,6023.78,Africa
11400,2025-10-25,Electronics,iPhone 14 Pro,14,1091.64,15282.96,Africa
11401,2024-05-10,Electronics,Dell XPS 13 Laptop,11,1410.89,15519.79,North America
11402,2025-03-07,Electronics,Canon EOS R10 Camera,10,1030.79,10307.90,Asia
11403,2025-10-29,Beauty Products,Dyson Supersonic Hair Dryer,19,425.07,8076.33,North America
11404,2024-02-29,Clothing,Columbia Rain Jacket,12,136.00,1632.00,Middle East
11405,2025-12-29,Clothing,Calvin Klein Slim Fit Shirt,14,85.69,1199.66,North America
11406,2024-11-01,Sports,Bowflex Adjustable Dumbbells,8,404.58,3236.64,Middle East
11407,2024-01-31,Electronics,Canon EOS R10 Camera,9,897.15,8074.35,Africa
11408,2025-05-29,Sports,Babolat Pure Drive Tennis Racket,3,187.97,563.91,Asia
11409,2025-07-25,Home Appliances,KitchenAid Stand Mixer,19,431.65,8201.35,Africa
11410,2025-07-20,Home Appliances,KitchenAid Stand Mixer,3,448.67,1346.01,Middle East
11411,2025-09-21,Electronics,Samsung Galaxy Tab S8,17,743.84,12645.28,Middle East
11412,2024-11-23,Clothing,Calvin Klein Slim Fit Shirt,6,89.16,534.96,Asia
11413,2024-01-15,Books,Atomic Habits,17,19.27,327.59,South America
11414,2024-09-04,Home Appliances,LG Front Load Washer,12,850.77,10209.24,Asia
11415,2024-12-30,Books,The Psychology of Money,1,17.89,17.89,South America
11416,2025-06-11,Home Appliances,Keurig K-Elite Coffee Maker,3,199.08,597.24,Middle East
11417,2025-03-02,Home Appliances,iRobot Roomba j7,8,615.14,4921.12,Africa
11418,2025-03-27,Sports,Manduka PRO Yoga Mat,6,123.88,743.28,Oceania
11419,2024-05-28,Beauty Products,Neutrogena Skincare Set,5,91.06,455.30,Oceania
11420,2025-09-11,Books,Dune by Frank Herbert,15,27.97,419.55,Middle East
11421,2024-02-19,Sports,Hydro Flask Sports Bottle,5,37.38,186.90,South America
11422,2025-10-02,Beauty Products,Clinique Moisture Surge,20,44.45,889.00,South America
11423,2024-05-18,Clothing,Nike Air Force 1,20,94.91,1898.20,South America
11424,2024-12-24,Home Appliances,Keurig K-Elite Coffee Maker,9,207.93,1871.37,Africa
11425,2025-09-05,Home Appliances,Ninja Professional Blender,4,97.17,388.68,North America
11426,2025-12-23,Books,"Salt, Fat, Acid, Heat by Samin Nosrat",10,30.08,300.80,Europe
11427,2025-05-14,Beauty Products,CeraVe Hydrating Cleanser,7,17.92,125.44,Asia
11428,2024-03-14,Beauty Products,Neutrogena Skincare Set,14,97.28,1361.92,Asia
11429,2024-11-02,Electronics,Sony WH-1000XM5 Headphones,1,386.45,386.45,Africa
11430,2024-09-25,Books,Clean Code,17,38.37,652.29,South America
11431,2025-09-30,Sports,Wilson Evolution Basketball,14,27.78,388.92,Africa
11432,2024-04-08,Electronics,Google Pixel 8 Pro,3,1019.74,3059.22,Africa
11433,2025-03-02,Books,Deep Work,20,17.40,348.00,Europe
11434,2025-10-02,Electronics,iPhone 14 Pro,19,1020.19,19383.61,Asia
11435,2025-03-13,Clothing,Vans Old Skool Sneakers,17,81.63,1387.71,North America
11436,2025-10-29,Electronics,Nintendo Switch OLED,9,315.02,2835.18,Asia
11437,2025-12-20,Sports,Adidas FIFA Soccer Ball,15,42.33,634.95,Asia
11438,2025-11-06,Beauty Products,MAC Lipstick Collection,11,77.03,847.33,North America
11439,2025-04-30,Books,Dune by Frank Herbert,1,28.11,28.11,Africa
11440,2024-12-09,Sports,Bowflex Adjustable Dumbbells,3,464.70,1394.10,Middle East
11441,2024-09-05,Clothing,Adidas Ultraboost Shoes,6,187.08,1122.48,Europe
11442,2024-07-08,Beauty Products,MAC Lipstick Collection,19,77.82,1478.58,Middle East
11443,2025-10-21,Beauty Products,The Ordinary Serum Set,10,38.78,387.80,Europe
11444,2024-02-11,Clothing,Vans Old Skool Sneakers,5,85.80,429.00,Middle East
11445,2024-10-15,Home Appliances,LG Front Load Washer,15,941.80,14127.00,Oceania
11446,2025-12-06,Home Appliances,Instant Pot Duo 7-in-1,5,129.58,647.90,Oceania
11447,2025-08-18,Sports,Hydro Flask Sports Bottle,11,36.86,405.46,North America
11448,2024-03-11,Beauty Products,Clinique Moisture Surge,19,49.15,933.85,North America
11449,2024-12-29,Clothing,North Face Down Jacket,1,272.47,272.47,Asia
11450,2025-07-28,Home Appliances,Philips Air Fryer XXL,4,264.88,1059.52,Middle East
11451,2025-01-13,Sports,Manduka PRO Yoga Mat,9,114.86,1033.74,South America
11452,2025-12-21,Beauty Products,Maybelline Makeup Kit,6,53.32,319.92,North America
11453,2025-08-16,Sports,Manduka PRO Yoga Mat,15,122.33,1834.95,North America
11454,2025-02-28,Home Appliances,Samsung Smart Refrigerator,12,1973.17,23678.04,Middle East
11455,2024-05-23,Electronics,MacBook Pro 16-inch,13,2738.08,35595.04,Europe
11456,2025-02-04,Beauty Products,Chanel No. 5 Perfume,11,120.92,1330.12,Europe
11457,2024-03-07,Clothing,Under Armour Training Shirt,16,39.89,638.24,Asia
11458,2024-07-13,Beauty Products,Maybelline Makeup Kit,1,47.05,47.05,Africa
11459,2024-11-28,Beauty Products,Neutrogena Skincare Set,12,86.58,1038.96,North America
11460,2025-12-19,Sports,Babolat Pure Drive Tennis Racket,8,188.55,1508.40,Asia
11461,2025-05-14,Clothing,Adidas Ultraboost Shoes,6,199.18,1195.08,Asia
11462,2025-05-12,Books,Sapiens,8,25.77,206.16,Middle East
11463,2024-04-27,Electronics,MacBook Pro 16-inch,3,2309.52,6928.56,North America
11464,2024-07-12,Beauty Products,MAC Lipstick Collection,6,81.47,488.82,Asia
11465,2025-08-17,Electronics,Canon EOS R10 Camera,19,895.55,17015.45,Africa
11466,2025-07-01,Home Appliances,LG Front Load Washer,9,888.70,7998.30,Africa
11467,2024-10-23,Electronics,Garmin Forerunner 945,9,472.38,4251.42,Asia
11468,2025-08-12,Home Appliances,KitchenAid Stand Mixer,15,478.86,7182.90,Africa
11469,2025-01-12,Clothing,Calvin Klein Slim Fit Shirt,6,91.44,548.64,Africa
11470,2024-05-04,Electronics,Sony WH-1000XM5 Headphones,19,397.53,7553.07,North America
11471,2024-01-19,Home Appliances,Blueair Classic 480i,10,597.68,5976.80,South America
11472,2025-04-26,Home Appliances,Dyson V11 Vacuum,4,478.99,1915.96,South America
11473,2025-03-22,Sports,Callaway Golf Club Set,14,839.18,11748.52,Europe
11474,2025-12-17,Home Appliances,LG Front Load Washer,14,838.39,11737.46,Europe
11475,2024-01-11,Home Appliances,Samsung Smart Refrigerator,15,1746.34,26195.10,Asia
11476,2025-06-17,Sports,Adidas FIFA Soccer Ball,14,38.86,544.04,Oceania
11477,2025-06-05,Home Appliances,LG Front Load Washer,9,950.90,8558.10,North America
11478,2024-04-07,Electronics,Sony WH-1000XM5 Headphones,16,436.97,6991.52,Middle East
11479,2025-06-10,Sports,Babolat Pure Drive Tennis Racket,4,183.86,735.44,Africa
11480,2024-04-22,Sports,Adidas FIFA Soccer Ball,3,42.66,127.98,South America
11481,2024-04-22,Books,"Salt, Fat, Acid, Heat by Samin Nosrat",17,33.08,562.36,Middle East
11482,2025-06-29,Electronics,Sony WH-1000XM5 Headphones,4,387.05,1548.20,North America
11483,2024-04-09,Electronics,Sony WH-1000XM5 Headphones,20,393.24,7864.80,South America
11484,2024-04-29,Clothing,Patagonia Fleece Jacket,13,183.07,2379.91,Oceania
11485,2024-06-12,Electronics,Dell XPS 13 Laptop,12,1201.25,14415.00,South America
11486,2024-12-06,Electronics,Google Pixel 8 Pro,6,989.30,5935.80,Africa
11487,2025-12-14,Home Appliances,Samsung Smart Refrigerator,4,1950.95,7803.80,Asia
11488,2025-07-26,Electronics,iPhone 14 Pro,3,926.65,2779.95,Africa
11489,2025-05-13,Clothing,Calvin Klein Slim Fit Shirt,11,96.08,1056.88,South America
11490,2025-03-09,Sports,Callaway Golf Club Set,12,925.08,11100.96,South America
11491,2025-05-25,Sports,Callaway Golf Club Set,16,887.51,14200.16,Middle East
11492,2024-02-02,Sports,Fitbit Charge 6,13,161.09,2094.17,North America
11493,2024-02-13,Home Appliances,Dyson V11 Vacuum,8,457.49,3659.92,Europe
11494,2025-12-30,Sports,Callaway Golf Club Set,13,865.97,11257.61,North America
11495,2024-03-28,Electronics,Sony WH-1000XM5 Headphones,12,378.14,4537.68,Oceania
11496,2025-12-20,Electronics,MacBook Pro 16-inch,12,2555.06,30660.72,Africa
11497,2025-03-05,Books,Deep Work,13,19.22,249.86,Africa
11498,2025-02-09,Electronics,iPhone 14 Pro,4,1027.14,4108.56,Asia
11499,2024-01-09,Electronics,Samsung Galaxy Tab S8,18,679.73,12235.14,Asia
11500,2024-03-30,Sports,Babolat Pure Drive Tennis Racket,8,217.63,1741.04,Africa
11501,2024-03-28,Beauty Products,Dyson Supersonic Hair Dryer,13,463.58,6026.54,Africa
11502,2025-10-26,Books,Sapiens,1,24.42,24.42,Europe
11503,2024-02-09,Electronics,Samsung Galaxy Tab S8,7,777.29,5441.03,Oceania
11504,2024-03-17,Sports,Callaway Golf Club Set,19,914.66,17378.54,North America
11505,2024-06-17,Sports,Fitbit Charge 6,10,154.52,1545.20,Middle East
11506,2025-04-01,Electronics,Samsung Galaxy Tab S8,3,776.42,2329.26,Europe
11507,2024-09-07,Books,The Alchemist,19,12.73,241.87,South America
11508,2024-05-09,Books,Atomic Habits,6,18.45,110.70,Oceania
11509,2025-03-07,Sports,Callaway Golf Club Set,6,985.45,5912.70,Middle East
11510,2025-10-10,Clothing,Levi's 501 Jeans,13,72.51,942.63,Oceania
11511,2024-11-15,Beauty Products,Clinique Moisture Surge,8,41.75,334.00,Asia
11512,2025-11-21,Clothing,Nike Air Force 1,10,81.07,810.70,South America
11513,2025-12-21,Sports,Hydro Flask Sports Bottle,14,42.02,588.28,South America
11514,2024-12-09,Home Appliances,Keurig K-Elite Coffee Maker,20,187.53,3750.60,Oceania
11515,2025-11-17,Home Appliances,Ninja Professional Blender,19,100.83,1915.77,Oceania
11516,2025-08-09,Clothing,Columbia Rain Jacket,12,121.88,1462.56,North America
11517,2025-10-30,Beauty Products,Maybelline Makeup Kit,7,50.77,355.39,Asia
11518,2024-10-16,Sports,Manduka PRO Yoga Mat,18,108.00,1944.00,South America
11519,2024-01-24,Electronics,Garmin Forerunner 945,7,466.85,3267.95,Middle East
11520,2025-01-08,Beauty Products,The Ordinary Serum Set,14,42.97,601.58,North America
11521,2024-03-10,Clothing,Levi's 501 Jeans,1,68.07,68.07,Africa
11522,2025-09-16,Home Appliances,Dyson V11 Vacuum,11,508.32,5591.52,North America
11523,2024-10-21,Books,The Psychology of Money,16,17.99,287.84,South America
11524,2024-03-20,Books,Clean Code,12,42.02,504.24,Asia
11525,2024-03-09,Clothing,Puma Sports Hoodie,3,82.37,247.11,Asia
11526,2025-01-20,Electronics,MacBook Pro 16-inch,18,2550.35,45906.30,North America
11527,2024-09-09,Home Appliances,KitchenAid Stand Mixer,12,421.99,5063.88,South America
11528,2024-02-14,Clothing,Patagonia Fleece Jacket,9,169.47,1525.23,Africa
11529,2024-01-31,Electronics,Garmin Forerunner 945,6,547.04,3282.24,Middle East
11530,2024-05-01,Sports,Fitbit Charge 6,9,149.43,1344.87,North America
11531,2024-06-04,Beauty Products,L'Oreal Revitalift Cream,12,31.91,382.92,Middle East
11532,2024-10-22,Beauty Products,Clinique Moisture Surge,14,41.11,575.54,North America
11533,2025-07-10,Clothing,Puma Sports Hoodie,13,73.09,950.17,North America
11534,2025-02-27,Books,Sapiens,13,25.61,332.93,Oceania
11535,2025-03-15,Books,Clean Code,18,36.74,661.32,Africa
11536,2024-09-01,Clothing,Columbia Rain Jacket,10,135.46,1354.60,Europe
11537,2024-07-08,Beauty Products,Maybelline Makeup Kit,8,54.38,435.04,South America
11538,2024-04-02,Clothing,Vans Old Skool Sneakers,16,81.74,1307.84,Middle East
11539,2024-08-03,Home Appliances,Dyson V11 Vacuum,13,542.60,7053.80,South America
11540,2024-10-15,Sports,Everlast Boxing Gloves,2,47.43,94.86,North America
11541,2024-08-20,Sports,Callaway Golf Club Set,1,815.66,815.66,North America
11542,2024-08-22,Electronics,Dell XPS 13 Laptop,5,1249.42,6247.10,Europe
11543,2024-02-17,Books,The Alchemist,1,14.17,14.17,Middle East
11544,2025-09-26,Sports,Callaway Golf Club Set,6,876.21,5257.26,North America
11545,2025-06-28,Sports,Bowflex Adjustable Dumbbells,13,450.43,5855.59,South America
11546,2024-03-28,Electronics,Canon EOS R10 Camera,10,1073.25,10732.50,South America
11547,2025-06-17,Clothing,Patagonia Fleece Jacket,17,193.67,3292.39,Middle East
11548,2025-12-17,Books,"Salt, Fat, Acid, Heat by Samin Nosrat",14,31.78,444.92,Europe
11549,2024-02-08,Home Appliances,Instant Pot Duo 7-in-1,2,118.67,237.34,Africa
11550,2024-05-21,Electronics,Garmin Forerunner 945,2,489.04,978.08,North America
11551,2025-10-05,Books,"Salt, Fat, Acid, Heat by Samin Nosrat",14,30.64,428.96,North America
11552,2024-12-19,Home Appliances,Instant Pot Duo 7-in-1,11,126.45,1390.95,South America
11553,2024-02-21,Beauty Products,Clinique Moisture Surge,20,43.79,875.80,Europe
11554,2025-06-07,Books,Atomic Habits,5,18.25,91.25,South America
11555,2025-10-01,Clothing,Puma Sports Hoodie,10,70.80,708.00,Europe
11556,2024-12-12,Electronics,Dell XPS 13 Laptop,11,1177.85,12956.35,Asia
11557,2025-12-01,Sports,Manduka PRO Yoga Mat,13,128.49,1670.37,Middle East
11558,2024-03-31,Sports,Wilson Evolution Basketball,6,28.22,169.32,North America
11559,2025-07-10,Beauty Products,Clinique Moisture Surge,6,41.33,247.98,Asia
11560,2025-09-19,Sports,Manduka PRO Yoga Mat,18,121.60,2188.80,South America
11561,2024-06-14,Beauty Products,Dyson Supersonic Hair Dryer,12,398.47,4781.64,Middle East
11562,2025-04-04,Books,Atomic Habits,12,21.40,256.80,Middle East
11563,2024-02-23,Home Appliances,Dyson V11 Vacuum,13,459.12,5968.56,South America
11564,2024-09-04,Beauty Products,MAC Lipstick Collection,13,81.53,1059.89,Oceania
11565,2024-09-25,Sports,Spalding Volleyball,15,38.38,575.70,Oceania
11566,2025-03-09,Sports,Everlast Boxing Gloves,5,52.22,261.10,Middle East
11567,2025-02-10,Electronics,Apple Watch Series 9,18,421.21,7581.78,North America
11568,2024-10-23,Home Appliances,LG Front Load Washer,20,895.60,17912.00,Oceania
11569,2025-02-02,Sports,Hydro Flask Sports Bottle,2,36.59,73.18,Asia
11570,2025-07-17,Electronics,Dell XPS 13 Laptop,15,1215.06,18225.90,North America
11571,2024-08-25,Home Appliances,Ninja Professional Blender,18,92.68,1668.24,Asia
11572,2024-06-07,Electronics,Canon EOS R10 Camera,9,1047.08,9423.72,North America
11573,2024-10-09,Sports,Wilson Evolution Basketball,5,31.44,157.20,Middle East
11574,2024-01-31,Beauty Products,Neutrogena Skincare Set,2,88.65,177.30,North America
11575,2025-11-01,Home Appliances,Samsung Smart Refrigerator,11,2077.19,22849.09,South America
11576,2025-11-12,Sports,Hydro Flask Sports Bottle,6,41.65,249.90,North America
11577,2024-04-15,Books,Sapiens,17,23.96,407.32,Middle East
11578,2024-09-13,Sports,Adidas FIFA Soccer Ball,4,43.52,174.08,South America
11579,2024-04-24,Sports,Manduka PRO Yoga Mat,19,115.07,2186.33,Africa
11580,2024-09-15,Clothing,Levi's 501 Jeans,16,74.43,1190.88,Asia
11581,2024-04-25,Beauty Products,L'Oreal Revitalift Cream,5,27.90,139.50,Asia
11582,2024-09-25,Beauty Products,Dyson Supersonic Hair Dryer,4,390.20,1560.80,South America
11583,2025-06-08,Electronics,Nintendo Switch OLED,9,357.72,3219.48,North America
11584,2024-03-02,Clothing,Columbia Rain Jacket,8,120.85,966.80,Asia
11585,2025-01-23,Electronics,Sony WH-1000XM5 Headphones,18,403.15,7256.70,Europe
11586,2024-04-10,Electronics,Dell XPS 13 Laptop,12,1406.27,16875.24,Africa
11587,2025-04-20,Sports,Babolat Pure Drive Tennis Racket,19,193.63,3678.97,Asia
11588,2025-08-22,Clothing,Vans Old Skool Sneakers,15,74.83,1122.45,South America
11589,2025-08-12,Clothing,Nike Air Force 1,14,91.15,1276.10,South America
11590,2025-12-20,Clothing,Patagonia Fleece Jacket,17,175.81,2988.77,Asia
11591,2024-07-29,Clothing,Nike Air Force 1,8,86.30,690.40,Middle East
11592,2025-02-18,Beauty Products,Clinique Moisture Surge,8,44.32,354.56,South America
11593,2025-09-20,Clothing,Vans Old Skool Sneakers,18,83.07,1495.26,South America
11594,2024-04-07,Beauty Products,Neutrogena Skincare Set,12,93.63,1123.56,Oceania
11595,2024-06-05,Books,The Alchemist,18,12.41,223.38,Oceania
11596,2025-01-06,Electronics,Nintendo Switch OLED,15,355.83,5337.45,South America
11597,2025-06-22,Clothing,Vans Old Skool Sneakers,6,83.22,499.32,South America
11598,2024-02-18,Home Appliances,Samsung Smart Refrigerator,5,2068.58,10342.90,Oceania
11599,2024-06-14,Beauty Products,L'Oreal Revitalift Cream,20,32.79,655.80,Europe
11600,2025-08-06,Beauty Products,Clinique Moisture Surge,12,48.97,587.64,Asia
11601,2025-06-18,Electronics,MacBook Pro 16-inch,1,2381.07,2381.07,Asia
11602,2025-10-22,Home Appliances,Dyson V11 Vacuum,14,534.18,7478.52,Africa
11603,2024-04-05,Clothing,Puma Sports Hoodie,11,78.70,865.70,South America
11604,2024-05-07,Beauty Products,Dyson Supersonic Hair Dryer,10,433.57,4335.70,Oceania
11605,2024-06-06,Beauty Products,MAC Lipstick Collection,12,76.57,918.84,Middle East
11606,2025-08-14,Sports,Spalding Volleyball,15,38.00,570.00,South America
11607,2025-01-16,Sports,Wilson Evolution Basketball,5,30.69,153.45,Middle East
11608,2025-04-30,Sports,Spalding Volleyball,6,37.30,223.80,Asia
11609,2024-10-02,Books,The Hobbit,19,13.72,260.68,Europe
11610,2024-12-22,Home Appliances,KitchenAid Stand Mixer,9,405.32,3647.88,South America
11611,2025-10-18,Clothing,Patagonia Fleece Jacket,1,170.45,170.45,Middle East
11612,2025-07-30,Electronics,Google Pixel 8 Pro,19,1053.34,20013.46,South America
11613,2024-12-04,Sports,Fitbit Charge 6,10,170.02,1700.20,Africa
11614,2024-10-15,Sports,Wilson Evolution Basketball,8,28.17,225.36,North America
11615,2024-07-30,Home Appliances,Ninja Professional Blender,13,106.53,1384.89,Oceania
11616,2024-01-09,Books,The Alchemist,7,12.20,85.40,Asia
11617,2024-08-10,Electronics,Google Pixel 8 Pro,8,992.92,7943.36,Europe
11618,2024-05-05,Books,Deep Work,17,20.03,340.51,North America
11619,2025-09-07,Sports,Adidas FIFA Soccer Ball,10,40.90,409.00,Oceania
11620,2025-01-14,Home Appliances,Philips Air Fryer XXL,6,253.19,1519.14,Middle East
11621,2024-08-25,Sports,Callaway Golf Club Set,8,818.22,6545.76,South America
11622,2025-05-10,Home Appliances,Blueair Classic 480i,10,548.66,5486.60,Oceania
11623,2024-07-05,Sports,Adidas FIFA Soccer Ball,1,36.85,36.85,Europe
11624,2025-07-06,Books,The Hobbit,2,14.48,28.96,Europe
11625,2024-11-10,Clothing,Levi's 501 Jeans,2,76.37,152.74,Middle East
11626,2025-09-01,Clothing,Patagonia Fleece Jacket,16,191.77,3068.32,Africa
11627,2024-02-21,Home Appliances,Samsung Smart Refrigerator,18,1866.83,33602.94,South America
11628,2025-05-29,Clothing,Under Armour Training Shirt,19,41.15,781.85,Oceania
11629,2025-03-24,Clothing,North Face Down Jacket,15,253.82,3807.30,North America
11630,2025-10-17,Home Appliances,Dyson V11 Vacuum,19,456.13,8666.47,North America
11631,2025-04-03,Clothing,Levi's 501 Jeans,11,64.51,709.61,Europe
11632,2024-12-23,Clothing,Columbia Rain Jacket,19,133.17,2530.23,North America
11633,2024-07-05,Books,Deep Work,7,19.96,139.72,North America
11634,2025-04-06,Beauty Products,L'Oreal Revitalift Cream,18,31.40,565.20,North America
11635,2024-10-21,Clothing,Levi's 501 Jeans,19,65.99,1253.81,Asia
11636,2024-01-29,Clothing,Nike Air Force 1,4,93.30,373.20,Asia
11637,2025-08-28,Beauty Products,L'Oreal Revitalift Cream,10,30.66,306.60,Asia
11638,2025-11-02,Sports,Bowflex Adjustable Dumbbells,7,460.33,3222.31,Middle East
11639,2024-12-06,Clothing,Puma Sports Hoodie,17,70.49,1198.33,North America
11640,2024-06-12,Home Appliances,Ninja Professional Blender,4,95.74,382.96,North America
11641,2024-06-15,Home Appliances,Keurig K-Elite Coffee Maker,10,182.87,1828.70,Middle East
11642,2025-06-12,Sports,Bowflex Adjustable Dumbbells,15,402.21,6033.15,Africa
11643,2025-04-28,Sports,Spalding Volleyball,13,38.44,499.72,Asia
11644,2024-09-05,Clothing,Vans Old Skool Sneakers,14,82.30,1152.20,Oceania
11645,2024-07-26,Electronics,Sony WH-1000XM5 Headphones,3,363.97,1091.91,Middle East
11646,2024-10-14,Home Appliances,Ninja Professional Blender,12,106.79,1281.48,South America
11647,2025-11-23,Electronics,Sony WH-1000XM5 Headphones,9,399.42,3594.78,Middle East
11648,2024-01-08,Home Appliances,Blueair Classic 480i,15,658.10,9871.50,Middle East
11649,2024-10-28,Books,"Salt, Fat, Acid, Heat by Samin Nosrat",1,32.51,32.51,South America
11650,2024-09-03,Electronics,Apple Watch Series 9,1,402.00,402.00,Asia
11651,2024-07-12,Clothing,Columbia Rain Jacket,8,124.36,994.88,Asia
11652,2024-06-09,Books,The Da Vinci Code,16,15.65,250.40,Middle East
11653,2024-05-28,Home Appliances,Ninja Professional Blender,4,103.95,415.80,Asia
11654,2024-12-05,Sports,Callaway Golf Club Set,2,951.37,1902.74,Europe
11655,2025-07-29,Home Appliances,KitchenAid Stand Mixer,17,439.65,7474.05,Oceania
11656,2025-05-06,Sports,Fitbit Charge 6,18,167.12,3008.16,Oceania
11657,2024-05-01,Beauty Products,L'Oreal Revitalift Cream,10,29.79,297.90,Middle East
11658,2025-01-31,Home Appliances,Dyson V11 Vacuum,3,470.59,1411.77,Asia
11659,2024-12-19,Beauty Products,The Ordinary Serum Set,1,42.56,42.56,South America
11660,2024-03-20,Home Appliances,LG Front Load Washer,10,893.14,8931.40,North America
11661,2025-03-31,Home Appliances,Instant Pot Duo 7-in-1,6,133.63,801.78,Middle East
11662,2025-11-04,Books,The Alchemist,2,12.74,25.48,Oceania
11663,2024-10-19,Clothing,Vans Old Skool Sneakers,17,76.67,1303.39,Europe
11664,2024-07-04,Sports,Callaway Golf Club Set,12,918.53,11022.36,Africa
11665,2024-10-18,Clothing,Columbia Rain Jacket,13,128.75,1673.75,Middle East
11666,2025-03-12,Electronics,Nintendo Switch OLED,2,328.27,656.54,Africa
11667,2025-08-11,Clothing,Under Armour Training Shirt,20,37.28,745.60,Oceania
11668,2024-02-02,Sports,Wilson Evolution Basketball,13,28.65,372.45,Asia
11669,2024-06-27,Home Appliances,Ninja Professional Blender,9,109.04,981.36,North America
11670,2024-05-10,Sports,Babolat Pure Drive Tennis Racket,13,182.54,2373.02,Middle East
11671,2024-08-16,Sports,Adidas FIFA Soccer Ball,10,38.38,383.80,Middle East
11672,2025-01-28,Electronics,Samsung Galaxy Tab S8,19,753.57,14317.83,South America
11673,2025-08-21,Sports,Manduka PRO Yoga Mat,15,123.95,1859.25,Middle East
11674,2025-11-01,Books,"Salt, Fat, Acid, Heat by Samin Nosrat",17,30.38,516.46,Africa
11675,2025-08-26,Clothing,Puma Sports Hoodie,11,75.48,830.28,Asia
11676,2024-10-10,Electronics,Apple Watch Series 9,19,437.42,8310.98,Oceania
11677,2025-05-09,Home Appliances,iRobot Roomba j7,12,616.01,7392.12,Middle East
11678,2024-01-04,Books,Atomic Habits,7,19.77,138.39,Middle East
11679,2024-09-04,Books,The Alchemist,18,13.07,235.26,North America
11680,2025-01-02,Clothing,Puma Sports Hoodie,8,75.00,600.00,Middle East
11681,2025-11-19,Sports,Hydro Flask Sports Bottle,16,40.32,645.12,South America
11682,2024-09-15,Beauty Products,Olaplex Hair Repair Set,20,61.27,1225.40,Middle East
11683,2024-10-25,Home Appliances,Samsung Smart Refrigerator,16,1829.01,29264.16,Oceania
11684,2024-08-08,Sports,Adidas FIFA Soccer Ball,14,41.37,579.18,Asia
11685,2024-02-12,Electronics,MacBook Pro 16-inch,18,2371.57,42688.26,North America
11686,2025-02-14,Sports,Hydro Flask Sports Bottle,3,37.29,111.87,Africa
11687,2024-05-07,Books,The Hobbit,18,13.59,244.62,Africa
11688,2025-04-27,Sports,Everlast Boxing Gloves,2,45.66,91.32,Africa
11689,2025-10-11,Books,The Da Vinci Code,7,17.00,119.00,Africa
11690,2025-02-22,Books,The Alchemist,17,13.11,222.87,North America
11691,2024-05-04,Clothing,Patagonia Fleece Jacket,17,163.52,2779.84,Oceania
11692,2024-05-11,Clothing,Calvin Klein Slim Fit Shirt,4,81.45,325.80,Europe
11693,2025-02-27,Sports,Wilson Evolution Basketball,19,29.57,561.83,Middle East
11694,2025-01-23,Books,The Da Vinci Code,20,16.77,335.40,Asia
11695,2024-11-18,Electronics,Dell XPS 13 Laptop,10,1312.65,13126.50,South America
11696,2025-02-22,Sports,Wilson Evolution Basketball,4,30.36,121.44,North America
11697,2024-06-30,Home Appliances,Dyson V11 Vacuum,6,510.14,3060.84,North America
11698,2025-10-27,Books,"Salt, Fat, Acid, Heat by Samin Nosrat",1,31.97,31.97,Asia
11699,2025-06-08,Beauty Products,CeraVe Hydrating Cleanser,6,18.05,108.30,Europe
11700,2024-12-29,Sports,Spalding Volleyball,11,32.52,357.72,Oceania
11701,2024-03-23,Books,Clean Code,14,36.36,509.04,Europe
11702,2024-01-19,Books,Sapiens,14,25.45,356.30,Europe
11703,2025-02-19,Books,Clean Code,11,37.85,416.35,North America
11704,2025-03-12,Clothing,Vans Old Skool Sneakers,1,82.38,82.38,South America
11705,2024-12-30,Clothing,Patagonia Fleece Jacket,6,185.83,1114.98,Oceania
11706,2025-05-03,Sports,Spalding Volleyball,16,31.79,508.64,South America
11707,2024-01-22,Beauty Products,Chanel No. 5 Perfume,9,117.71,1059.39,Africa
11708,2025-07-06,Beauty Products,Olaplex Hair Repair Set,17,62.91,1069.47,Middle East
11709,2025-08-15,Home Appliances,iRobot Roomba j7,18,646.86,11643.48,Oceania
11710,2024-05-02,Electronics,Sony WH-1000XM5 Headphones,3,425.59,1276.77,Oceania
11711,2024-01-10,Electronics,Google Pixel 8 Pro,8,949.48,7595.84,Oceania
11712,2024-12-26,Clothing,Columbia Rain Jacket,7,139.62,977.34,North America
11713,2025-11-18,Beauty Products,Maybelline Makeup Kit,19,51.04,969.76,Oceania
11714,2025-04-03,Books,The Hobbit,17,15.60,265.20,North America
11715,2025-08-09,Electronics,Nintendo Switch OLED,3,340.34,1021.02,Oceania
11716,2025-12-01,Electronics,Apple Watch Series 9,19,389.78,7405.82,Africa
11717,2024-04-15,Beauty Products,L'Oreal Revitalift Cream,15,32.24,483.60,Asia
11718,2025-03-26,Home Appliances,Dyson V11 Vacuum,12,499.94,5999.28,Middle East
11719,2024-07-09,Books,Atomic Habits,8,19.47,155.76,Middle East
11720,2024-05-15,Electronics,Dell XPS 13 Laptop,5,1392.94,6964.70,Oceania
11721,2024-12-29,Beauty Products,Neutrogena Skincare Set,13,87.44,1136.72,Asia
11722,2024-04-14,Clothing,Adidas Ultraboost Shoes,16,173.61,2777.76,South America
11723,2025-05-27,Books,Deep Work,2,17.17,34.34,Africa
11724,2025-06-20,Clothing,Puma Sports Hoodie,4,82.48,329.92,Asia
11725,2025-08-15,Home Appliances,Philips Air Fryer XXL,1,234.07,234.07,Asia
11726,2024-07-20,Books,Sapiens,14,25.62,358.68,North America
11727,2024-07-13,Books,The Da Vinci Code,7,16.50,115.50,Africa
11728,2024-02-15,Books,Dune by Frank Herbert,7,27.71,193.97,Europe
11729,2024-12-06,Books,The Da Vinci Code,19,16.06,305.14,North America
11730,2024-11-16,Beauty Products,Chanel No. 5 Perfume,12,138.60,1663.20,Africa
11731,2024-11-06,Beauty Products,Chanel No. 5 Perfume,17,118.73,2018.41,Asia
11732,2025-08-09,Home Appliances,LG Front Load Washer,11,871.11,9582.21,North America
11733,2024-07-17,Clothing,Nike Air Force 1,19,83.48,1586.12,Europe
11734,2024-04-30,Books,The Psychology of Money,6,17.59,105.54,North America
11735,2024-05-31,Clothing,Columbia Rain Jacket,17,136.77,2325.09,Oceania
11736,2024-11-11,Books,The Hobbit,8,15.61,124.88,North America
11737,2024-12-12,Home Appliances,Ninja Professional Blender,7,100.49,703.43,Middle East
11738,2024-11-16,Clothing,Puma Sports Hoodie,3,81.70,245.10,Europe
11739,2025-03-11,Beauty Products,L'Oreal Revitalift Cream,3,28.99,86.97,Africa
11740,2024-03-02,Beauty Products,The Ordinary Serum Set,5,39.04,195.20,Asia
11741,2024-03-07,Beauty Products,Neutrogena Skincare Set,3,83.13,249.39,South America
11742,2024-09-28,Home Appliances,Philips Air Fryer XXL,19,264.84,5031.96,Europe
11743,2025-11-27,Books,The Alchemist,14,13.78,192.92,Oceania
11744,2025-09-18,Beauty Products,CeraVe Hydrating Cleanser,13,17.48,227.24,Oceania
11745,2025-07-08,Home Appliances,LG Front Load Washer,15,949.20,14238.00,South America
11746,2024-07-30,Beauty Products,Maybelline Makeup Kit,7,51.85,362.95,Asia
11747,2024-11-18,Electronics,Apple Watch Series 9,20,431.81,8636.20,Middle East
11748,2025-07-30,Clothing,Vans Old Skool Sneakers,11,79.85,878.35,North America
11749,2025-12-15,Clothing,Vans Old Skool Sneakers,9,82.13,739.17,Middle East
11750,2024-10-14,Clothing,Nike Air Force 1,16,92.94,1487.04,South America
11751,2024-04-07,Books,The Hobbit,11,15.98,175.78,Africa
11752,2024-09-13,Sports,Wilson Evolution Basketball,12,31.25,375.00,Middle East
11753,2024-05-05,Sports,Babolat Pure Drive Tennis Racket,15,216.03,3240.45,South America
11754,2025-01-23,Books,The Da Vinci Code,4,14.69,58.76,Oceania
11755,2025-03-07,Sports,Bowflex Adjustable Dumbbells,6,394.31,2365.86,South America
11756,2024-01-26,Home Appliances,KitchenAid Stand Mixer,20,408.56,8171.20,Europe
11757,2024-06-02,Beauty Products,L'Oreal Revitalift Cream,2,31.78,63.56,Asia
11758,2024-05-02,Beauty Products,MAC Lipstick Collection,10,82.45,824.50,Asia
11759,2024-04-02,Clothing,Vans Old Skool Sneakers,12,83.18,998.16,Africa
11760,2024-11-11,Clothing,Under Armour Training Shirt,5,39.52,197.60,Oceania
11761,2024-10-16,Sports,Adidas FIFA Soccer Ball,17,41.98,713.66,Africa
11762,2024-10-31,Home Appliances,Philips Air Fryer XXL,11,228.88,2517.68,Oceania
11763,2025-03-06,Books,Atomic Habits,15,21.91,328.65,Europe
11764,2025-12-14,Clothing,Under Armour Training Shirt,4,42.11,168.44,North America
11765,2024-05-01,Electronics,iPhone 14 Pro,19,1037.02,19703.38,Middle East
11766,2025-09-01,Home Appliances,Instant Pot Duo 7-in-1,7,124.30,870.10,South America
11767,2024-06-09,Sports,Fitbit Charge 6,6,152.57,915.42,Asia
11768,2024-05-17,Sports,Fitbit Charge 6,8,162.77,1302.16,South America
11769,2025-07-15,Electronics,Canon EOS R10 Camera,16,922.15,14754.40,Oceania
11770,2024-05-05,Sports,Callaway Golf Club Set,1,869.50,869.50,Middle East
11771,2025-02-16,Beauty Products,Olaplex Hair Repair Set,2,55.67,111.34,Africa
11772,2025-06-26,Sports,Babolat Pure Drive Tennis Racket,12,183.43,2201.16,Asia
11773,2024-12-22,Electronics,Dell XPS 13 Laptop,1,1404.29,1404.29,South America
11774,2024-09-28,Clothing,Adidas Ultraboost Shoes,10,179.57,1795.70,South America
11775,2024-01-21,Beauty Products,Olaplex Hair Repair Set,10,60.34,603.40,Oceania
11776,2025-12-03,Clothing,Under Armour Training Shirt,4,40.92,163.68,South America
11777,2024-04-02,Clothing,Nike Air Force 1,20,93.57,1871.40,North America
11778,2025-06-30,Clothing,Levi's 501 Jeans,9,66.11,594.99,Africa
11779,2025-03-28,Books,Dune by Frank Herbert,18,26.99,485.82,Oceania
11780,2024-04-19,Sports,Hydro Flask Sports Bottle,18,39.90,718.20,Africa
11781,2024-05-12,Books,Clean Code,17,39.46,670.82,North America
11782,2024-12-24,Home Appliances,Samsung Smart Refrigerator,14,1981.21,27736.94,South America
11783,2024-05-04,Beauty Products,Clinique Moisture Surge,11,41.41,455.51,Middle East
11784,2024-10-08,Sports,Adidas FIFA Soccer Ball,3,41.94,125.82,Middle East
11785,2024-08-22,Books,The Psychology of Money,6,17.64,105.84,Europe
11786,2025-02-19,Electronics,Canon EOS R10 Camera,15,949.85,14247.75,South America
11787,2024-05-18,Books,"Salt, Fat, Acid, Heat by Samin Nosrat",2,35.97,71.94,Asia
11788,2024-03-12,Clothing,Levi's 501 Jeans,5,73.77,368.85,Asia
11789,2025-05-24,Clothing,Nike Air Force 1,10,94.95,949.50,South America
11790,2024-06-07,Clothing,Patagonia Fleece Jacket,5,195.95,979.75,Africa
11791,2024-08-26,Books,The Psychology of Money,15,17.11,256.65,Middle East
11792,2024-11-09,Sports,Hydro Flask Sports Bottle,4,39.35,157.40,Europe
11793,2025-08-04,Sports,Hydro Flask Sports Bottle,18,40.96,737.28,Africa
11794,2025-05-31,Electronics,Samsung Galaxy Tab S8,10,789.72,7897.20,South America
11795,2025-10-14,Books,Clean Code,18,42.19,759.42,Oceania
11796,2024-07-07,Books,Deep Work,13,18.55,241.15,Oceania
11797,2024-01-03,Books,Sapiens,18,24.51,441.18,Europe
11798,2025-09-18,Clothing,Columbia Rain Jacket,13,133.92,1740.96,Middle East
11799,2024-02-26,Electronics,MacBook Pro 16-inch,16,2534.52,40552.32,Asia
11800,2024-09-30,Electronics,Samsung Galaxy Tab S8,17,710.81,12083.77,South America
11801,2025-11-24,Sports,Spalding Volleyball,16,32.72,523.52,Middle East
11802,2024-07-28,Clothing,Patagonia Fleece Jacket,2,175.19,350.38,North America
11803,2024-01-24,Home Appliances,KitchenAid Stand Mixer,13,406.28,5281.64,Europe
11804,2025-10-22,Electronics,Sony WH-1000XM5 Headphones,15,379.81,5697.15,Middle East
11805,2024-11-10,Electronics,Nintendo Switch OLED,7,377.98,2645.86,Oceania
11806,2024-09-20,Books,Sapiens,12,25.02,300.24,Africa
11807,2025-04-07,Home Appliances,Dyson V11 Vacuum,11,453.87,4992.57,Asia
11808,2024-07-26,Books,The Da Vinci Code,11,16.32,179.52,Asia
11809,2025-06-23,Home Appliances,Philips Air Fryer XXL,15,232.19,3482.85,Asia
11810,2025-10-31,Books,The Hobbit,15,14.93,223.95,Asia
11811,2024-01-21,Clothing,Vans Old Skool Sneakers,15,79.82,1197.30,Oceania
11812,2025-04-05,Books,The Psychology of Money,2,19.62,39.24,South America
11813,2025-06-03,Beauty Products,Clinique Moisture Surge,13,46.98,610.74,South America
11814,2024-08-24,Electronics,MacBook Pro 16-inch,3,2543.91,7631.73,Oceania
11815,2025-10-22,Beauty Products,MAC Lipstick Collection,11,82.09,902.99,Middle East
11816,2025-01-31,Clothing,Patagonia Fleece Jacket,5,167.04,835.20,Africa
11817,2025-12-10,Sports,Bowflex Adjustable Dumbbells,15,453.19,6797.85,Asia
11818,2024-03-22,Beauty Products,L'Oreal Revitalift Cream,8,31.66,253.28,South America
11819,2025-08-08,Home Appliances,Blueair Classic 480i,8,549.75,4398.00,Europe
11820,2024-02-16,Clothing,Levi's 501 Jeans,18,71.98,1295.64,Asia
11821,2025-07-24,Electronics,Sony WH-1000XM5 Headphones,2,439.84,879.68,Middle East
11822,2024-11-08,Beauty Products,The Ordinary Serum Set,6,36.98,221.88,North America
11823,2024-07-07,Home Appliances,iRobot Roomba j7,3,668.80,2006.40,South America
11824,2025-05-13,Beauty Products,Clinique Moisture Surge,14,47.16,660.24,Asia
11825,2025-02-08,Home Appliances,LG Front Load Washer,7,985.26,6896.82,Asia
11826,2025-08-31,Home Appliances,Ninja Professional Blender,5,92.59,462.95,Oceania
11827,2025-10-16,Clothing,Levi's 501 Jeans,5,63.71,318.55,Oceania
11828,2025-01-08,Books,Atomic Habits,7,18.63,130.41,Middle East
11829,2025-10-21,Beauty Products,Maybelline Makeup Kit,13,54.57,709.41,Europe
11830,2025-03-20,Clothing,Nike Air Force 1,2,88.67,177.34,Asia
11831,2025-08-28,Sports,Fitbit Charge 6,2,146.56,293.12,South America
11832,2025-07-22,Home Appliances,Keurig K-Elite Coffee Maker,20,179.51,3590.20,North America
11833,2025-11-09,Sports,Babolat Pure Drive Tennis Racket,15,212.40,3186.00,Middle East
11834,2024-11-03,Sports,Adidas FIFA Soccer Ball,20,39.35,787.00,North America
11835,2025-11-01,Sports,Adidas FIFA Soccer Ball,19,38.88,738.72,Africa
11836,2024-01-12,Clothing,Calvin Klein Slim Fit Shirt,12,95.87,1150.44,South America
11837,2024-02-15,Home Appliances,Instant Pot Duo 7-in-1,5,133.35,666.75,Oceania
11838,2025-02-24,Clothing,North Face Down Jacket,20,269.79,5395.80,Asia
11839,2025-12-01,Electronics,MacBook Pro 16-inch,13,2394.18,31124.34,Middle East
11840,2025-08-30,Home Appliances,KitchenAid Stand Mixer,7,486.62,3406.34,South America
11841,2025-06-03,Home Appliances,Ninja Professional Blender,15,107.45,1611.75,North America
11842,2025-11-21,Books,The Hobbit,13,13.75,178.75,Asia
11843,2025-11-16,Electronics,Garmin Forerunner 945,19,503.90,9574.10,South America
11844,2024-08-13,Books,Sapiens,13,23.87,310.31,Europe
11845,2024-02-17,Books,Atomic Habits,12,19.11,229.32,Middle East
11846,2024-03-15,Home Appliances,Ninja Professional Blender,4,108.37,433.48,Europe
11847,2024-09-16,Clothing,Patagonia Fleece Jacket,20,166.28,3325.60,Middle East
11848,2024-12-22,Beauty Products,Maybelline Makeup Kit,12,48.99,587.88,Middle East
11849,2025-06-25,Books,The Alchemist,2,12.31,24.62,Asia
11850,2024-06-29,Beauty Products,L'Oreal Revitalift Cream,8,28.54,228.32,North America
11851,2025-04-06,Beauty Products,Chanel No. 5 Perfume,20,128.54,2570.80,Asia
11852,2024-04-07,Clothing,Under Armour Training Shirt,11,38.03,418.33,Oceania
11853,2024-02-20,Home Appliances,KitchenAid Stand Mixer,2,468.69,937.38,South America
11854,2025-05-03,Electronics,Canon EOS R10 Camera,9,1070.67,9636.03,Oceania
11855,2024-09-13,Sports,Fitbit Charge 6,17,145.52,2473.84,Europe
11856,2025-02-21,Sports,Adidas FIFA Soccer Ball,18,43.10,775.80,Europe
11857,2025-06-28,Sports,Adidas FIFA Soccer Ball,17,42.29,718.93,Asia
11858,2025-09-15,Books,Atomic Habits,18,19.06,343.08,Middle East
11859,2025-03-21,Sports,Bowflex Adjustable Dumbbells,16,406.28,6500.48,Asia
11860,2025-09-02,Electronics,Sony WH-1000XM5 Headphones,9,387.33,3485.97,Africa
11861,2025-11-22,Home Appliances,Instant Pot Duo 7-in-1,16,137.33,2197.28,Europe
11862,2025-09-06,Sports,Spalding Volleyball,8,36.25,290.00,Asia
11863,2025-02-05,Sports,Babolat Pure Drive Tennis Racket,14,185.68,2599.52,North America
11864,2025-01-02,Beauty Products,The Ordinary Serum Set,16,37.83,605.28,North America
11865,2025-08-25,Beauty Products,Maybelline Makeup Kit,17,48.68,827.56,Africa
11866,2025-06-22,Beauty Products,Dyson Supersonic Hair Dryer,4,452.69,1810.76,Oceania
11867,2024-07-25,Clothing,Adidas Ultraboost Shoes,12,179.20,2150.40,Asia
11868,2025-03-16,Sports,Callaway Golf Club Set,12,966.85,11602.20,Middle East
11869,2024-07-01,Sports,Babolat Pure Drive Tennis Racket,11,193.69,2130.59,North America
11870,2024-02-25,Electronics,MacBook Pro 16-inch,5,2448.29,12241.45,Africa
11871,2024-08-06,Clothing,Levi's 501 Jeans,19,76.34,1450.46,Middle East
11872,2024-06-10,Books,The Hobbit,11,15.92,175.12,Oceania
11873,2025-04-02,Home Appliances,Blueair Classic 480i,20,595.71,11914.20,Middle East
11874,2024-06-06,Electronics,MacBook Pro 16-inch,3,2387.52,7162.56,South America
11875,2024-10-06,Home Appliances,LG Front Load Washer,14,851.53,11921.42,Middle East
11876,2025-02-17,Sports,Adidas FIFA Soccer Ball,2,39.11,78.22,Africa
11877,2024-11-20,Sports,Everlast Boxing Gloves,10,49.33,493.30,Asia
11878,2024-08-20,Clothing,Columbia Rain Jacket,10,140.01,1400.10,Europe
11879,2025-12-26,Beauty Products,Dyson Supersonic Hair Dryer,9,432.61,3893.49,Middle East
11880,2024-10-31,Books,The Alchemist,12,12.27,147.24,North America
11881,2024-08-26,Sports,Fitbit Charge 6,10,145.36,1453.60,Oceania
11882,2025-11-21,Beauty Products,Dyson Supersonic Hair Dryer,14,442.55,6195.70,North America
11883,2024-04-13,Books,Dune by Frank Herbert,20,23.53,470.60,Asia
11884,2024-12-02,Beauty Products,Neutrogena Skincare Set,20,92.20,1844.00,South America
11885,2024-07-12,Sports,Adidas FIFA Soccer Ball,6,42.52,255.12,Europe
11886,2025-06-08,Books,Clean Code,1,40.36,40.36,Asia
11887,2024-01-09,Books,The Hobbit,5,16.03,80.15,Asia
11888,2025-03-01,Sports,Wilson Evolution Basketball,3,31.48,94.44,Middle East
11889,2025-12-19,Electronics,Google Pixel 8 Pro,9,1063.17,9568.53,Africa
11890,2025-01-01,Home Appliances,Dyson V11 Vacuum,10,467.07,4670.70,Asia
11891,2025-06-18,Electronics,iPhone 14 Pro,12,949.04,11388.48,Asia
11892,2024-09-26,Clothing,Patagonia Fleece Jacket,4,171.23,684.92,Asia
11893,2025-01-16,Books,The Da Vinci Code,2,14.75,29.50,Middle East
11894,2024-09-15,Home Appliances,Keurig K-Elite Coffee Maker,8,189.39,1515.12,Asia
11895,2024-11-15,Home Appliances,Blueair Classic 480i,14,653.71,9151.94,Asia
11896,2025-08-12,Electronics,Apple Watch Series 9,11,469.15,5160.65,Africa
11897,2024-04-10,Books,Sapiens,9,23.54,211.86,Oceania
11898,2024-08-27,Electronics,Dell XPS 13 Laptop,12,1249.96,14999.52,Asia
11899,2025-01-24,Books,Dune by Frank Herbert,6,24.22,145.32,Oceania
11900,2024-08-23,Books,The Da Vinci Code,14,14.60,204.40,South America
11901,2025-07-17,Clothing,Under Armour Training Shirt,12,41.37,496.44,South America
11902,2024-02-25,Electronics,Nintendo Switch OLED,12,375.28,4503.36,Europe
11903,2025-01-15,Books,Atomic Habits,14,20.48,286.72,Middle East
11904,2025-12-13,Books,The Alchemist,4,11.96,47.84,Europe
11905,2025-05-29,Electronics,Google Pixel 8 Pro,18,926.41,16675.38,North America
11906,2024-07-10,Electronics,Google Pixel 8 Pro,1,939.41,939.41,Europe
11907,2025-04-15,Beauty Products,Chanel No. 5 Perfume,18,130.43,2347.74,Oceania
11908,2024-10-18,Clothing,Patagonia Fleece Jacket,15,166.37,2495.55,Oceania
11909,2024-06-07,Sports,Bowflex Adjustable Dumbbells,8,454.99,3639.92,Europe
11910,2024-12-27,Books,Clean Code,16,42.35,677.60,Europe
11911,2024-09-21,Home Appliances,Philips Air Fryer XXL,6,232.60,1395.60,South America
11912,2024-10-26,Clothing,Puma Sports Hoodie,1,74.34,74.34,Asia
11913,2025-05-26,Sports,Everlast Boxing Gloves,7,47.95,335.65,Middle East
11914,2024-04-25,Home Appliances,Instant Pot Duo 7-in-1,5,132.54,662.70,Oceania
11915,2025-04-18,Books,Deep Work,7,17.33,121.31,Europe
11916,2025-04-15,Books,"Salt, Fat, Acid, Heat by Samin Nosrat",18,31.39,565.02,Oceania
11917,2025-01-29,Electronics,iPhone 14 Pro,15,997.72,14965.80,Africa
11918,2024-03-29,Sports,Callaway Golf Club Set,10,898.51,8985.10,Middle East
11919,2024-08-12,Books,"Salt, Fat, Acid, Heat by Samin Nosrat",6,32.43,194.58,Middle East
11920,2024-06-01,Clothing,North Face Down Jacket,3,249.14,747.42,Africa
11921,2024-02-24,Electronics,Nintendo Switch OLED,12,359.27,4311.24,Middle East
11922,2025-03-22,Beauty Products,Maybelline Makeup Kit,9,54.93,494.37,Middle East
11923,2025-10-27,Clothing,Nike Air Force 1,14,91.95,1287.30,Oceania
11924,2025-11-04,Home Appliances,KitchenAid Stand Mixer,8,444.67,3557.36,Africa
11925,2024-06-10,Electronics,Sony WH-1000XM5 Headphones,13,413.80,5379.40,Africa
11926,2024-01-21,Beauty Products,MAC Lipstick Collection,17,86.87,1476.79,Oceania
11927,2024-07-18,Books,Atomic Habits,14,19.62,274.68,Africa
11928,2024-11-25,Electronics,MacBook Pro 16-inch,10,2567.67,25676.70,Oceania
11929,2024-10-08,Beauty Products,MAC Lipstick Collection,10,85.88,858.80,Middle East
11930,2025-05-06,Sports,Callaway Golf Club Set,1,935.02,935.02,Africa
11931,2025-07-25,Home Appliances,Blueair Classic 480i,8,634.97,5079.76,South America
11932,2025-01-14,Books,Sapiens,10,26.63,266.30,North America
11933,2024-10-22,Clothing,Adidas Ultraboost Shoes,6,204.38,1226.28,Oceania
11934,2025-02-17,Books,Sapiens,3,25.06,75.18,Europe
11935,2025-01-27,Beauty Products,The Ordinary Serum Set,18,40.02,720.36,North America
11936,2024-08-13,Home Appliances,KitchenAid Stand Mixer,4,482.17,1928.68,North America
11937,2025-08-03,Beauty Products,Olaplex Hair Repair Set,20,62.34,1246.80,South America
11938,2025-05-23,Clothing,Patagonia Fleece Jacket,19,185.23,3519.37,Oceania
11939,2024-02-24,Sports,Everlast Boxing Gloves,19,46.65,886.35,North America
11940,2024-11-10,Beauty Products,CeraVe Hydrating Cleanser,15,20.85,312.75,Europe
11941,2024-02-19,Clothing,North Face Down Jacket,17,255.12,4337.04,Middle East
11942,2025-08-26,Sports,Bowflex Adjustable Dumbbells,3,470.16,1410.48,Asia
11943,2025-04-20,Home Appliances,Keurig K-Elite Coffee Maker,15,179.33,2689.95,North America
11944,2025-04-20,Sports,Hydro Flask Sports Bottle,14,38.82,543.48,Middle East
11945,2024-02-03,Electronics,Garmin Forerunner 945,16,502.96,8047.36,Europe
11946,2025-10-27,Books,"Salt, Fat, Acid, Heat by Samin Nosrat",14,33.38,467.32,Middle East
11947,2024-11-07,Beauty Products,MAC Lipstick Collection,4,82.52,330.08,Oceania
11948,2025-04-08,Sports,Spalding Volleyball,15,33.04,495.60,Asia
11949,2024-11-04,Home Appliances,Dyson V11 Vacuum,16,492.89,7886.24,Africa
11950,2024-06-15,Beauty Products,L'Oreal Revitalift Cream,13,29.67,385.71,Oceania
11951,2025-12-12,Home Appliances,Samsung Smart Refrigerator,19,2045.38,38862.22,North America
11952,2024-05-17,Clothing,Calvin Klein Slim Fit Shirt,10,83.60,836.00,South America
11953,2025-03-01,Home Appliances,Keurig K-Elite Coffee Maker,2,184.08,368.16,Africa
11954,2025-09-16,Home Appliances,Blueair Classic 480i,16,647.89,10366.24,Africa
11955,2024-09-20,Home Appliances,Instant Pot Duo 7-in-1,8,117.81,942.48,South America
11956,2024-07-20,Clothing,Vans Old Skool Sneakers,16,77.53,1240.48,North America
11957,2024-10-21,Electronics,MacBook Pro 16-inch,20,2402.73,48054.60,Africa
11958,2025-07-08,Books,The Hobbit,2,16.18,32.36,Asia
11959,2025-01-08,Sports,Wilson Evolution Basketball,6,29.89,179.34,Oceania
11960,2025-06-16,Electronics,Google Pixel 8 Pro,16,942.87,15085.92,Asia
11961,2025-11-06,Books,Deep Work,5,19.62,98.10,Africa
11962,2024-09-12,Clothing,Puma Sports Hoodie,2,67.85,135.70,Asia
11963,2024-11-15,Books,"Salt, Fat, Acid, Heat by Samin Nosrat",3,30.13,90.39,Africa
11964,2024-03-23,Electronics,Nintendo Switch OLED,19,376.60,7155.40,Africa
11965,2024-12-28,Clothing,Adidas Ultraboost Shoes,8,182.99,1463.92,Europe
11966,2025-12-02,Sports,Manduka PRO Yoga Mat,4,129.23,516.92,Middle East
11967,2024-07-22,Sports,Adidas FIFA Soccer Ball,20,42.33,846.60,Asia
11968,2024-10-10,Beauty Products,L'Oreal Revitalift Cream,7,32.95,230.65,Africa
11969,2024-08-04,Clothing,Puma Sports Hoodie,10,72.38,723.80,Asia
11970,2024-05-04,Books,Deep Work,1,18.87,18.87,Africa
11971,2024-04-17,Clothing,Levi's 501 Jeans,17,72.43,1231.31,Middle East
11972,2025-12-16,Home Appliances,iRobot Roomba j7,7,711.01,4977.07,North America
11973,2025-11-14,Sports,Everlast Boxing Gloves,15,50.36,755.40,Europe
11974,2024-05-15,Home Appliances,iRobot Roomba j7,9,585.08,5265.72,Europe
11975,2025-09-01,Electronics,MacBook Pro 16-inch,6,2655.50,15933.00,South America
11976,2025-02-03,Beauty Products,MAC Lipstick Collection,9,85.06,765.54,Middle East
11977,2024-04-03,Clothing,Vans Old Skool Sneakers,20,73.91,1478.20,Africa
11978,2025-12-19,Books,"Salt, Fat, Acid, Heat by Samin Nosrat",18,32.42,583.56,Europe
11979,2025-08-22,Electronics,Sony WH-1000XM5 Headphones,17,391.14,6649.38,Europe
11980,2024-01-17,Clothing,Vans Old Skool Sneakers,5,72.17,360.85,Middle East
11981,2024-04-24,Books,Sapiens,14,25.29,354.06,Asia
11982,2024-09-25,Clothing,Levi's 501 Jeans,14,70.45,986.30,Asia
11983,2025-04-01,Sports,Wilson Evolution Basketball,2,32.92,65.84,Africa
11984,2025-07-11,Books,Atomic Habits,2,21.92,43.84,North America
11985,2025-08-09,Home Appliances,Instant Pot Duo 7-in-1,7,137.45,962.15,Europe
11986,2024-11-20,Sports,Callaway Golf Club Set,10,871.11,8711.10,Middle East
11987,2024-02-16,Books,"Salt, Fat, Acid, Heat by Samin Nosrat",14,34.41,481.74,Africa
11988,2024-12-21,Sports,Everlast Boxing Gloves,3,54.06,162.18,North America
11989,2025-01-12,Home Appliances,Samsung Smart Refrigerator,14,1993.61,27910.54,South America
11990,2024-12-26,Home Appliances,KitchenAid Stand Mixer,7,457.69,3203.83,North America
11991,2024-07-04,Electronics,Apple Watch Series 9,9,407.12,3664.08,South America
11992,2025-02-23,Home Appliances,iRobot Roomba j7,7,655.86,4591.02,Asia
11993,2025-12-03,Electronics,Sony WH-1000XM5 Headphones,18,375.05,6750.90,Africa
11994,2025-07-18,Books,The Da Vinci Code,19,15.04,285.76,Asia
11995,2024-03-28,Clothing,Patagonia Fleece Jacket,14,171.48,2400.72,Africa
11996,2025-03-09,Beauty Products,Maybelline Makeup Kit,20,47.31,946.20,Middle East
11997,2025-01-29,Electronics,Apple Watch Series 9,10,412.98,4129.80,Oceania
11998,2025-10-20,Clothing,Levi's 501 Jeans,14,64.78,906.92,Asia
11999,2024-09-08,Clothing,Calvin Klein Slim Fit Shirt,6,97.57,585.42,Africa
12000,2024-12-23,Home Appliances,Blueair Classic 480i,1,652.04,652.04,Europe
12001,2024-10-27,Sports,Fitbit Charge 6,15,161.30,2419.50,Asia
12002,2024-01-09,Electronics,iPhone 14 Pro,19,945.83,17970.77,Asia
12003,2024-09-28,Books,The Alchemist,3,11.74,35.22,Asia
12004,2025-12-05,Sports,Wilson Evolution Basketball,1,27.40,27.40,Middle East
12005,2024-07-31,Sports,Adidas FIFA Soccer Ball,8,37.54,300.32,Europe
12006,2025-01-21,Books,Atomic Habits,7,20.09,140.63,South America
12007,2025-10-27,Clothing,Levi's 501 Jeans,2,63.89,127.78,Oceania
12008,2025-06-14,Electronics,Nintendo Switch OLED,5,382.05,1910.25,North America
12009,2025-04-30,Beauty Products,CeraVe Hydrating Cleanser,10,19.11,191.10,North America
12010,2025-05-10,Clothing,Columbia Rain Jacket,8,124.22,993.76,North America
12011,2025-05-29,Sports,Everlast Boxing Gloves,8,53.13,425.04,Europe
12012,2025-05-26,Electronics,Samsung Galaxy Tab S8,14,716.61,10032.54,Africa
12013,2024-10-26,Beauty Products,CeraVe Hydrating Cleanser,18,20.75,373.50,Oceania
12014,2024-02-12,Clothing,Nike Air Force 1,8,89.13,713.04,Asia
12015,2025-02-02,Books,Clean Code,17,39.00,663.00,North America
12016,2024-12-26,Home Appliances,Philips Air Fryer XXL,19,255.12,4847.28,Middle East
12017,2024-09-04,Sports,Everlast Boxing Gloves,1,46.31,46.31,Africa
12018,2024-02-20,Books,"Salt, Fat, Acid, Heat by Samin Nosrat",16,32.27,516.32,North America
12019,2025-10-13,Sports,Wilson Evolution Basketball,10,32.61,326.10,Europe
12020,2024-07-09,Sports,Everlast Boxing Gloves,20,45.08,901.60,Oceania
12021,2024-08-09,Books,The Da Vinci Code,10,15.68,156.80,South America
12022,2025-01-13,Electronics,Google Pixel 8 Pro,2,952.14,1904.28,Middle East
12023,2024-02-19,Clothing,North Face Down Jacket,9,266.91,2402.19,Middle East
12024,2024-11-26,Electronics,Nintendo Switch OLED,8,367.87,2942.96,Asia
12025,2025-01-15,Clothing,Nike Air Force 1,9,81.01,729.09,North America
12026,2025-11-10,Electronics,Dell XPS 13 Laptop,15,1389.03,20835.45,Africa
12027,2024-10-24,Clothing,Patagonia Fleece Jacket,18,187.74,3379.32,Asia
12028,2024-07-22,Books,The Psychology of Money,14,18.03,252.42,Oceania
12029,2025-08-22,Sports,Babolat Pure Drive Tennis Racket,11,206.73,2274.03,Middle East
12030,2024-04-11,Clothing,Nike Air Force 1,18,89.82,1616.76,Asia
12031,2024-02-22,Clothing,Patagonia Fleece Jacket,7,183.88,1287.16,Middle East
12032,2024-03-03,Clothing,Patagonia Fleece Jacket,1,196.40,196.40,Middle East
12033,2024-05-04,Beauty Products,MAC Lipstick Collection,11,83.42,917.62,Middle East
12034,2024-04-10,Sports,Spalding Volleyball,19,33.26,631.94,Middle East
12035,2024-02-09,Books,Atomic Habits,9,21.46,193.14,South America
12036,2025-07-13,Sports,Adidas FIFA Soccer Ball,19,39.97,759.43,Africa
12037,2024-11-29,Home Appliances,LG Front Load Washer,3,936.13,2808.39,North America
12038,2024-01-23,Home Appliances,Philips Air Fryer XXL,8,228.02,1824.16,Africa
12039,2025-01-22,Electronics,Apple Watch Series 9,14,438.29,6136.06,South America
12040,2024-12-12,Books,The Alchemist,20,11.83,236.60,North America
12041,2024-12-24,Sports,Callaway Golf Club Set,10,988.77,9887.70,Africa
12042,2025-01-04,Beauty Products,Chanel No. 5 Perfume,6,131.26,787.56,South America
12043,2025-12-28,Books,The Da Vinci Code,16,16.63,266.08,Middle East
12044,2024-09-03,Clothing,Vans Old Skool Sneakers,2,77.38,154.76,South America
12045,2024-08-08,Beauty Products,Dyson Supersonic Hair Dryer,2,429.13,858.26,Middle East
12046,2024-12-12,Sports,Callaway Golf Club Set,5,837.27,4186.35,Oceania
12047,2024-03-04,Home Appliances,Instant Pot Duo 7-in-1,20,117.87,2357.40,North America
12048,2024-03-22,Beauty Products,Dyson Supersonic Hair Dryer,20,469.20,9384.00,Europe
12049,2025-11-17,Books,Dune by Frank Herbert,15,26.45,396.75,Europe
12050,2024-10-08,Clothing,Nike Air Force 1,13,91.83,1193.79,Europe
12051,2025-10-14,Beauty Products,MAC Lipstick Collection,8,86.05,688.40,Asia
12052,2024-05-10,Sports,Babolat Pure Drive Tennis Racket,7,195.96,1371.72,Africa
12053,2025-03-22,Clothing,North Face Down Jacket,6,236.97,1421.82,South America
12054,2025-06-23,Home Appliances,iRobot Roomba j7,11,626.05,6886.55,North America
12055,2025-12-30,Books,Atomic Habits,17,20.32,345.44,Asia
12056,2024-05-19,Home Appliances,Blueair Classic 480i,14,600.83,8411.62,Middle East
12057,2024-11-21,Home Appliances,Keurig K-Elite Coffee Maker,14,204.26,2859.64,Oceania
12058,2025-11-27,Sports,Hydro Flask Sports Bottle,2,41.68,83.36,North America
12059,2025-09-28,Books,"Salt, Fat, Acid, Heat by Samin Nosrat",7,35.04,245.28,Europe
12060,2024-07-23,Clothing,Nike Air Force 1,9,85.36,768.24,Africa
12061,2025-07-14,Books,Sapiens,17,23.60,401.20,South America
12062,2025-12-20,Books,Atomic Habits,8,20.70,165.60,Europe
12063,2024-07-19,Books,Dune by Frank Herbert,18,28.35,510.30,South America
12064,2024-08-21,Clothing,Columbia Rain Jacket,6,118.14,708.84,Oceania
12065,2024-03-28,Books,Clean Code,15,42.26,633.90,South America
12066,2024-08-24,Sports,Everlast Boxing Gloves,19,47.03,893.57,South America
12067,2024-06-01,Clothing,Vans Old Skool Sneakers,1,82.48,82.48,Africa
12068,2025-04-08,Books,Atomic Habits,18,19.06,343.08,Middle East
12069,2024-11-26,Home Appliances,Ninja Professional Blender,17,96.75,1644.75,North America
12070,2024-10-22,Home Appliances,Samsung Smart Refrigerator,18,1835.74,33043.32,North America
12071,2024-12-16,Sports,Bowflex Adjustable Dumbbells,6,447.81,2686.86,Asia
12072,2025-08-08,Books,"Salt, Fat, Acid, Heat by Samin Nosrat",12,32.44,389.28,North America
12073,2025-05-23,Books,Atomic Habits,10,19.26,192.60,Africa
12074,2024-08-11,Electronics,Dell XPS 13 Laptop,3,1266.47,3799.41,Europe
12075,2024-02-25,Sports,Hydro Flask Sports Bottle,10,43.76,437.60,South America
12076,2025-12-10,Electronics,Samsung Galaxy Tab S8,5,734.85,3674.25,Africa
12077,2024-05-22,Electronics,Samsung Galaxy Tab S8,17,724.34,12313.78,Europe
12078,2024-06-12,Sports,Everlast Boxing Gloves,6,48.45,290.70,Middle East
12079,2024-04-30,Sports,Manduka PRO Yoga Mat,6,122.05,732.30,Europe
12080,2025-07-05,Electronics,Nintendo Switch OLED,2,382.59,765.18,South America
12081,2024-09-27,Books,Dune by Frank Herbert,3,24.68,74.04,Europe
12082,2025-12-20,Sports,Manduka PRO Yoga Mat,8,109.52,876.16,Asia
12083,2025-11-18,Electronics,Dell XPS 13 Laptop,7,1281.47,8970.29,South America
12084,2025-10-16,Home Appliances,Ninja Professional Blender,16,95.58,1529.28,Europe
12085,2025-10-11,Home Appliances,KitchenAid Stand Mixer,2,419.11,838.22,North America
12086,2024-12-22,Home Appliances,Samsung Smart Refrigerator,18,1731.06,31159.08,Middle East
12087,2024-03-24,Books,The Psychology of Money,2,16.80,33.60,South America
12088,2024-05-06,Beauty Products,L'Oreal Revitalift Cream,1,27.44,27.44,Asia
12089,2024-11-22,Books,The Da Vinci Code,13,15.69,203.97,North America
12090,2024-07-02,Sports,Hydro Flask Sports Bottle,11,36.87,405.57,Europe
12091,2025-09-23,Home Appliances,LG Front Load Washer,13,843.24,10962.12,Asia
12092,2024-01-10,Home Appliances,KitchenAid Stand Mixer,7,494.04,3458.28,Europe
12093,2024-06-11,Home Appliances,Ninja Professional Blender,2,103.90,207.80,Asia
12094,2024-01-29,Sports,Hydro Flask Sports Bottle,16,37.94,607.04,Asia
12095,2025-07-22,Sports,Manduka PRO Yoga Mat,12,108.26,1299.12,Oceania
12096,2024-07-22,Electronics,Sony WH-1000XM5 Headphones,6,439.46,2636.76,Middle East
12097,2025-01-14,Clothing,Vans Old Skool Sneakers,14,87.38,1223.32,Oceania
12098,2024-08-13,Sports,Adidas FIFA Soccer Ball,17,39.10,664.70,Asia
12099,2025-11-10,Home Appliances,KitchenAid Stand Mixer,18,473.81,8528.58,North America
12100,2025-08-27,Clothing,Adidas Ultraboost Shoes,18,176.70,3180.60,Oceania
12101,2025-08-28,Electronics,Garmin Forerunner 945,16,517.29,8276.64,Europe
12102,2025-11-29,Home Appliances,Instant Pot Duo 7-in-1,14,121.77,1704.78,Oceania
12103,2025-08-28,Electronics,Sony WH-1000XM5 Headphones,12,361.08,4332.96,Middle East
12104,2024-05-23,Clothing,Adidas Ultraboost Shoes,1,177.60,177.60,Asia
12105,2025-02-24,Electronics,Apple Watch Series 9,14,394.31,5520.34,North America
12106,2025-10-05,Sports,Fitbit Charge 6,18,166.60,2998.80,Asia
12107,2025-01-08,Sports,Fitbit Charge 6,18,164.11,2953.98,Middle East
12108,2025-07-11,Sports,Wilson Evolution Basketball,12,29.07,348.84,North America
12109,2025-11-01,Home Appliances,Keurig K-Elite Coffee Maker,1,196.24,196.24,Middle East
12110,2024-03-14,Clothing,Nike Air Force 1,10,95.21,952.10,South America
12111,2024-07-30,Electronics,Google Pixel 8 Pro,14,974.62,13644.68,North America
12112,2025-03-26,Clothing,Columbia Rain Jacket,16,135.56,2168.96,Middle East
12113,2024-08-31,Sports,Hydro Flask Sports Bottle,13,36.70,477.10,South America
12114,2024-12-12,Beauty Products,Clinique Moisture Surge,20,45.37,907.40,Europe
12115,2025-09-28,Electronics,Dell XPS 13 Laptop,11,1405.27,15457.97,North America
12116,2025-10-24,Electronics,iPhone 14 Pro,4,1057.12,4228.48,Europe
12117,2024-02-23,Clothing,North Face Down Jacket,20,265.20,5304.00,North America
12118,2025-07-25,Books,The Psychology of Money,8,19.69,157.52,Europe
12119,2025-11-19,Electronics,Sony WH-1000XM5 Headphones,2,418.61,837.22,Asia
12120,2024-10-06,Beauty Products,Maybelline Makeup Kit,12,47.22,566.64,North America
12121,2024-05-03,Books,The Psychology of Money,8,19.01,152.08,Middle East
12122,2025-04-19,Books,The Da Vinci Code,6,15.29,91.74,Asia
12123,2024-02-24,Electronics,iPhone 14 Pro,6,1088.99,6533.94,Oceania
12124,2024-04-09,Books,The Da Vinci Code,3,15.38,46.14,North America
12125,2025-05-20,Beauty Products,Neutrogena Skincare Set,7,81.75,572.25,Middle East
12126,2024-04-19,Electronics,Dell XPS 13 Laptop,3,1399.91,4199.73,Europe
12127,2025-08-11,Beauty Products,The Ordinary Serum Set,12,41.97,503.64,Middle East
12128,2025-06-01,Home Appliances,Instant Pot Duo 7-in-1,8,122.54,980.32,North America
12129,2025-04-08,Books,Dune by Frank Herbert,20,25.59,511.80,South America
12130,2024-10-15,Clothing,Nike Air Force 1,9,91.50,823.50,Asia
12131,2025-10-11,Electronics,Samsung Galaxy Tab S8,8,806.43,6451.44,North America
12132,2024-02-27,Beauty Products,L'Oreal Revitalift Cream,18,30.84,555.12,Oceania
12133,2025-05-10,Sports,Manduka PRO Yoga Mat,19,128.58,2443.02,North America
12134,2025-07-29,Clothing,Puma Sports Hoodie,6,70.69,424.14,North America
12135,2025-06-04,Electronics,Garmin Forerunner 945,4,465.90,1863.60,North America
12136,2024-05-11,Electronics,Google Pixel 8 Pro,12,1069.46,12833.52,Asia
12137,2025-10-22,Sports,Callaway Golf Club Set,7,836.53,5855.71,Middle East
12138,2025-03-31,Sports,Manduka PRO Yoga Mat,1,131.41,131.41,Europe
12139,2025-12-30,Home Appliances,Ninja Professional Blender,18,108.49,1952.82,Africa
12140,2025-01-30,Sports,Hydro Flask Sports Bottle,15,43.45,651.75,Europe
12141,2024-09-18,Books,Deep Work,15,17.19,257.85,Oceania
12142,2025-11-10,Clothing,Vans Old Skool Sneakers,2,73.80,147.60,Asia
12143,2025-03-22,Clothing,Calvin Klein Slim Fit Shirt,17,82.53,1403.01,South America
12144,2024-02-13,Sports,Hydro Flask Sports Bottle,16,38.98,623.68,Asia
12145,2024-12-10,Books,The Hobbit,15,13.73,205.95,North America
12146,2024-02-24,Home Appliances,Dyson V11 Vacuum,7,512.23,3585.61,North America
12147,2025-12-28,Books,Sapiens,20,23.86,477.20,North America
12148,2024-09-20,Clothing,Nike Air Force 1,12,85.83,1029.96,North America
12149,2025-01-28,Home Appliances,Keurig K-Elite Coffee Maker,14,208.15,2914.10,Africa
12150,2025-07-19,Sports,Babolat Pure Drive Tennis Racket,4,219.70,878.80,Europe
12151,2024-09-15,Clothing,Calvin Klein Slim Fit Shirt,3,83.55,250.65,South America
12152,2025-02-27,Sports,Spalding Volleyball,12,35.22,422.64,Middle East
12153,2024-11-09,Home Appliances,Keurig K-Elite Coffee Maker,9,182.52,1642.68,Middle East
12154,2024-08-24,Books,The Psychology of Money,17,17.33,294.61,Europe
12155,2024-03-09,Home Appliances,Samsung Smart Refrigerator,2,2034.95,4069.90,Africa
12156,2025-08-20,Sports,Spalding Volleyball,4,35.47,141.88,North America
12157,2025-01-08,Clothing,Adidas Ultraboost Shoes,18,197.17,3549.06,Asia
12158,2024-02-07,Books,"Salt, Fat, Acid, Heat by Samin Nosrat",2,31.74,63.48,Europe
12159,2025-12-15,Home Appliances,Keurig K-Elite Coffee Maker,2,183.70,367.40,South America
12160,2025-04-03,Home Appliances,KitchenAid Stand Mixer,15,413.52,6202.80,North America
12161,2024-11-26,Electronics,Sony WH-1000XM5 Headphones,14,437.59,6126.26,South America
12162,2024-08-15,Beauty Products,Neutrogena Skincare Set,19,98.02,1862.38,Oceania
12163,2024-10-07,Electronics,iPhone 14 Pro,7,1058.17,7407.19,North America
12164,2025-09-25,Books,Clean Code,20,40.17,803.40,Middle East
12165,2025-12-04,Home Appliances,Ninja Professional Blender,4,91.76,367.04,North America
12166,2024-11-24,Home Appliances,Dyson V11 Vacuum,16,536.07,8577.12,North America
12167,2024-05-10,Clothing,Puma Sports Hoodie,13,75.43,980.59,Asia
12168,2024-05-03,Clothing,Calvin Klein Slim Fit Shirt,15,94.33,1414.95,North America
12169,2025-09-10,Electronics,Sony WH-1000XM5 Headphones,17,439.86,7477.62,South America
12170,2025-01-15,Clothing,Levi's 501 Jeans,5,63.75,318.75,Asia
12171,2025-01-16,Clothing,Nike Air Force 1,11,98.99,1088.89,Middle East
12172,2024-06-17,Beauty Products,Neutrogena Skincare Set,8,85.31,682.48,Oceania
12173,2025-11-13,Clothing,Columbia Rain Jacket,15,122.77,1841.55,Middle East
12174,2024-05-04,Books,Clean Code,18,40.03,720.54,Middle East
12175,2024-10-18,Beauty Products,The Ordinary Serum Set,4,42.38,169.52,South America
12176,2024-09-07,Electronics,Garmin Forerunner 945,11,510.78,5618.58,Africa
12177,2025-03-23,Books,Atomic Habits,17,20.01,340.17,Oceania
12178,2024-01-25,Books,The Hobbit,5,14.66,73.30,Asia
12179,2025-03-05,Clothing,North Face Down Jacket,13,272.64,3544.32,Middle East
12180,2024-05-04,Books,Atomic Habits,3,21.57,64.71,Africa
12181,2024-06-21,Electronics,MacBook Pro 16-inch,5,2274.03,11370.15,Oceania
12182,2025-08-09,Beauty Products,MAC Lipstick Collection,2,85.61,171.22,Africa
12183,2024-06-01,Home Appliances,Samsung Smart Refrigerator,12,1973.38,23680.56,Europe
12184,2025-08-01,Sports,Everlast Boxing Gloves,15,50.84,762.60,Asia
12185,2024-09-05,Clothing,Nike Air Force 1,18,87.44,1573.92,Asia
12186,2025-08-14,Beauty Products,L'Oreal Revitalift Cream,17,29.82,506.94,Oceania
12187,2025-06-08,Beauty Products,Dyson Supersonic Hair Dryer,17,461.44,7844.48,North America
12188,2024-01-03,Home Appliances,Keurig K-Elite Coffee Maker,18,181.43,3265.74,Europe
12189,2024-11-06,Home Appliances,iRobot Roomba j7,5,617.92,3089.60,Africa
12190,2025-10-26,Clothing,Patagonia Fleece Jacket,2,197.57,395.14,North America
12191,2024-04-02,Beauty Products,Dyson Supersonic Hair Dryer,1,430.86,430.86,South America
12192,2025-08-14,Clothing,Nike Air Force 1,5,94.50,472.50,Asia
12193,2024-09-26,Books,The Hobbit,17,15.40,261.80,Europe
12194,2024-06-19,Electronics,Sony WH-1000XM5 Headphones,12,368.81,4425.72,Middle East
12195,2024-08-28,Sports,Babolat Pure Drive Tennis Racket,5,194.55,972.75,Africa
12196,2025-02-12,Home Appliances,Ninja Professional Blender,2,102.67,205.34,Oceania
12197,2024-06-23,Clothing,Calvin Klein Slim Fit Shirt,11,93.51,1028.61,Middle East
12198,2024-07-11,Electronics,Dell XPS 13 Laptop,1,1409.83,1409.83,North America
12199,2024-12-29,Books,Clean Code,18,36.63,659.34,Middle East
12200,2024-08-12,Clothing,Levi's 501 Jeans,6,63.06,378.36,North America
12201,2024-09-12,Electronics,Dell XPS 13 Laptop,7,1361.54,9530.78,Africa
12202,2025-03-14,Electronics,Google Pixel 8 Pro,4,983.38,3933.52,Europe
12203,2025-10-19,Home Appliances,Keurig K-Elite Coffee Maker,2,187.01,374.02,Asia
12204,2024-08-21,Home Appliances,iRobot Roomba j7,17,664.93,11303.81,Asia
12205,2025-11-14,Sports,Hydro Flask Sports Bottle,1,39.63,39.63,Middle East
12206,2025-06-16,Books,Clean Code,20,40.77,815.40,Africa
12207,2024-09-20,Home Appliances,Samsung Smart Refrigerator,15,1856.74,27851.10,Asia
12208,2025-04-08,Home Appliances,KitchenAid Stand Mixer,7,428.51,2999.57,Oceania
12209,2025-06-21,Electronics,Nintendo Switch OLED,20,332.64,6652.80,South America
12210,2025-09-15,Beauty Products,L'Oreal Revitalift Cream,5,32.78,163.90,South America
12211,2025-03-11,Books,The Psychology of Money,14,17.41,243.74,South America
12212,2025-11-21,Clothing,Patagonia Fleece Jacket,6,164.04,984.24,Africa
12213,2025-01-29,Clothing,Puma Sports Hoodie,17,68.68,1167.56,North America
12214,2024-12-04,Home Appliances,KitchenAid Stand Mixer,9,405.08,3645.72,Africa
12215,2025-07-07,Clothing,Calvin Klein Slim Fit Shirt,9,85.70,771.30,North America
12216,2024-05-21,Home Appliances,iRobot Roomba j7,15,600.11,9001.65,Asia
12217,2024-10-24,Home Appliances,Instant Pot Duo 7-in-1,17,139.58,2372.86,North America
12218,2025-04-06,Clothing,Patagonia Fleece Jacket,2,182.80,365.60,Asia
12219,2025-05-19,Electronics,MacBook Pro 16-inch,20,2319.58,46391.60,Europe
12220,2024-11-19,Beauty Products,Olaplex Hair Repair Set,17,64.29,1092.93,Africa
12221,2024-01-09,Home Appliances,Blueair Classic 480i,13,617.67,8029.71,Middle East
12222,2024-06-28,Sports,Babolat Pure Drive Tennis Racket,17,214.02,3638.34,Africa
12223,2024-09-22,Clothing,Under Armour Training Shirt,6,38.21,229.26,Europe
12224,2025-09-20,Clothing,Patagonia Fleece Jacket,8,189.83,1518.64,Asia
12225,2024-10-28,Home Appliances,Instant Pot Duo 7-in-1,6,138.77,832.62,Africa
12226,2024-01-06,Books,The Da Vinci Code,4,14.87,59.48,South America
12227,2024-12-26,Books,Dune by Frank Herbert,17,25.98,441.66,Africa
12228,2025-07-10,Clothing,Levi's 501 Jeans,4,74.95,299.80,Asia
12229,2024-02-08,Beauty Products,The Ordinary Serum Set,14,39.37,551.18,Asia
12230,2025-06-19,Books,The Psychology of Money,6,17.12,102.72,North America
12231,2024-03-23,Home Appliances,Ninja Professional Blender,18,90.79,1634.22,Africa
12232,2025-05-13,Electronics,Samsung Galaxy Tab S8,19,792.41,15055.79,Oceania
12233,2025-04-16,Sports,Hydro Flask Sports Bottle,1,41.81,41.81,Middle East
12234,2024-06-07,Clothing,Columbia Rain Jacket,8,117.43,939.44,Asia
12235,2025-06-30,Clothing,Under Armour Training Shirt,9,43.10,387.90,North America
12236,2025-04-27,Electronics,Sony WH-1000XM5 Headphones,8,371.62,2972.96,South America
12237,2024-10-23,Electronics,MacBook Pro 16-inch,7,2279.92,15959.44,Africa
12238,2024-04-16,Books,"Salt, Fat, Acid, Heat by Samin Nosrat",1,32.99,32.99,Africa
12239,2024-06-23,Home Appliances,Ninja Professional Blender,17,92.24,1568.08,South America
12240,2025-08-11,Books,Deep Work,17,17.60,299.20,Oceania
12241,2025-08-13,Clothing,Vans Old Skool Sneakers,12,73.69,884.28,Africa
12242,2025-06-02,Home Appliances,iRobot Roomba j7,2,674.11,1348.22,Oceania
12243,2025-08-05,Beauty Products,Maybelline Makeup Kit,19,47.18,896.42,Europe
12244,2024-12-11,Books,The Alchemist,7,13.54,94.78,North America
12245,2025-05-19,Clothing,North Face Down Jacket,18,252.49,4544.82,Asia
12246,2024-11-27,Books,Sapiens,17,23.66,402.22,Europe
12247,2025-06-14,Electronics,Garmin Forerunner 945,8,489.02,3912.16,North America
12248,2024-12-09,Books,"Salt, Fat, Acid, Heat by Samin Nosrat",17,35.15,597.55,Oceania
12249,2024-01-20,Books,Atomic Habits,16,21.26,340.16,Europe
12250,2024-01-06,Beauty Products,Clinique Moisture Surge,18,43.69,786.42,Europe
12251,2024-02-05,Sports,Everlast Boxing Gloves,2,52.35,104.70,Oceania
12252,2024-10-07,Beauty Products,Maybelline Makeup Kit,12,53.18,638.16,Oceania
12253,2024-04-24,Electronics,Nintendo Switch OLED,9,329.58,2966.22,Middle East
12254,2024-12-06,Beauty Products,Maybelline Makeup Kit,3,49.15,147.45,South America
12255,2024-04-06,Beauty Products,Chanel No. 5 Perfume,13,138.98,1806.74,Europe
12256,2024-07-18,Electronics,Sony WH-1000XM5 Headphones,11,388.39,4272.29,Asia
12257,2024-07-21,Beauty Products,Neutrogena Skincare Set,7,98.09,686.63,Oceania
12258,2024-04-26,Books,The Psychology of Money,16,18.59,297.44,Middle East
12259,2024-08-03,Books,The Psychology of Money,18,19.36,348.48,North America
12260,2024-06-14,Home Appliances,iRobot Roomba j7,15,604.96,9074.40,South America
12261,2025-04-08,Home Appliances,Blueair Classic 480i,19,569.87,10827.53,Asia
12262,2025-07-18,Electronics,Dell XPS 13 Laptop,6,1366.02,8196.12,Europe
12263,2024-07-13,Home Appliances,KitchenAid Stand Mixer,8,423.86,3390.88,North America
12264,2024-03-28,Electronics,Google Pixel 8 Pro,5,910.47,4552.35,South America
12265,2024-07-30,Electronics,Samsung Galaxy Tab S8,8,822.21,6577.68,South America
12266,2025-05-20,Electronics,Sony WH-1000XM5 Headphones,13,428.42,5569.46,Oceania
12267,2024-12-23,Home Appliances,Dyson V11 Vacuum,12,526.86,6322.32,Middle East
12268,2024-10-22,Beauty Products,Olaplex Hair Repair Set,1,54.36,54.36,Asia
12269,2024-07-20,Home Appliances,Blueair Classic 480i,5,598.41,2992.05,Africa
12270,2025-05-11,Beauty Products,MAC Lipstick Collection,18,74.92,1348.56,Asia
12271,2024-05-02,Sports,Callaway Golf Club Set,12,912.66,10951.92,Africa
12272,2025-11-24,Clothing,Adidas Ultraboost Shoes,1,177.27,177.27,North America
12273,2024-03-15,Home Appliances,KitchenAid Stand Mixer,15,489.13,7336.95,North America
12274,2024-08-22,Clothing,Levi's 501 Jeans,16,67.41,1078.56,South America
12275,2025-10-15,Home Appliances,iRobot Roomba j7,7,611.00,4277.00,Europe
12276,2024-10-16,Beauty Products,The Ordinary Serum Set,19,36.54,694.26,Oceania
12277,2025-04-16,Home Appliances,Dyson V11 Vacuum,1,490.42,490.42,Africa
12278,2024-12-19,Clothing,Vans Old Skool Sneakers,11,81.79,899.69,Oceania
12279,2024-11-22,Electronics,Dell XPS 13 Laptop,18,1350.86,24315.48,Asia
12280,2025-08-02,Books,The Alchemist,8,11.88,95.04,North America
12281,2025-04-27,Books,The Da Vinci Code,19,15.29,290.51,North America
12282,2025-08-10,Sports,Spalding Volleyball,13,33.88,440.44,North America
12283,2025-11-30,Books,The Psychology of Money,7,19.64,137.48,Europe
12284,2024-01-16,Books,The Alchemist,7,13.59,95.13,Oceania
12285,2025-02-14,Clothing,Calvin Klein Slim Fit Shirt,13,91.72,1192.36,Oceania
12286,2025-10-30,Home Appliances,Dyson V11 Vacuum,2,536.83,1073.66,South America
12287,2024-03-05,Books,Atomic Habits,4,19.81,79.24,South America
12288,2025-11-13,Beauty Products,Clinique Moisture Surge,7,45.92,321.44,North America
12289,2025-06-24,Beauty Products,Clinique Moisture Surge,20,44.09,881.80,Oceania
12290,2025-01-28,Clothing,Vans Old Skool Sneakers,18,87.53,1575.54,Asia
12291,2025-02-24,Books,Sapiens,19,26.72,507.68,South America
12292,2024-05-21,Clothing,Nike Air Force 1,10,84.98,849.80,Oceania
12293,2024-06-09,Clothing,North Face Down Jacket,6,228.41,1370.46,South America
12294,2024-04-25,Electronics,Canon EOS R10 Camera,2,1049.90,2099.80,Asia
12295,2025-03-11,Electronics,Apple Watch Series 9,6,435.55,2613.30,Africa
12296,2024-01-22,Sports,Fitbit Charge 6,13,166.85,2169.05,Asia
12297,2025-11-20,Beauty Products,Maybelline Makeup Kit,1,53.12,53.12,South America
12298,2024-12-13,Beauty Products,Clinique Moisture Surge,14,48.77,682.78,Middle East
12299,2025-03-16,Electronics,Sony WH-1000XM5 Headphones,2,416.42,832.84,Oceania
12300,2024-06-12,Sports,Spalding Volleyball,2,36.52,73.04,Africa
12301,2024-03-03,Home Appliances,Blueair Classic 480i,20,562.80,11256.00,Europe
12302,2024-09-07,Sports,Adidas FIFA Soccer Ball,7,40.84,285.88,Europe
12303,2024-01-21,Electronics,Sony WH-1000XM5 Headphones,7,383.45,2684.15,Middle East
12304,2025-12-17,Books,Deep Work,16,19.31,308.96,Africa
12305,2024-10-10,Sports,Babolat Pure Drive Tennis Racket,18,209.56,3772.08,Oceania
12306,2024-03-28,Electronics,Nintendo Switch OLED,15,317.91,4768.65,Oceania
12307,2025-03-10,Clothing,Puma Sports Hoodie,13,70.94,922.22,Africa
12308,2025-10-05,Clothing,Puma Sports Hoodie,1,68.20,68.20,Africa
12309,2025-12-09,Electronics,Canon EOS R10 Camera,5,1041.18,5205.90,South America
12310,2024-08-10,Electronics,Google Pixel 8 Pro,16,944.04,15104.64,South America
12311,2024-07-14,Beauty Products,Neutrogena Skincare Set,2,84.70,169.40,South America
12312,2024-11-23,Home Appliances,Keurig K-Elite Coffee Maker,16,181.57,2905.12,Africa
12313,2024-11-26,Beauty Products,CeraVe Hydrating Cleanser,11,18.52,203.72,Oceania
12314,2025-01-08,Home Appliances,Dyson V11 Vacuum,15,456.69,6850.35,Oceania
12315,2024-12-30,Beauty Products,CeraVe Hydrating Cleanser,1,17.54,17.54,North America
12316,2025-01-03,Beauty Products,MAC Lipstick Collection,14,87.82,1229.48,South America
12317,2025-05-01,Home Appliances,Dyson V11 Vacuum,15,522.47,7837.05,Asia
12318,2025-11-05,Home Appliances,iRobot Roomba j7,6,596.77,3580.62,Middle East
12319,2024-12-06,Sports,Manduka PRO Yoga Mat,15,126.19,1892.85,Middle East
12320,2024-11-27,Home Appliances,Dyson V11 Vacuum,1,534.77,534.77,South America
12321,2024-11-11,Sports,Spalding Volleyball,12,32.34,388.08,Africa
12322,2024-02-15,Books,Dune by Frank Herbert,13,24.17,314.21,Oceania
12323,2025-10-24,Home Appliances,Philips Air Fryer XXL,11,256.92,2826.12,North America
12324,2025-10-05,Books,"Salt, Fat, Acid, Heat by Samin Nosrat",4,30.24,120.96,Asia
12325,2024-05-19,Sports,Babolat Pure Drive Tennis Racket,14,203.48,2848.72,Africa
12326,2024-08-17,Books,Sapiens,18,26.06,469.08,Europe
12327,2025-05-30,Electronics,MacBook Pro 16-inch,12,2326.63,27919.56,Oceania
12328,2024-11-01,Home Appliances,Ninja Professional Blender,2,91.82,183.64,Middle East
12329,2025-05-28,Home Appliances,Samsung Smart Refrigerator,4,1895.28,7581.12,Oceania
12330,2024-02-01,Home Appliances,LG Front Load Washer,5,894.89,4474.45,North America
12331,2024-11-14,Home Appliances,LG Front Load Washer,15,904.61,13569.15,Oceania
12332,2025-02-04,Clothing,Nike Air Force 1,3,93.37,280.11,Asia
12333,2025-11-15,Electronics,Sony WH-1000XM5 Headphones,1,364.88,364.88,North America
12334,2024-08-31,Beauty Products,CeraVe Hydrating Cleanser,15,20.46,306.90,Oceania
12335,2025-06-28,Home Appliances,Instant Pot Duo 7-in-1,8,125.90,1007.20,Middle East
12336,2024-07-21,Electronics,MacBook Pro 16-inch,7,2325.23,16276.61,South America
12337,2024-08-28,Electronics,Canon EOS R10 Camera,16,924.90,14798.40,Oceania
12338,2024-07-24,Home Appliances,Dyson V11 Vacuum,14,539.18,7548.52,Middle East
12339,2024-12-13,Books,The Alchemist,11,12.53,137.83,Europe
12340,2024-05-16,Home Appliances,Ninja Professional Blender,16,103.59,1657.44,South America
12341,2025-04-06,Clothing,Patagonia Fleece Jacket,10,180.20,1802.00,Europe
12342,2024-11-30,Clothing,Under Armour Training Shirt,17,41.88,711.96,Oceania
12343,2025-07-10,Books,Atomic Habits,19,19.55,371.45,Europe
12344,2025-07-07,Clothing,Vans Old Skool Sneakers,5,73.43,367.15,North America
12345,2024-11-04,Home Appliances,Keurig K-Elite Coffee Maker,1,193.51,193.51,Oceania
12346,2025-05-03,Clothing,Vans Old Skool Sneakers,20,84.08,1681.60,Africa
12347,2025-05-15,Home Appliances,Philips Air Fryer XXL,7,269.18,1884.26,Oceania
12348,2024-05-18,Books,Deep Work,15,20.12,301.80,Africa
12349,2025-12-02,Clothing,Under Armour Training Shirt,2,42.63,85.26,Asia
12350,2025-07-24,Beauty Products,MAC Lipstick Collection,4,81.76,327.04,Oceania
12351,2024-07-06,Electronics,Google Pixel 8 Pro,13,1086.43,14123.59,Oceania
12352,2024-03-10,Beauty Products,Maybelline Makeup Kit,7,53.13,371.91,North America
12353,2025-11-08,Books,Deep Work,11,17.42,191.62,North America
12354,2024-03-28,Electronics,Garmin Forerunner 945,2,496.52,993.04,Middle East
12355,2025-01-04,Electronics,Dell XPS 13 Laptop,18,1423.64,25625.52,Oceania
12356,2025-08-26,Clothing,Puma Sports Hoodie,16,79.00,1264.00,Asia
12357,2024-06-03,Beauty Products,Olaplex Hair Repair Set,17,64.77,1101.09,South America
12358,2024-12-13,Beauty Products,The Ordinary Serum Set,4,41.08,164.32,North America
12359,2024-05-14,Beauty Products,CeraVe Hydrating Cleanser,20,19.15,383.00,Europe
12360,2024-02-08,Home Appliances,iRobot Roomba j7,13,705.43,9170.59,South America
12361,2024-08-14,Sports,Adidas FIFA Soccer Ball,9,38.72,348.48,Oceania
12362,2025-05-01,Home Appliances,Keurig K-Elite Coffee Maker,16,190.11,3041.76,Oceania
12363,2025-10-21,Sports,Callaway Golf Club Set,8,960.85,7686.80,Asia
12364,2024-08-14,Clothing,Calvin Klein Slim Fit Shirt,8,87.38,699.04,Africa
12365,2024-03-22,Clothing,Puma Sports Hoodie,20,76.95,1539.00,Middle East
12366,2024-06-07,Clothing,North Face Down Jacket,14,248.98,3485.72,Europe
12367,2024-03-16,Clothing,Calvin Klein Slim Fit Shirt,4,98.40,393.60,Asia
12368,2025-05-01,Books,The Hobbit,17,15.83,269.11,South America
12369,2024-12-17,Home Appliances,LG Front Load Washer,10,983.14,9831.40,Africa
12370,2024-12-06,Beauty Products,L'Oreal Revitalift Cream,4,27.70,110.80,Europe
12371,2025-05-31,Sports,Manduka PRO Yoga Mat,10,131.52,1315.20,Oceania
12372,2024-07-28,Beauty Products,Clinique Moisture Surge,8,43.89,351.12,North America
12373,2025-05-21,Home Appliances,Ninja Professional Blender,17,101.68,1728.56,Asia
12374,2025-04-28,Sports,Manduka PRO Yoga Mat,13,118.38,1538.94,North America
12375,2025-12-20,Home Appliances,Samsung Smart Refrigerator,7,1743.28,12202.96,North America
12376,2025-04-16,Sports,Manduka PRO Yoga Mat,12,124.94,1499.28,Asia
12377,2024-03-02,Home Appliances,Ninja Professional Blender,7,101.47,710.29,Asia
12378,2024-06-17,Clothing,Nike Air Force 1,8,92.09,736.72,North America
12379,2025-07-06,Home Appliances,Blueair Classic 480i,2,626.85,1253.70,Middle East
12380,2024-09-13,Sports,Wilson Evolution Basketball,10,29.45,294.50,Africa
12381,2025-08-06,Sports,Adidas FIFA Soccer Ball,3,36.57,109.71,Oceania
12382,2025-10-08,Beauty Products,Dyson Supersonic Hair Dryer,5,399.17,1995.85,Middle East
12383,2025-11-23,Sports,Fitbit Charge 6,20,156.11,3122.20,North America
12384,2025-05-15,Books,Atomic Habits,9,21.04,189.36,Europe
12385,2024-09-29,Books,The Da Vinci Code,20,15.07,301.40,Europe
12386,2025-04-04,Home Appliances,iRobot Roomba j7,13,644.09,8373.17,Europe
12387,2025-06-13,Sports,Adidas FIFA Soccer Ball,1,37.54,37.54,Europe
12388,2025-05-11,Home Appliances,LG Front Load Washer,5,925.68,4628.40,Africa
12389,2024-08-25,Sports,Manduka PRO Yoga Mat,7,127.52,892.64,Africa
12390,2024-11-16,Electronics,Google Pixel 8 Pro,7,1058.72,7411.04,Asia
12391,2025-07-03,Beauty Products,Chanel No. 5 Perfume,3,122.31,366.93,South America
12392,2024-04-03,Beauty Products,The Ordinary Serum Set,17,43.18,734.06,North America
12393,2024-10-30,Beauty Products,Clinique Moisture Surge,11,48.98,538.78,Middle East
12394,2024-01-30,Sports,Everlast Boxing Gloves,4,50.83,203.32,Africa
12395,2025-11-20,Electronics,Google Pixel 8 Pro,5,978.32,4891.60,South America
12396,2024-04-11,Home Appliances,iRobot Roomba j7,19,600.45,11408.55,South America
12397,2025-04-24,Sports,Bowflex Adjustable Dumbbells,9,406.54,3658.86,Asia
12398,2024-05-08,Home Appliances,KitchenAid Stand Mixer,12,409.59,4915.08,North America
12399,2024-10-11,Beauty Products,Neutrogena Skincare Set,11,92.53,1017.83,Asia
12400,2024-05-15,Home Appliances,Samsung Smart Refrigerator,10,2062.88,20628.80,Asia
12401,2025-03-11,Beauty Products,Maybelline Makeup Kit,13,46.88,609.44,Middle East
12402,2024-06-01,Beauty Products,Olaplex Hair Repair Set,19,60.51,1149.69,Oceania
12403,2024-11-22,Beauty Products,The Ordinary Serum Set,19,38.92,739.48,Asia
12404,2024-11-07,Books,The Psychology of Money,20,18.23,364.60,Oceania
12405,2025-10-19,Beauty Products,MAC Lipstick Collection,20,74.92,1498.40,Europe
12406,2025-03-21,Books,Sapiens,11,26.52,291.72,Middle East
12407,2024-02-22,Sports,Fitbit Charge 6,2,173.11,346.22,North America
12408,2024-10-02,Clothing,Puma Sports Hoodie,12,79.62,955.44,Oceania
12409,2025-04-24,Books,Clean Code,1,41.74,41.74,Middle East
12410,2025-07-11,Clothing,Adidas Ultraboost Shoes,19,198.12,3764.28,Africa
12411,2024-02-21,Clothing,Nike Air Force 1,15,89.94,1349.10,Middle East
12412,2024-07-17,Books,Clean Code,2,42.85,85.70,Africa
12413,2025-02-18,Electronics,Nintendo Switch OLED,16,319.27,5108.32,North America
12414,2024-03-13,Sports,Spalding Volleyball,16,37.81,604.96,South America
12415,2025-01-08,Home Appliances,Samsung Smart Refrigerator,17,1723.33,29296.61,Africa
12416,2024-07-22,Electronics,Google Pixel 8 Pro,6,911.02,5466.12,South America
12417,2025-11-08,Clothing,Calvin Klein Slim Fit Shirt,7,93.04,651.28,Oceania
12418,2025-03-27,Electronics,Google Pixel 8 Pro,6,932.23,5593.38,Asia
12419,2025-03-11,Clothing,Puma Sports Hoodie,13,71.01,923.13,North America
12420,2025-08-14,Clothing,Under Armour Training Shirt,18,39.97,719.46,North America
12421,2025-11-12,Home Appliances,Samsung Smart Refrigerator,10,2000.96,20009.60,Oceania
12422,2024-12-09,Beauty Products,L'Oreal Revitalift Cream,19,28.03,532.57,Asia
12423,2025-05-19,Books,Clean Code,15,42.50,637.50,Oceania
12424,2025-10-31,Clothing,Adidas Ultraboost Shoes,5,197.93,989.65,Asia
12425,2024-12-07,Home Appliances,iRobot Roomba j7,14,648.16,9074.24,Asia
12426,2025-03-21,Clothing,Nike Air Force 1,9,95.91,863.19,Africa
12427,2025-10-06,Sports,Fitbit Charge 6,19,158.83,3017.77,Africa
12428,2024-04-09,Beauty Products,Dyson Supersonic Hair Dryer,12,461.65,5539.80,Europe
12429,2024-09-18,Books,Atomic Habits,11,19.06,209.66,Oceania
12430,2025-04-13,Sports,Wilson Evolution Basketball,13,28.91,375.83,Oceania
12431,2024-01-08,Home Appliances,iRobot Roomba j7,15,632.62,9489.30,Middle East
12432,2024-07-04,Electronics,Samsung Galaxy Tab S8,8,740.43,5923.44,Asia
12433,2024-03-24,Sports,Manduka PRO Yoga Mat,12,123.79,1485.48,Asia
12434,2025-07-23,Electronics,iPhone 14 Pro,11,996.13,10957.43,Europe
12435,2024-08-14,Electronics,Apple Watch Series 9,10,397.90,3979.00,Europe
12436,2025-09-10,Books,"Salt, Fat, Acid, Heat by Samin Nosrat",9,30.87,277.83,Africa
12437,2025-11-11,Home Appliances,LG Front Load Washer,8,978.07,7824.56,North America
12438,2024-01-22,Sports,Wilson Evolution Basketball,2,29.19,58.38,South America
12439,2025-08-13,Books,Clean Code,5,40.44,202.20,Asia
12440,2024-04-27,Beauty Products,Clinique Moisture Surge,8,42.49,339.92,Middle East
12441,2025-07-31,Books,Deep Work,7,19.63,137.41,North America
12442,2025-03-17,Clothing,North Face Down Jacket,12,270.86,3250.32,Middle East
12443,2025-11-18,Home Appliances,iRobot Roomba j7,3,657.44,1972.32,Europe
12444,2025-12-08,Electronics,Sony WH-1000XM5 Headphones,3,372.64,1117.92,Africa
12445,2024-08-09,Home Appliances,Keurig K-Elite Coffee Maker,9,208.33,1874.97,Africa
12446,2025-03-12,Clothing,Columbia Rain Jacket,19,127.93,2430.67,North America
12447,2025-10-11,Home Appliances,Philips Air Fryer XXL,9,245.08,2205.72,Asia
12448,2025-12-22,Home Appliances,Keurig K-Elite Coffee Maker,4,202.15,808.60,Oceania
12449,2025-09-24,Books,"Salt, Fat, Acid, Heat by Samin Nosrat",14,35.13,491.82,Oceania
12450,2024-08-04,Sports,Fitbit Charge 6,15,166.94,2504.10,Africa
12451,2025-11-29,Clothing,North Face Down Jacket,10,269.87,2698.70,Africa
12452,2024-09-12,Sports,Fitbit Charge 6,15,175.86,2637.90,South America
12453,2024-03-13,Home Appliances,Instant Pot Duo 7-in-1,14,136.09,1905.26,Middle East
12454,2024-11-05,Beauty Products,Neutrogena Skincare Set,3,85.78,257.34,South America
12455,2024-12-14,Books,Deep Work,16,20.79,332.64,North America
12456,2025-11-15,Electronics,Google Pixel 8 Pro,8,1013.46,8107.68,Middle East
12457,2025-01-25,Beauty Products,Chanel No. 5 Perfume,15,135.50,2032.50,Africa
12458,2024-11-04,Clothing,North Face Down Jacket,14,240.67,3369.38,Middle East
12459,2024-06-06,Sports,Bowflex Adjustable Dumbbells,8,438.96,3511.68,Oceania
12460,2024-03-21,Books,"Salt, Fat, Acid, Heat by Samin Nosrat",1,34.09,34.09,Middle East
12461,2025-03-09,Home Appliances,Blueair Classic 480i,16,567.89,9086.24,Asia
12462,2024-02-03,Books,Clean Code,7,41.76,292.32,Middle East
12463,2024-12-09,Sports,Fitbit Charge 6,18,152.32,2741.76,North America
12464,2025-01-20,Electronics,Sony WH-1000XM5 Headphones,18,372.27,6700.86,Africa
12465,2025-10-13,Sports,Everlast Boxing Gloves,18,46.09,829.62,South America
12466,2025-12-11,Electronics,Apple Watch Series 9,7,461.11,3227.77,Asia
12467,2025-08-23,Sports,Hydro Flask Sports Bottle,2,36.21,72.42,Middle East
12468,2025-06-13,Sports,Hydro Flask Sports Bottle,3,43.20,129.60,Africa
12469,2024-12-16,Electronics,Nintendo Switch OLED,9,367.35,3306.15,Europe
12470,2024-02-02,Clothing,Columbia Rain Jacket,11,119.71,1316.81,Africa
12471,2025-11-30,Electronics,Garmin Forerunner 945,7,480.28,3361.96,South America
12472,2025-03-12,Beauty Products,L'Oreal Revitalift Cream,18,30.70,552.60,Asia
12473,2025-02-23,Electronics,Google Pixel 8 Pro,8,913.43,7307.44,Europe
12474,2025-05-21,Electronics,Nintendo Switch OLED,3,350.52,1051.56,Asia
12475,2025-03-07,Beauty Products,Chanel No. 5 Perfume,16,124.12,1985.92,South America
12476,2024-10-16,Sports,Callaway Golf Club Set,16,955.69,15291.04,South America
12477,2025-11-28,Sports,Callaway Golf Club Set,4,847.31,3389.24,Oceania
12478,2024-04-08,Books,The Alchemist,19,12.92,245.48,Oceania
12479,2024-10-11,Books,The Psychology of Money,5,17.15,85.75,Asia
12480,2024-05-11,Home Appliances,Instant Pot Duo 7-in-1,18,124.44,2239.92,Oceania
12481,2025-02-17,Books,Atomic Habits,6,21.48,128.88,South America
12482,2024-03-24,Home Appliances,Ninja Professional Blender,10,96.94,969.40,Oceania
12483,2024-11-22,Beauty Products,Maybelline Makeup Kit,17,49.59,843.03,Middle East
12484,2025-04-15,Clothing,North Face Down Jacket,10,261.34,2613.40,South America
12485,2024-11-25,Home Appliances,Blueair Classic 480i,17,579.87,9857.79,Middle East
12486,2025-10-11,Clothing,Levi's 501 Jeans,13,66.76,867.88,Europe
12487,2025-06-15,Home Appliances,Blueair Classic 480i,9,560.58,5045.22,North America
12488,2024-08-05,Sports,Babolat Pure Drive Tennis Racket,8,204.93,1639.44,Europe
12489,2025-06-24,Books,Deep Work,14,18.71,261.94,Oceania
12490,2025-02-22,Electronics,Canon EOS R10 Camera,7,1029.48,7206.36,Oceania
12491,2025-09-07,Sports,Adidas FIFA Soccer Ball,9,38.52,346.68,South America
12492,2025-02-03,Books,Deep Work,10,20.10,201.00,Africa
12493,2025-06-27,Beauty Products,The Ordinary Serum Set,3,39.34,118.02,Europe
12494,2025-08-10,Sports,Babolat Pure Drive Tennis Racket,15,203.16,3047.40,North America
12495,2025-10-27,Home Appliances,Samsung Smart Refrigerator,7,2003.51,14024.57,Africa
12496,2024-07-10,Clothing,Nike Air Force 1,16,82.49,1319.84,North America
12497,2024-08-23,Home Appliances,Philips Air Fryer XXL,1,253.32,253.32,South America
12498,2024-04-07,Beauty Products,MAC Lipstick Collection,13,74.40,967.20,Middle East
12499,2025-12-17,Books,The Hobbit,9,15.60,140.40,Asia
12500,2024-09-07,Electronics,Sony WH-1000XM5 Headphones,17,363.41,6177.97,Oceania
12501,2024-01-19,Sports,Manduka PRO Yoga Mat,3,129.21,387.63,North America
12502,2024-07-06,Clothing,Columbia Rain Jacket,7,120.85,845.95,Africa
12503,2024-06-18,Sports,Callaway Golf Club Set,6,937.11,5622.66,Middle East
12504,2024-08-26,Home Appliances,Blueair Classic 480i,12,609.69,7316.28,Africa
12505,2025-10-28,Home Appliances,LG Front Load Washer,3,976.99,2930.97,Asia
12506,2025-02-25,Electronics,MacBook Pro 16-inch,1,2387.74,2387.74,North America
12507,2024-11-04,Home Appliances,Instant Pot Duo 7-in-1,10,134.60,1346.00,Asia
12508,2024-02-01,Clothing,North Face Down Jacket,2,268.14,536.28,Asia
12509,2024-05-23,Sports,Babolat Pure Drive Tennis Racket,18,197.40,3553.20,Oceania
12510,2024-05-31,Home Appliances,Instant Pot Duo 7-in-1,10,134.65,1346.50,Middle East
12511,2024-03-05,Clothing,Puma Sports Hoodie,1,73.70,73.70,Africa
12512,2024-11-19,Beauty Products,Dyson Supersonic Hair Dryer,1,399.56,399.56,Middle East
12513,2025-08-02,Electronics,Google Pixel 8 Pro,18,963.61,17344.98,Africa
12514,2024-10-22,Home Appliances,Keurig K-Elite Coffee Maker,9,190.25,1712.25,Oceania
12515,2025-02-01,Sports,Spalding Volleyball,4,31.55,126.20,Europe
12516,2025-03-13,Sports,Babolat Pure Drive Tennis Racket,6,204.72,1228.32,Europe
12517,2025-07-27,Beauty Products,Clinique Moisture Surge,2,47.81,95.62,Middle East
12518,2024-10-08,Home Appliances,Dyson V11 Vacuum,4,538.52,2154.08,Middle East
12519,2025-11-08,Books,"Salt, Fat, Acid, Heat by Samin Nosrat",19,33.26,631.94,South America
12520,2024-03-14,Sports,Bowflex Adjustable Dumbbells,2,400.13,800.26,Asia
12521,2025-05-30,Clothing,North Face Down Jacket,15,230.34,3455.10,Africa
12522,2024-11-13,Books,The Psychology of Money,5,16.46,82.30,Oceania
12523,2024-05-09,Beauty Products,L'Oreal Revitalift Cream,6,29.68,178.08,Asia
12524,2025-10-28,Sports,Adidas FIFA Soccer Ball,8,40.53,324.24,Europe
12525,2024-07-09,Electronics,Nintendo Switch OLED,13,340.98,4432.74,North America
12526,2024-03-23,Electronics,Google Pixel 8 Pro,8,994.56,7956.48,Europe
12527,2024-06-21,Home Appliances,Philips Air Fryer XXL,4,264.72,1058.88,Middle East
12528,2024-08-25,Home Appliances,Samsung Smart Refrigerator,8,1988.95,15911.60,Africa
12529,2024-05-15,Clothing,North Face Down Jacket,15,253.61,3804.15,Africa
12530,2024-12-15,Beauty Products,MAC Lipstick Collection,7,84.10,588.70,Europe
12531,2024-11-24,Books,The Da Vinci Code,20,15.37,307.40,Oceania
12532,2024-05-27,Sports,Fitbit Charge 6,3,158.74,476.22,Asia
12533,2024-01-25,Beauty Products,Chanel No. 5 Perfume,19,137.88,2619.72,Middle East
12534,2024-02-02,Clothing,Puma Sports Hoodie,9,75.58,680.22,Middle East
12535,2025-09-25,Books,Atomic Habits,7,19.78,138.46,Asia
12536,2025-03-21,Books,Dune by Frank Herbert,17,26.88,456.96,Europe
12537,2025-08-25,Home Appliances,Keurig K-Elite Coffee Maker,10,182.66,1826.60,Oceania
12538,2025-12-17,Clothing,Under Armour Training Shirt,13,43.45,564.85,Europe
12539,2025-06-17,Sports,Babolat Pure Drive Tennis Racket,11,193.75,2131.25,Europe
12540,2025-11-03,Books,Atomic Habits,11,18.99,208.89,Africa
12541,2024-09-28,Beauty Products,Chanel No. 5 Perfume,7,125.82,880.74,Oceania
12542,2024-08-12,Clothing,Vans Old Skool Sneakers,17,80.34,1365.78,Asia
12543,2025-01-23,Home Appliances,LG Front Load Washer,13,988.76,12853.88,Asia
12544,2025-01-31,Sports,Spalding Volleyball,14,33.27,465.78,North America
12545,2024-01-27,Home Appliances,KitchenAid Stand Mixer,6,422.70,2536.20,Middle East
12546,2024-02-23,Books,The Da Vinci Code,17,14.85,252.45,Middle East
12547,2025-01-03,Beauty Products,Olaplex Hair Repair Set,7,59.94,419.58,Europe
12548,2024-02-02,Electronics,Dell XPS 13 Laptop,12,1359.61,16315.32,South America
12549,2025-12-12,Clothing,Under Armour Training Shirt,11,37.30,410.30,Middle East
12550,2024-04-07,Clothing,Columbia Rain Jacket,14,141.58,1982.12,Europe
12551,2025-03-22,Books,Deep Work,12,18.99,227.88,Oceania
12552,2025-06-12,Sports,Spalding Volleyball,3,35.00,105.00,Africa
12553,2024-02-13,Sports,Wilson Evolution Basketball,6,31.35,188.10,Asia
12554,2024-09-30,Electronics,Samsung Galaxy Tab S8,12,789.88,9478.56,Africa
12555,2024-07-14,Home Appliances,LG Front Load Washer,2,855.10,1710.20,Europe
12556,2025-11-08,Sports,Babolat Pure Drive Tennis Racket,6,197.36,1184.16,North America
12557,2025-09-30,Clothing,Puma Sports Hoodie,9,77.93,701.37,South America
12558,2024-12-30,Electronics,Samsung Galaxy Tab S8,8,799.84,6398.72,Middle East
12559,2024-04-02,Electronics,Garmin Forerunner 945,5,476.26,2381.30,Middle East
12560,2024-06-21,Electronics,Apple Watch Series 9,10,397.39,3973.90,Asia
12561,2025-07-23,Electronics,Google Pixel 8 Pro,11,949.69,10446.59,Africa
12562,2024-04-26,Sports,Bowflex Adjustable Dumbbells,19,408.87,7768.53,Asia
12563,2025-09-01,Sports,Everlast Boxing Gloves,16,53.56,856.96,Europe
12564,2025-01-24,Beauty Products,Maybelline Makeup Kit,1,48.11,48.11,Middle East
12565,2024-12-22,Beauty Products,L'Oreal Revitalift Cream,6,29.70,178.20,North America
12566,2025-04-16,Clothing,Under Armour Training Shirt,20,43.14,862.80,South America
12567,2025-07-27,Sports,Hydro Flask Sports Bottle,4,40.33,161.32,Oceania
12568,2024-01-27,Electronics,Garmin Forerunner 945,8,513.12,4104.96,North America
12569,2024-07-14,Clothing,Levi's 501 Jeans,17,68.28,1160.76,South America
12570,2025-09-17,Electronics,Garmin Forerunner 945,17,498.16,8468.72,North America
12571,2024-06-30,Sports,Adidas FIFA Soccer Ball,18,37.90,682.20,Middle East
12572,2025-11-15,Beauty Products,MAC Lipstick Collection,20,73.34,1466.80,South America
12573,2024-02-19,Electronics,Dell XPS 13 Laptop,1,1227.85,1227.85,Oceania
12574,2024-03-24,Home Appliances,KitchenAid Stand Mixer,4,417.39,1669.56,North America
12575,2025-02-07,Books,The Hobbit,3,14.66,43.98,South America
12576,2024-07-10,Sports,Fitbit Charge 6,12,172.55,2070.60,Asia
12577,2025-07-11,Electronics,Garmin Forerunner 945,19,492.62,9359.78,Europe
12578,2025-09-28,Clothing,Adidas Ultraboost Shoes,7,196.16,1373.12,Asia
12579,2024-05-17,Books,The Psychology of Money,16,17.45,279.20,Oceania
12580,2024-10-17,Clothing,Adidas Ultraboost Shoes,5,176.43,882.15,South America
12581,2025-09-16,Beauty Products,Maybelline Makeup Kit,15,49.94,749.10,Middle East
12582,2024-01-24,Home Appliances,Dyson V11 Vacuum,11,545.98,6005.78,North America
12583,2024-03-07,Electronics,Garmin Forerunner 945,17,490.17,8332.89,Oceania
12584,2024-04-27,Home Appliances,Blueair Classic 480i,7,556.14,3892.98,Europe
12585,2024-05-13,Books,Deep Work,19,18.18,345.42,Middle East
12586,2025-04-02,Clothing,Levi's 501 Jeans,1,75.93,75.93,North America
12587,2025-05-22,Clothing,Vans Old Skool Sneakers,2,76.23,152.46,South America
12588,2024-10-06,Sports,Bowflex Adjustable Dumbbells,10,414.01,4140.10,Europe
12589,2024-11-08,Books,The Psychology of Money,14,18.31,256.34,Asia
12590,2024-04-17,Clothing,Calvin Klein Slim Fit Shirt,10,85.68,856.80,Europe
12591,2024-01-08,Electronics,Google Pixel 8 Pro,13,1057.71,13750.23,Oceania
12592,2024-08-25,Books,Clean Code,9,36.90,332.10,Middle East
12593,2024-09-01,Books,Clean Code,9,41.49,373.41,Middle East
12594,2025-02-16,Books,Dune by Frank Herbert,7,25.21,176.47,Africa
12595,2025-07-18,Beauty Products,MAC Lipstick Collection,7,84.70,592.90,Middle East
12596,2024-06-19,Home Appliances,Keurig K-Elite Coffee Maker,1,189.89,189.89,Europe
12597,2024-04-20,Clothing,Adidas Ultraboost Shoes,5,181.37,906.85,Asia
12598,2024-04-06,Books,The Da Vinci Code,6,14.80,88.80,Oceania
12599,2025-12-19,Home Appliances,Philips Air Fryer XXL,3,270.88,812.64,Oceania
12600,2024-01-16,Books,The Da Vinci Code,16,16.36,261.76,Europe
12601,2025-05-05,Books,The Hobbit,11,14.45,158.95,Oceania
12602,2025-07-27,Books,The Psychology of Money,4,17.36,69.44,Asia
12603,2024-03-06,Sports,Callaway Golf Club Set,11,939.65,10336.15,Asia
12604,2024-10-25,Books,"Salt, Fat, Acid, Heat by Samin Nosrat",17,31.00,527.00,Europe
12605,2024-11-21,Sports,Manduka PRO Yoga Mat,8,126.32,1010.56,Oceania
12606,2024-02-16,Sports,Wilson Evolution Basketball,18,28.61,514.98,South America
12607,2025-12-01,Beauty Products,Chanel No. 5 Perfume,15,119.08,1786.20,South America
12608,2024-11-06,Clothing,Puma Sports Hoodie,20,82.48,1649.60,Africa
12609,2025-05-25,Beauty Products,Chanel No. 5 Perfume,12,136.85,1642.20,Oceania
12610,2024-07-01,Beauty Products,L'Oreal Revitalift Cream,7,28.03,196.21,Oceania
12611,2024-03-06,Sports,Fitbit Charge 6,3,175.68,527.04,Middle East
12612,2025-04-30,Clothing,Columbia Rain Jacket,1,133.61,133.61,South America
12613,2025-02-07,Beauty Products,Olaplex Hair Repair Set,8,61.01,488.08,Africa
12614,2024-03-30,Sports,Manduka PRO Yoga Mat,9,122.24,1100.16,Asia
12615,2025-06-08,Home Appliances,Ninja Professional Blender,20,91.61,1832.20,Oceania
12616,2025-05-29,Home Appliances,iRobot Roomba j7,19,624.22,11860.18,South America
12617,2025-04-25,Home Appliances,Ninja Professional Blender,8,105.34,842.72,Asia
12618,2025-09-12,Books,Dune by Frank Herbert,6,24.99,149.94,Africa
12619,2024-05-06,Clothing,Calvin Klein Slim Fit Shirt,6,82.84,497.04,Africa
12620,2024-05-31,Electronics,Sony WH-1000XM5 Headphones,18,431.41,7765.38,Asia
12621,2025-07-30,Beauty Products,CeraVe Hydrating Cleanser,3,20.14,60.42,Asia
12622,2024-09-03,Beauty Products,MAC Lipstick Collection,12,82.60,991.20,Africa
12623,2025-04-14,Sports,Bowflex Adjustable Dumbbells,4,395.89,1583.56,Asia
12624,2025-01-04,Electronics,Canon EOS R10 Camera,7,896.52,6275.64,Europe
12625,2025-01-29,Books,The Alchemist,9,11.92,107.28,North America
12626,2025-04-15,Sports,Everlast Boxing Gloves,19,47.18,896.42,North America
12627,2024-12-12,Clothing,Puma Sports Hoodie,5,74.16,370.80,South America
12628,2024-09-30,Clothing,Columbia Rain Jacket,8,134.17,1073.36,Oceania
12629,2025-07-31,Home Appliances,Philips Air Fryer XXL,19,238.56,4532.64,North America
12630,2025-08-25,Books,Dune by Frank Herbert,5,28.57,142.85,Oceania
12631,2024-05-28,Beauty Products,Maybelline Makeup Kit,11,50.51,555.61,Middle East
12632,2025-02-26,Sports,Bowflex Adjustable Dumbbells,11,428.73,4716.03,Middle East
12633,2025-01-27,Books,The Hobbit,20,14.02,280.40,Middle East
12634,2024-03-20,Clothing,Calvin Klein Slim Fit Shirt,9,88.64,797.76,North America
12635,2025-12-05,Sports,Wilson Evolution Basketball,15,31.23,468.45,Middle East
12636,2024-05-03,Clothing,Vans Old Skool Sneakers,15,81.17,1217.55,Asia
12637,2024-08-02,Books,Atomic Habits,6,18.36,110.16,Europe
12638,2025-03-21,Clothing,North Face Down Jacket,13,251.13,3264.69,Middle East
12639,2025-12-29,Electronics,Google Pixel 8 Pro,5,1045.34,5226.70,South America
12640,2024-08-07,Clothing,Calvin Klein Slim Fit Shirt,4,90.20,360.80,Africa
12641,2025-12-24,Electronics,MacBook Pro 16-inch,7,2305.21,16136.47,Africa
12642,2025-10-01,Books,Dune by Frank Herbert,5,28.18,140.90,North America
12643,2024-06-29,Clothing,Vans Old Skool Sneakers,9,72.51,652.59,Africa
12644,2025-07-31,Sports,Bowflex Adjustable Dumbbells,3,412.44,1237.32,Middle East
12645,2024-08-19,Home Appliances,Instant Pot Duo 7-in-1,15,133.06,1995.90,South America
12646,2024-12-10,Books,Deep Work,9,18.92,170.28,South America
12647,2024-12-10,Sports,Manduka PRO Yoga Mat,4,116.07,464.28,Africa
12648,2024-03-16,Clothing,Adidas Ultraboost Shoes,4,200.65,802.60,Oceania
12649,2025-11-19,Books,"Salt, Fat, Acid, Heat by Samin Nosrat",10,30.05,300.50,Middle East
12650,2025-02-05,Electronics,Samsung Galaxy Tab S8,15,822.50,12337.50,Asia
12651,2025-08-20,Electronics,Apple Watch Series 9,8,432.23,3457.84,Europe
12652,2025-10-15,Books,The Da Vinci Code,16,15.64,250.24,North America
12653,2025-07-28,Books,Sapiens,1,26.40,26.40,Asia
12654,2024-11-24,Electronics,Garmin Forerunner 945,19,522.13,9920.47,Africa
12655,2025-07-04,Books,The Hobbit,1,13.98,13.98,Middle East
12656,2025-07-06,Beauty Products,Dyson Supersonic Hair Dryer,4,419.80,1679.20,Asia
12657,2025-03-07,Sports,Callaway Golf Club Set,5,919.18,4595.90,Africa
12658,2025-09-21,Clothing,Calvin Klein Slim Fit Shirt,10,83.46,834.60,North America
12659,2024-03-29,Books,Sapiens,1,23.68,23.68,Europe
12660,2025-03-22,Home Appliances,Dyson V11 Vacuum,20,525.22,10504.40,Middle East
12661,2025-05-26,Sports,Manduka PRO Yoga Mat,12,110.70,1328.40,Europe
12662,2024-05-21,Beauty Products,CeraVe Hydrating Cleanser,20,17.92,358.40,Asia
12663,2025-03-12,Home Appliances,iRobot Roomba j7,9,626.58,5639.22,Africa
12664,2024-09-05,Clothing,Vans Old Skool Sneakers,3,79.52,238.56,North America
12665,2024-04-14,Beauty Products,Clinique Moisture Surge,15,45.32,679.80,South America
12666,2024-03-27,Beauty Products,L'Oreal Revitalift Cream,12,27.43,329.16,Asia
12667,2025-04-22,Electronics,MacBook Pro 16-inch,9,2337.39,21036.51,South America
12668,2025-07-16,Sports,Spalding Volleyball,16,34.63,554.08,Africa
12669,2025-07-22,Books,Dune by Frank Herbert,11,25.20,277.20,Oceania
12670,2024-10-26,Electronics,Sony WH-1000XM5 Headphones,20,388.78,7775.60,Oceania
12671,2024-12-21,Home Appliances,LG Front Load Washer,18,828.94,14920.92,Africa
12672,2024-04-12,Electronics,Nintendo Switch OLED,10,367.86,3678.60,North America
12673,2025-04-07,Clothing,Adidas Ultraboost Shoes,14,187.81,2629.34,Africa
12674,2024-07-11,Clothing,Puma Sports Hoodie,18,78.20,1407.60,Middle East
12675,2024-03-19,Beauty Products,Maybelline Makeup Kit,7,48.42,338.94,South America
12676,2024-08-22,Sports,Hydro Flask Sports Bottle,4,36.83,147.32,South America
12677,2024-10-25,Electronics,Nintendo Switch OLED,7,339.66,2377.62,Africa
12678,2024-05-13,Books,Dune by Frank Herbert,15,24.48,367.20,Europe
12679,2025-09-29,Books,Clean Code,18,38.89,700.02,North America
12680,2025-09-18,Books,The Alchemist,16,11.75,188.00,Europe
12681,2024-03-21,Beauty Products,Clinique Moisture Surge,1,49.35,49.35,South America
12682,2025-09-13,Home Appliances,Blueair Classic 480i,13,652.41,8481.33,Oceania
12683,2025-05-10,Home Appliances,Dyson V11 Vacuum,8,466.34,3730.72,Asia
12684,2025-11-29,Home Appliances,LG Front Load Washer,11,989.70,10886.70,Oceania
12685,2025-06-13,Home Appliances,Instant Pot Duo 7-in-1,12,139.11,1669.32,Middle East
12686,2025-10-12,Electronics,MacBook Pro 16-inch,19,2332.20,44311.80,North America
12687,2025-10-02,Books,Sapiens,4,25.45,101.80,Middle East
12688,2025-02-05,Home Appliances,Samsung Smart Refrigerator,11,1716.09,18876.99,Europe
12689,2024-07-26,Home Appliances,Instant Pot Duo 7-in-1,8,119.86,958.88,South America
12690,2024-09-11,Books,The Psychology of Money,5,16.40,82.00,Middle East
12691,2025-04-01,Books,The Da Vinci Code,9,16.33,146.97,Europe
12692,2025-05-22,Sports,Spalding Volleyball,13,34.65,450.45,Europe
12693,2024-07-05,Electronics,Samsung Galaxy Tab S8,4,819.92,3279.68,North America
12694,2024-02-19,Clothing,Columbia Rain Jacket,18,141.25,2542.50,Oceania
12695,2024-08-29,Sports,Wilson Evolution Basketball,20,30.82,616.40,Oceania
12696,2024-02-09,Beauty Products,Olaplex Hair Repair Set,12,61.32,735.84,Middle East
12697,2025-07-20,Beauty Products,The Ordinary Serum Set,19,40.24,764.56,Middle East
12698,2024-07-19,Sports,Adidas FIFA Soccer Ball,6,38.94,233.64,South America
12699,2024-01-22,Electronics,Dell XPS 13 Laptop,5,1399.66,6998.30,Africa
12700,2025-01-25,Beauty Products,MAC Lipstick Collection,11,74.76,822.36,North America
12701,2025-06-29,Clothing,Adidas Ultraboost Shoes,8,200.42,1603.36,North America
12702,2025-03-07,Sports,Spalding Volleyball,4,36.14,144.56,Europe
12703,2025-12-04,Home Appliances,iRobot Roomba j7,9,590.91,5318.19,South America
12704,2024-08-08,Clothing,Adidas Ultraboost Shoes,5,183.39,916.95,Oceania
12705,2025-04-10,Sports,Manduka PRO Yoga Mat,19,111.33,2115.27,Europe
12706,2025-03-06,Electronics,MacBook Pro 16-inch,19,2644.19,50239.61,Middle East
12707,2025-11-13,Clothing,Patagonia Fleece Jacket,18,185.55,3339.90,South America
12708,2024-02-16,Home Appliances,Philips Air Fryer XXL,11,261.53,2876.83,Asia
12709,2025-04-06,Sports,Fitbit Charge 6,17,166.28,2826.76,Middle East
12710,2024-03-15,Books,The Psychology of Money,4,19.63,78.52,Asia
12711,2024-01-03,Clothing,Vans Old Skool Sneakers,20,75.40,1508.00,Africa
12712,2024-01-18,Sports,Callaway Golf Club Set,6,852.04,5112.24,North America
12713,2025-08-21,Beauty Products,MAC Lipstick Collection,3,77.26,231.78,North America
12714,2024-12-15,Home Appliances,Samsung Smart Refrigerator,4,1768.09,7072.36,South America
12715,2024-07-10,Books,Atomic Habits,18,20.08,361.44,North America
12716,2025-08-06,Books,Clean Code,3,42.47,127.41,Asia
12717,2025-04-23,Home Appliances,iRobot Roomba j7,3,622.43,1867.29,North America
12718,2024-01-25,Beauty Products,Chanel No. 5 Perfume,6,118.98,713.88,South America
12719,2025-09-25,Clothing,Levi's 501 Jeans,7,65.64,459.48,Africa
12720,2025-09-11,Beauty Products,L'Oreal Revitalift Cream,10,28.75,287.50,Asia
12721,2025-07-13,Clothing,Columbia Rain Jacket,12,139.21,1670.52,Middle East
12722,2024-07-26,Clothing,Under Armour Training Shirt,17,40.73,692.41,Middle East
12723,2025-06-08,Clothing,Columbia Rain Jacket,7,117.25,820.75,Africa
12724,2024-02-15,Home Appliances,KitchenAid Stand Mixer,16,434.98,6959.68,North America
12725,2025-01-17,Electronics,Nintendo Switch OLED,16,325.84,5213.44,South America
12726,2024-09-08,Sports,Fitbit Charge 6,12,169.64,2035.68,Africa
12727,2025-10-05,Books,The Da Vinci Code,19,15.91,302.29,Africa
12728,2024-09-03,Clothing,Levi's 501 Jeans,11,76.18,837.98,Middle East
12729,2025-06-29,Electronics,Apple Watch Series 9,5,421.49,2107.45,Middle East
12730,2024-02-17,Clothing,North Face Down Jacket,6,235.36,1412.16,Asia
12731,2024-03-16,Books,The Da Vinci Code,13,15.53,201.89,Asia
12732,2025-03-03,Electronics,Canon EOS R10 Camera,12,963.98,11567.76,Africa
12733,2024-10-10,Sports,Babolat Pure Drive Tennis Racket,11,203.11,2234.21,North America
12734,2024-04-14,Beauty Products,Chanel No. 5 Perfume,13,131.34,1707.42,South America
12735,2024-01-31,Home Appliances,Dyson V11 Vacuum,13,501.08,6514.04,South America
12736,2025-04-13,Home Appliances,Keurig K-Elite Coffee Maker,8,191.74,1533.92,Asia
12737,2024-10-18,Books,Dune by Frank Herbert,13,25.37,329.81,Middle East
12738,2024-07-19,Beauty Products,Neutrogena Skincare Set,3,87.25,261.75,South America
12739,2024-01-02,Books,Atomic Habits,11,19.79,217.69,Africa
12740,2024-05-27,Clothing,Patagonia Fleece Jacket,14,183.17,2564.38,North America
12741,2024-01-24,Sports,Bowflex Adjustable Dumbbells,14,410.26,5743.64,Europe
12742,2024-12-01,Home Appliances,LG Front Load Washer,6,987.81,5926.86,Asia
12743,2024-07-27,Beauty Products,L'Oreal Revitalift Cream,7,30.49,213.43,North America
12744,2024-09-22,Books,Sapiens,10,24.50,245.00,North America
12745,2024-08-06,Sports,Spalding Volleyball,7,38.14,266.98,South America
12746,2024-12-11,Books,Deep Work,1,18.03,18.03,Oceania
12747,2024-11-27,Electronics,MacBook Pro 16-inch,12,2349.27,28191.24,Europe
12748,2024-09-01,Home Appliances,Blueair Classic 480i,13,570.15,7411.95,Europe
12749,2024-06-17,Home Appliances,iRobot Roomba j7,1,607.65,607.65,South America
12750,2024-08-28,Books,Sapiens,7,23.65,165.55,Asia
12751,2024-04-16,Beauty Products,The Ordinary Serum Set,8,37.37,298.96,South America
12752,2025-05-11,Beauty Products,Clinique Moisture Surge,15,47.97,719.55,Asia
12753,2025-06-01,Beauty Products,CeraVe Hydrating Cleanser,11,17.87,196.57,Africa
12754,2024-02-13,Electronics,Garmin Forerunner 945,8,503.60,4028.80,Africa
12755,2025-12-27,Sports,Wilson Evolution Basketball,4,29.29,117.16,North America
12756,2024-01-15,Clothing,North Face Down Jacket,5,266.00,1330.00,Middle East
12757,2025-09-16,Electronics,Nintendo Switch OLED,17,358.39,6092.63,Asia
12758,2024-08-24,Home Appliances,Philips Air Fryer XXL,17,228.71,3888.07,North America
12759,2024-06-13,Beauty Products,Neutrogena Skincare Set,20,88.71,1774.20,Europe
12760,2024-12-30,Beauty Products,Neutrogena Skincare Set,15,85.93,1288.95,Africa
12761,2024-01-09,Books,"Salt, Fat, Acid, Heat by Samin Nosrat",3,33.99,101.97,Middle East
12762,2025-05-18,Beauty Products,CeraVe Hydrating Cleanser,19,19.19,364.61,Europe
12763,2024-01-09,Beauty Products,L'Oreal Revitalift Cream,15,27.24,408.60,Oceania
12764,2025-12-18,Home Appliances,Ninja Professional Blender,4,96.74,386.96,Middle East
12765,2024-03-23,Clothing,Under Armour Training Shirt,3,39.53,118.59,Asia
12766,2025-05-18,Clothing,Adidas Ultraboost Shoes,5,176.30,881.50,Asia
12767,2024-12-28,Home Appliances,Keurig K-Elite Coffee Maker,20,205.51,4110.20,Oceania
12768,2025-09-23,Sports,Babolat Pure Drive Tennis Racket,13,193.25,2512.25,Europe
12769,2025-10-08,Home Appliances,Instant Pot Duo 7-in-1,16,125.62,2009.92,Oceania
12770,2024-01-10,Home Appliances,Ninja Professional Blender,7,98.39,688.73,Africa
12771,2024-11-26,Sports,Fitbit Charge 6,15,144.45,2166.75,Africa
12772,2025-10-17,Books,Clean Code,7,39.85,278.95,Middle East
12773,2024-03-31,Home Appliances,iRobot Roomba j7,17,709.08,12054.36,Asia
12774,2024-12-07,Electronics,Nintendo Switch OLED,9,360.71,3246.39,Oceania
12775,2024-04-06,Clothing,Puma Sports Hoodie,7,82.29,576.03,Africa
12776,2025-06-20,Home Appliances,KitchenAid Stand Mixer,12,446.02,5352.24,Africa
12777,2025-08-27,Sports,Callaway Golf Club Set,9,934.23,8408.07,Middle East
12778,2025-08-14,Electronics,Apple Watch Series 9,19,394.10,7487.90,Europe
12779,2024-07-25,Books,Dune by Frank Herbert,7,28.54,199.78,Middle East
12780,2025-09-29,Beauty Products,L'Oreal Revitalift Cream,11,29.10,320.10,Africa
12781,2024-02-11,Home Appliances,KitchenAid Stand Mixer,10,438.89,4388.90,South America
12782,2024-09-30,Sports,Spalding Volleyball,19,36.81,699.39,Europe
12783,2025-02-18,Books,The Psychology of Money,14,18.68,261.52,Asia
12784,2024-06-27,Electronics,Google Pixel 8 Pro,5,912.32,4561.60,South America
12785,2024-03-05,Beauty Products,MAC Lipstick Collection,17,75.23,1278.91,Asia
12786,2024-05-17,Clothing,Levi's 501 Jeans,13,76.64,996.32,South America
12787,2024-05-23,Beauty Products,Olaplex Hair Repair Set,14,56.15,786.10,South America
12788,2025-12-08,Home Appliances,Keurig K-Elite Coffee Maker,19,178.29,3387.51,Europe
12789,2024-01-04,Sports,Wilson Evolution Basketball,14,32.70,457.80,North America
12790,2025-04-15,Sports,Fitbit Charge 6,10,149.29,1492.90,Europe
12791,2024-04-23,Home Appliances,LG Front Load Washer,5,955.62,4778.10,Africa
12792,2024-07-14,Electronics,Nintendo Switch OLED,19,360.18,6843.42,Africa
12793,2024-07-14,Sports,Wilson Evolution Basketball,18,32.19,579.42,South America
12794,2025-04-05,Books,"Salt, Fat, Acid, Heat by Samin Nosrat",9,33.03,297.27,North America
12795,2024-03-25,Books,Dune by Frank Herbert,12,26.82,321.84,South America
12796,2024-11-05,Books,The Da Vinci Code,20,17.53,350.60,Africa
12797,2024-08-28,Sports,Babolat Pure Drive Tennis Racket,18,215.42,3877.56,North America
12798,2024-05-30,Sports,Adidas FIFA Soccer Ball,12,40.08,480.96,Europe
12799,2024-01-27,Books,Atomic Habits,1,19.27,19.27,North America
12800,2024-10-04,Clothing,Patagonia Fleece Jacket,13,176.17,2290.21,North America
12801,2024-10-13,Books,Clean Code,14,42.85,599.90,Asia
12802,2025-12-03,Electronics,Garmin Forerunner 945,13,548.23,7126.99,Asia
12803,2024-06-05,Sports,Hydro Flask Sports Bottle,4,36.80,147.20,Middle East
12804,2025-08-28,Home Appliances,Dyson V11 Vacuum,6,492.88,2957.28,Asia
12805,2025-03-16,Sports,Everlast Boxing Gloves,1,49.14,49.14,Africa
12806,2025-11-18,Electronics,iPhone 14 Pro,4,1030.12,4120.48,Asia
12807,2024-10-04,Clothing,Levi's 501 Jeans,11,75.65,832.15,Europe
12808,2024-09-17,Beauty Products,Chanel No. 5 Perfume,13,126.57,1645.41,Europe
12809,2025-05-23,Clothing,North Face Down Jacket,2,240.84,481.68,Europe
12810,2024-10-31,Sports,Everlast Boxing Gloves,8,46.82,374.56,Asia
12811,2025-05-05,Home Appliances,Philips Air Fryer XXL,19,273.54,5197.26,North America
12812,2024-12-21,Sports,Spalding Volleyball,4,36.29,145.16,Africa
12813,2025-03-01,Beauty Products,Chanel No. 5 Perfume,2,133.54,267.08,Oceania
12814,2025-04-01,Beauty Products,The Ordinary Serum Set,8,40.68,325.44,Asia
12815,2024-12-01,Clothing,Under Armour Training Shirt,20,41.50,830.00,South America
12816,2024-07-19,Home Appliances,Samsung Smart Refrigerator,12,1740.04,20880.48,Oceania
12817,2024-08-03,Home Appliances,Instant Pot Duo 7-in-1,1,138.57,138.57,Asia
12818,2025-11-04,Clothing,Calvin Klein Slim Fit Shirt,16,90.90,1454.40,Middle East
12819,2024-03-21,Electronics,Dell XPS 13 Laptop,17,1323.37,22497.29,North America
12820,2024-01-30,Home Appliances,Ninja Professional Blender,3,97.17,291.51,Middle East
12821,2025-08-20,Books,"Salt, Fat, Acid, Heat by Samin Nosrat",16,34.33,549.28,Middle East
12822,2025-12-08,Sports,Hydro Flask Sports Bottle,5,38.52,192.60,North America
12823,2024-04-03,Sports,Babolat Pure Drive Tennis Racket,6,189.06,1134.36,Middle East
12824,2025-08-30,Clothing,Nike Air Force 1,16,93.47,1495.52,North America
12825,2025-08-21,Books,Sapiens,8,23.17,185.36,Middle East
12826,2024-08-24,Electronics,Google Pixel 8 Pro,8,1028.08,8224.64,Africa
12827,2024-09-23,Beauty Products,CeraVe Hydrating Cleanser,16,20.67,330.72,North America
12828,2025-05-13,Beauty Products,Neutrogena Skincare Set,17,92.92,1579.64,Asia
12829,2025-03-13,Electronics,Garmin Forerunner 945,12,512.66,6151.92,North America
12830,2024-01-24,Sports,Adidas FIFA Soccer Ball,9,40.70,366.30,South America
12831,2025-07-06,Home Appliances,Samsung Smart Refrigerator,9,1804.59,16241.31,South America
12832,2024-06-29,Electronics,Samsung Galaxy Tab S8,20,752.90,15058.00,North America
12833,2025-11-11,Books,The Alchemist,3,13.79,41.37,North America
12834,2024-07-30,Home Appliances,Samsung Smart Refrigerator,12,1768.34,21220.08,Oceania
12835,2024-07-18,Beauty Products,Maybelline Makeup Kit,14,49.82,697.48,South America
12836,2024-06-08,Beauty Products,CeraVe Hydrating Cleanser,3,19.15,57.45,Africa
12837,2024-04-20,Clothing,Columbia Rain Jacket,4,131.39,525.56,Africa
12838,2025-10-16,Books,Sapiens,9,22.70,204.30,Middle East
12839,2024-11-22,Sports,Callaway Golf Club Set,6,867.18,5203.08,Africa
12840,2024-09-07,Electronics,Apple Watch Series 9,8,423.46,3387.68,Africa
12841,2024-12-24,Books,The Alchemist,3,14.20,42.60,Africa
12842,2024-11-20,Books,The Hobbit,20,16.39,327.80,South America
12843,2025-11-22,Clothing,Calvin Klein Slim Fit Shirt,2,97.84,195.68,Asia
12844,2024-07-16,Electronics,Samsung Galaxy Tab S8,3,798.62,2395.86,North America
12845,2025-08-04,Home Appliances,Philips Air Fryer XXL,9,232.41,2091.69,Africa
12846,2024-09-19,Sports,Babolat Pure Drive Tennis Racket,13,210.01,2730.13,South America
12847,2024-08-05,Home Appliances,Ninja Professional Blender,19,93.74,1781.06,Middle East
12848,2024-06-05,Home Appliances,iRobot Roomba j7,9,603.64,5432.76,Oceania
12849,2024-03-16,Electronics,Samsung Galaxy Tab S8,16,684.95,10959.20,South America
12850,2025-02-25,Electronics,Samsung Galaxy Tab S8,12,738.87,8866.44,South America
12851,2024-07-17,Beauty Products,Chanel No. 5 Perfume,15,125.96,1889.40,Asia
12852,2025-05-26,Home Appliances,Philips Air Fryer XXL,19,265.45,5043.55,Middle East
12853,2024-02-24,Clothing,Under Armour Training Shirt,20,43.57,871.40,Oceania
12854,2024-05-17,Books,"Salt, Fat, Acid, Heat by Samin Nosrat",19,35.88,681.72,Africa
12855,2024-07-17,Books,Sapiens,8,27.47,219.76,South America
12856,2025-06-15,Beauty Products,Dyson Supersonic Hair Dryer,9,399.61,3596.49,Middle East
12857,2024-12-09,Books,Clean Code,9,36.12,325.08,North America
12858,2024-03-14,Sports,Wilson Evolution Basketball,9,32.28,290.52,Asia
12859,2024-04-21,Beauty Products,MAC Lipstick Collection,5,84.57,422.85,Middle East
12860,2025-10-05,Electronics,Samsung Galaxy Tab S8,12,753.03,9036.36,Africa
12861,2025-04-17,Home Appliances,Blueair Classic 480i,17,568.60,9666.20,North America
12862,2025-01-20,Home Appliances,Blueair Classic 480i,2,604.64,1209.28,Europe
12863,2024-09-05,Beauty Products,The Ordinary Serum Set,17,37.96,645.32,Africa
12864,2025-09-19,Books,Clean Code,5,39.14,195.70,Oceania
12865,2025-04-04,Books,The Alchemist,9,12.89,116.01,Europe
12866,2025-03-30,Home Appliances,Keurig K-Elite Coffee Maker,13,192.48,2502.24,Europe
12867,2024-02-14,Clothing,Vans Old Skool Sneakers,3,79.83,239.49,South America
12868,2025-09-19,Books,Clean Code,10,38.25,382.50,Europe
12869,2025-09-20,Books,"Salt, Fat, Acid, Heat by Samin Nosrat",10,30.00,300.00,Asia
12870,2024-07-28,Electronics,Sony WH-1000XM5 Headphones,9,433.27,3899.43,Asia
12871,2024-09-25,Sports,Adidas FIFA Soccer Ball,19,36.63,695.97,Oceania
12872,2024-11-10,Clothing,Patagonia Fleece Jacket,19,188.67,3584.73,Middle East
12873,2024-04-19,Beauty Products,The Ordinary Serum Set,12,39.30,471.60,Asia
12874,2024-10-27,Beauty Products,Clinique Moisture Surge,13,41.72,542.36,North America
12875,2025-11-28,Clothing,Calvin Klein Slim Fit Shirt,20,94.30,1886.00,Africa
12876,2024-09-02,Sports,Babolat Pure Drive Tennis Racket,17,200.58,3409.86,Asia
12877,2025-12-05,Home Appliances,Keurig K-Elite Coffee Maker,2,172.97,345.94,North America
12878,2025-06-06,Home Appliances,Instant Pot Duo 7-in-1,14,141.97,1987.58,Oceania
12879,2024-04-03,Books,Deep Work,5,18.11,90.55,Middle East
12880,2024-06-01,Clothing,Levi's 501 Jeans,6,72.39,434.34,Oceania
12881,2024-09-29,Electronics,Garmin Forerunner 945,15,457.14,6857.10,Oceania
12882,2024-11-08,Books,The Hobbit,17,14.86,252.62,Europe
12883,2025-10-25,Beauty Products,Dyson Supersonic Hair Dryer,8,433.77,3470.16,Middle East
12884,2025-07-08,Clothing,Columbia Rain Jacket,19,120.14,2282.66,Europe
12885,2024-10-24,Clothing,Columbia Rain Jacket,17,118.57,2015.69,Oceania
12886,2024-10-03,Home Appliances,Blueair Classic 480i,1,652.74,652.74,Africa
12887,2024-09-04,Clothing,Calvin Klein Slim Fit Shirt,15,94.99,1424.85,North America
12888,2024-09-03,Sports,Wilson Evolution Basketball,13,32.49,422.37,South America
12889,2024-04-15,Electronics,Dell XPS 13 Laptop,8,1279.73,10237.84,Oceania
12890,2024-08-28,Electronics,Sony WH-1000XM5 Headphones,5,373.36,1866.80,North America
12891,2024-03-06,Beauty Products,CeraVe Hydrating Cleanser,8,20.86,166.88,North America
12892,2024-11-17,Clothing,Adidas Ultraboost Shoes,8,193.05,1544.40,South America
12893,2024-06-11,Home Appliances,iRobot Roomba j7,20,639.83,12796.60,North America
12894,2025-04-19,Clothing,Vans Old Skool Sneakers,15,87.21,1308.15,South America
12895,2024-11-07,Clothing,Calvin Klein Slim Fit Shirt,10,91.70,917.00,North America
12896,2025-04-29,Sports,Babolat Pure Drive Tennis Racket,7,196.68,1376.76,Middle East
12897,2025-04-22,Sports,Wilson Evolution Basketball,19,32.30,613.70,Europe
12898,2024-09-17,Home Appliances,LG Front Load Washer,3,920.27,2760.81,North America
12899,2025-01-13,Beauty Products,L'Oreal Revitalift Cream,6,31.56,189.36,Europe
12900,2024-08-15,Home Appliances,Samsung Smart Refrigerator,4,1771.96,7087.84,Oceania
12901,2024-04-08,Home Appliances,Instant Pot Duo 7-in-1,1,140.36,140.36,Europe
12902,2024-12-12,Books,Clean Code,13,41.85,544.05,Asia
12903,2024-11-05,Beauty Products,Maybelline Makeup Kit,12,45.63,547.56,Europe
12904,2024-08-29,Home Appliances,Blueair Classic 480i,1,658.90,658.90,Middle East
12905,2025-02-01,Clothing,Levi's 501 Jeans,6,76.30,457.80,South America
12906,2025-09-29,Electronics,iPhone 14 Pro,17,1023.95,17407.15,Middle East
12907,2024-07-27,Home Appliances,iRobot Roomba j7,7,629.44,4406.08,Middle East
12908,2024-04-07,Beauty Products,MAC Lipstick Collection,2,79.76,159.52,Middle East
12909,2024-12-28,Electronics,Garmin Forerunner 945,10,521.22,5212.20,North America
12910,2025-08-01,Electronics,Google Pixel 8 Pro,8,1019.45,8155.60,North America
12911,2024-09-21,Books,Atomic Habits,12,19.74,236.88,Middle East
12912,2024-01-31,Beauty Products,Dyson Supersonic Hair Dryer,1,403.39,403.39,Africa
12913,2025-05-16,Beauty Products,CeraVe Hydrating Cleanser,2,18.77,37.54,Africa
12914,2025-07-17,Clothing,Nike Air Force 1,10,87.36,873.60,South America
12915,2024-07-04,Electronics,Sony WH-1000XM5 Headphones,19,393.08,7468.52,Africa
12916,2024-10-30,Beauty Products,Neutrogena Skincare Set,17,98.10,1667.70,Oceania
12917,2025-09-27,Home Appliances,Philips Air Fryer XXL,12,233.22,2798.64,Oceania
12918,2024-01-27,Home Appliances,Instant Pot Duo 7-in-1,14,138.36,1937.04,North America
12919,2025-11-16,Electronics,iPhone 14 Pro,20,1018.24,20364.80,Europe
12920,2024-06-03,Sports,Callaway Golf Club Set,11,862.87,9491.57,South America
12921,2025-10-04,Electronics,Canon EOS R10 Camera,1,946.42,946.42,Asia
12922,2025-06-16,Books,Clean Code,7,43.74,306.18,Oceania
12923,2025-05-25,Beauty Products,L'Oreal Revitalift Cream,12,27.04,324.48,Oceania
12924,2024-10-07,Books,"Salt, Fat, Acid, Heat by Samin Nosrat",10,34.40,344.00,North America
12925,2025-05-10,Electronics,iPhone 14 Pro,5,986.49,4932.45,Middle East
12926,2024-06-21,Home Appliances,Ninja Professional Blender,19,92.24,1752.56,Oceania
12927,2024-12-18,Clothing,Nike Air Force 1,15,87.19,1307.85,Europe
12928,2024-08-16,Books,The Alchemist,11,13.48,148.28,South America
12929,2024-12-20,Books,The Psychology of Money,16,16.63,266.08,North America
12930,2025-10-17,Home Appliances,Ninja Professional Blender,2,98.30,196.60,Oceania
12931,2025-10-07,Beauty Products,Dyson Supersonic Hair Dryer,9,407.70,3669.30,South America
12932,2024-05-02,Home Appliances,LG Front Load Washer,11,836.54,9201.94,Europe
12933,2025-03-30,Home Appliances,Dyson V11 Vacuum,14,488.13,6833.82,North America
12934,2025-02-03,Home Appliances,Instant Pot Duo 7-in-1,10,140.20,1402.00,Asia
12935,2024-07-14,Sports,Fitbit Charge 6,2,160.65,321.30,Europe
12936,2025-01-21,Beauty Products,Clinique Moisture Surge,7,40.81,285.67,South America
12937,2024-09-03,Clothing,Puma Sports Hoodie,13,70.30,913.90,Middle East
12938,2024-05-04,Sports,Adidas FIFA Soccer Ball,10,42.02,420.20,Asia
12939,2025-07-16,Books,Deep Work,4,19.59,78.36,South America
12940,2025-08-06,Electronics,Apple Watch Series 9,3,397.57,1192.71,Middle East
12941,2025-05-07,Beauty Products,Chanel No. 5 Perfume,6,119.59,717.54,North America
12942,2024-04-09,Clothing,Adidas Ultraboost Shoes,11,176.24,1938.64,Asia
12943,2025-01-22,Beauty Products,L'Oreal Revitalift Cream,1,29.67,29.67,Middle East
12944,2025-11-04,Electronics,Canon EOS R10 Camera,3,1008.67,3026.01,Africa
12945,2025-03-17,Beauty Products,Neutrogena Skincare Set,18,94.31,1697.58,Europe
12946,2025-03-02,Home Appliances,Blueair Classic 480i,11,595.89,6554.79,North America
12947,2025-01-09,Electronics,Garmin Forerunner 945,15,490.70,7360.50,Oceania
12948,2025-03-26,Beauty Products,Neutrogena Skincare Set,12,88.82,1065.84,Africa
12949,2025-11-05,Sports,Fitbit Charge 6,3,164.72,494.16,Europe
12950,2024-05-11,Clothing,Puma Sports Hoodie,1,80.19,80.19,Middle East
12951,2025-10-02,Home Appliances,Keurig K-Elite Coffee Maker,19,189.67,3603.73,Middle East
12952,2025-03-31,Beauty Products,L'Oreal Revitalift Cream,5,27.98,139.90,Middle East
12953,2024-06-05,Home Appliances,Blueair Classic 480i,14,644.30,9020.20,Asia
12954,2024-02-08,Home Appliances,Philips Air Fryer XXL,2,274.49,548.98,North America
12955,2024-09-05,Beauty Products,Clinique Moisture Surge,11,45.41,499.51,North America
12956,2025-04-28,Clothing,Adidas Ultraboost Shoes,4,194.99,779.96,North America
12957,2024-11-19,Clothing,Columbia Rain Jacket,2,142.15,284.30,Europe
12958,2025-12-14,Beauty Products,Clinique Moisture Surge,14,44.89,628.46,Africa
12959,2024-01-09,Sports,Manduka PRO Yoga Mat,11,116.93,1286.23,South America
12960,2024-04-11,Beauty Products,Clinique Moisture Surge,17,45.94,780.98,South America
12961,2024-12-20,Clothing,Vans Old Skool Sneakers,13,86.49,1124.37,Africa
12962,2024-09-11,Clothing,North Face Down Jacket,5,255.93,1279.65,North America
12963,2025-09-25,Beauty Products,Maybelline Makeup Kit,3,48.49,145.47,Middle East
12964,2024-03-01,Electronics,Nintendo Switch OLED,3,379.54,1138.62,Africa
12965,2024-10-27,Beauty Products,Neutrogena Skincare Set,10,90.33,903.30,Middle East
12966,2024-04-27,Clothing,Puma Sports Hoodie,2,68.39,136.78,Middle East
12967,2024-07-16,Electronics,Canon EOS R10 Camera,14,976.85,13675.90,Africa
12968,2024-07-10,Electronics,Dell XPS 13 Laptop,8,1410.96,11287.68,North America
12969,2024-11-02,Sports,Wilson Evolution Basketball,3,31.94,95.82,Africa
12970,2024-06-20,Clothing,Levi's 501 Jeans,14,76.70,1073.80,South America
12971,2025-08-29,Clothing,Adidas Ultraboost Shoes,19,176.31,3349.89,Europe
12972,2024-06-08,Books,"Salt, Fat, Acid, Heat by Samin Nosrat",16,33.23,531.68,North America
12973,2025-08-08,Home Appliances,Samsung Smart Refrigerator,3,1847.72,5543.16,South America
12974,2025-09-03,Sports,Manduka PRO Yoga Mat,7,131.87,923.09,Asia
12975,2025-08-17,Electronics,MacBook Pro 16-inch,5,2609.26,13046.30,Asia
12976,2025-03-24,Home Appliances,Keurig K-Elite Coffee Maker,1,182.13,182.13,Africa
12977,2025-02-28,Sports,Spalding Volleyball,1,33.43,33.43,Africa
12978,2025-05-07,Beauty Products,Neutrogena Skincare Set,8,91.07,728.56,Africa
12979,2025-03-30,Books,The Psychology of Money,18,18.71,336.78,Middle East
12980,2025-05-30,Sports,Everlast Boxing Gloves,6,52.81,316.86,Africa
12981,2024-10-05,Sports,Wilson Evolution Basketball,5,28.40,142.00,Asia
12982,2025-12-14,Sports,Callaway Golf Club Set,2,861.17,1722.34,Europe
12983,2025-07-17,Beauty Products,Maybelline Makeup Kit,15,46.60,699.00,Africa
12984,2024-11-02,Sports,Spalding Volleyball,19,33.67,639.73,North America
12985,2025-11-04,Beauty Products,Dyson Supersonic Hair Dryer,7,414.86,2904.02,Asia
12986,2024-01-24,Home Appliances,Philips Air Fryer XXL,20,267.09,5341.80,Middle East
12987,2024-08-24,Electronics,Apple Watch Series 9,14,446.14,6245.96,Oceania
12988,2024-07-24,Beauty Products,Maybelline Makeup Kit,14,53.67,751.38,Middle East
12989,2025-03-07,Electronics,iPhone 14 Pro,15,945.53,14182.95,Oceania
12990,2025-09-17,Beauty Products,L'Oreal Revitalift Cream,13,29.45,382.85,Middle East
12991,2025-01-01,Electronics,iPhone 14 Pro,7,978.54,6849.78,South America
12992,2024-07-13,Clothing,Puma Sports Hoodie,10,79.86,798.60,Africa
12993,2024-04-15,Books,The Alchemist,6,13.67,82.02,Europe
12994,2024-06-09,Sports,Bowflex Adjustable Dumbbells,12,468.18,5618.16,Middle East
12995,2025-06-19,Home Appliances,KitchenAid Stand Mixer,5,486.09,2430.45,Middle East
12996,2024-10-10,Sports,Callaway Golf Club Set,12,815.63,9787.56,Europe
12997,2024-10-28,Books,"Salt, Fat, Acid, Heat by Samin Nosrat",5,34.19,170.95,Middle East
12998,2025-08-15,Home Appliances,Blueair Classic 480i,9,575.65,5180.85,Asia
12999,2024-08-29,Sports,Everlast Boxing Gloves,11,52.11,573.21,North America
13000,2025-02-21,Beauty Products,CeraVe Hydrating Cleanser,19,18.05,342.95,Oceania
13001,2025-06-12,Electronics,Apple Watch Series 9,3,434.40,1303.20,North America
13002,2025-10-31,Books,The Psychology of Money,7,19.57,136.99,Africa
13003,2025-06-15,Clothing,Calvin Klein Slim Fit Shirt,19,89.67,1703.73,Europe
13004,2025-06-07,Home Appliances,Dyson V11 Vacuum,11,526.93,5796.23,Middle East
13005,2025-07-14,Sports,Spalding Volleyball,4,36.02,144.08,Africa
13006,2025-11-09,Books,The Alchemist,10,12.78,127.80,Asia
13007,2025-10-26,Clothing,Patagonia Fleece Jacket,13,163.21,2121.73,Oceania
13008,2025-07-13,Home Appliances,Dyson V11 Vacuum,14,461.88,6466.32,Middle East
13009,2024-05-29,Books,Clean Code,7,42.38,296.66,Africa
13010,2024-06-24,Clothing,Levi's 501 Jeans,6,74.46,446.76,Asia
13011,2025-12-21,Home Appliances,LG Front Load Washer,12,906.86,10882.32,North America
13012,2025-02-14,Sports,Callaway Golf Club Set,14,899.70,12595.80,Europe
13013,2024-06-30,Books,Deep Work,6,20.61,123.66,Europe
13014,2025-08-04,Beauty Products,Maybelline Makeup Kit,6,49.62,297.72,North America
13015,2024-10-22,Clothing,Columbia Rain Jacket,3,127.46,382.38,South America
13016,2024-10-19,Electronics,iPhone 14 Pro,1,974.43,974.43,Asia
13017,2025-06-23,Clothing,Nike Air Force 1,9,83.85,754.65,Middle East
13018,2025-05-31,Electronics,iPhone 14 Pro,18,926.12,16670.16,North America
13019,2025-02-01,Home Appliances,LG Front Load Washer,13,955.05,12415.65,Africa
13020,2024-02-05,Books,Deep Work,4,19.69,78.76,Middle East
13021,2024-11-05,Sports,Spalding Volleyball,14,32.41,453.74,South America
13022,2024-03-27,Electronics,Canon EOS R10 Camera,20,1074.23,21484.60,Middle East
13023,2024-06-23,Electronics,Canon EOS R10 Camera,20,897.24,17944.80,Asia
13024,2025-11-18,Electronics,Canon EOS R10 Camera,4,1001.84,4007.36,Oceania
13025,2025-02-17,Books,The Psychology of Money,10,17.65,176.50,Africa
13026,2024-08-15,Beauty Products,The Ordinary Serum Set,3,43.94,131.82,North America
13027,2024-09-19,Sports,Bowflex Adjustable Dumbbells,18,434.41,7819.38,Africa
13028,2024-10-11,Home Appliances,Ninja Professional Blender,15,98.04,1470.60,Europe
13029,2025-06-01,Beauty Products,MAC Lipstick Collection,12,75.24,902.88,North America
13030,2024-03-29,Books,Atomic Habits,6,21.98,131.88,Africa
13031,2025-01-05,Clothing,Patagonia Fleece Jacket,4,171.56,686.24,Asia
13032,2025-06-16,Beauty Products,Clinique Moisture Surge,4,44.79,179.16,Middle East
13033,2024-04-10,Home Appliances,Dyson V11 Vacuum,5,461.53,2307.65,Middle East
13034,2025-11-13,Clothing,Nike Air Force 1,4,89.56,358.24,Europe
13035,2025-04-27,Books,The Da Vinci Code,12,14.99,179.88,Africa
13036,2024-02-24,Home Appliances,Dyson V11 Vacuum,14,524.13,7337.82,Asia
13037,2024-12-15,Books,The Hobbit,11,15.96,175.56,Europe
13038,2025-07-20,Electronics,Garmin Forerunner 945,19,519.82,9876.58,South America
13039,2024-03-17,Electronics,Dell XPS 13 Laptop,19,1328.01,25232.19,North America
13040,2024-01-10,Beauty Products,L'Oreal Revitalift Cream,5,31.17,155.85,Europe
13041,2025-05-20,Sports,Babolat Pure Drive Tennis Racket,3,191.63,574.89,Africa
13042,2025-10-20,Books,Dune by Frank Herbert,1,25.67,25.67,North America
13043,2024-07-16,Electronics,Sony WH-1000XM5 Headphones,11,401.09,4411.99,Africa
13044,2024-01-20,Books,The Psychology of Money,18,17.14,308.52,Oceania
13045,2024-12-07,Books,Sapiens,13,26.40,343.20,Europe
13046,2025-07-13,Home Appliances,iRobot Roomba j7,5,592.05,2960.25,Europe
13047,2024-07-09,Electronics,MacBook Pro 16-inch,20,2285.09,45701.80,Asia
13048,2025-10-19,Beauty Products,Neutrogena Skincare Set,17,82.37,1400.29,South America
13049,2025-03-14,Home Appliances,LG Front Load Washer,1,959.06,959.06,Middle East
13050,2024-01-21,Home Appliances,KitchenAid Stand Mixer,15,465.67,6985.05,North America
13051,2025-02-17,Home Appliances,iRobot Roomba j7,4,637.43,2549.72,Africa
13052,2025-10-14,Clothing,North Face Down Jacket,7,243.23,1702.61,South America
13053,2024-03-05,Clothing,Adidas Ultraboost Shoes,10,186.78,1867.80,Oceania
13054,2025-02-14,Sports,Bowflex Adjustable Dumbbells,5,393.27,1966.35,Africa
13055,2024-08-14,Sports,Babolat Pure Drive Tennis Racket,6,198.13,1188.78,Asia
13056,2024-08-25,Sports,Hydro Flask Sports Bottle,18,41.50,747.00,South America
13057,2025-07-05,Sports,Hydro Flask Sports Bottle,6,43.51,261.06,Middle East
13058,2024-08-03,Electronics,Garmin Forerunner 945,20,452.84,9056.80,Europe
13059,2025-11-11,Sports,Everlast Boxing Gloves,5,47.96,239.80,Oceania
13060,2025-12-14,Clothing,North Face Down Jacket,10,248.71,2487.10,South America
13061,2024-10-09,Books,Sapiens,16,26.83,429.28,Europe
13062,2024-12-20,Home Appliances,Samsung Smart Refrigerator,5,2064.15,10320.75,Middle East
13063,2025-10-16,Beauty Products,MAC Lipstick Collection,9,84.55,760.95,Oceania
13064,2025-12-13,Home Appliances,Blueair Classic 480i,11,562.21,6184.31,South America
13065,2024-10-09,Books,Atomic Habits,16,18.38,294.08,Middle East
13066,2024-10-17,Home Appliances,Instant Pot Duo 7-in-1,17,140.64,2390.88,Oceania
13067,2025-08-18,Home Appliances,LG Front Load Washer,16,824.23,13187.68,North America
13068,2025-01-07,Beauty Products,Dyson Supersonic Hair Dryer,19,464.17,8819.23,Europe
13069,2024-06-14,Clothing,Columbia Rain Jacket,11,134.42,1478.62,Asia
13070,2025-01-16,Electronics,Dell XPS 13 Laptop,17,1290.17,21932.89,Europe
13071,2024-07-21,Beauty Products,CeraVe Hydrating Cleanser,11,17.94,197.34,Europe
13072,2024-06-29,Sports,Adidas FIFA Soccer Ball,20,38.78,775.60,North America
13073,2025-05-19,Electronics,Samsung Galaxy Tab S8,18,723.46,13022.28,North America
13074,2025-05-20,Home Appliances,Philips Air Fryer XXL,2,232.13,464.26,Europe
13075,2024-07-16,Beauty Products,Maybelline Makeup Kit,16,51.77,828.32,North America
13076,2024-06-14,Beauty Products,L'Oreal Revitalift Cream,15,28.85,432.75,Africa
13077,2024-01-06,Books,The Psychology of Money,4,16.81,67.24,Middle East
13078,2024-09-05,Sports,Wilson Evolution Basketball,6,28.70,172.20,Asia
13079,2024-08-06,Books,Dune by Frank Herbert,13,27.81,361.53,North America
13080,2025-04-03,Clothing,Vans Old Skool Sneakers,14,77.54,1085.56,Asia
13081,2024-03-03,Clothing,Columbia Rain Jacket,11,122.11,1343.21,Africa
13082,2024-03-12,Electronics,MacBook Pro 16-inch,1,2545.95,2545.95,Asia
13083,2025-04-09,Beauty Products,L'Oreal Revitalift Cream,11,29.40,323.40,Middle East
13084,2024-07-24,Home Appliances,Instant Pot Duo 7-in-1,14,128.15,1794.10,Oceania
13085,2024-09-26,Home Appliances,iRobot Roomba j7,12,695.88,8350.56,South America
13086,2024-07-18,Electronics,Dell XPS 13 Laptop,16,1343.55,21496.80,North America
13087,2025-01-22,Beauty Products,Maybelline Makeup Kit,15,53.01,795.15,Oceania
13088,2024-04-23,Books,The Psychology of Money,11,19.41,213.51,Asia
13089,2024-01-07,Sports,Adidas FIFA Soccer Ball,7,38.21,267.47,Oceania
13090,2024-05-01,Clothing,North Face Down Jacket,7,247.62,1733.34,South America
13091,2024-01-29,Electronics,Canon EOS R10 Camera,14,954.75,13366.50,South America
13092,2024-11-03,Sports,Callaway Golf Club Set,6,858.50,5151.00,Europe
13093,2024-12-22,Clothing,Nike Air Force 1,10,94.66,946.60,Asia
13094,2025-03-10,Electronics,Canon EOS R10 Camera,16,1003.65,16058.40,Africa
13095,2024-01-11,Books,Clean Code,8,37.89,303.12,South America
13096,2025-06-28,Home Appliances,Philips Air Fryer XXL,6,274.10,1644.60,North America
13097,2024-04-06,Sports,Babolat Pure Drive Tennis Racket,20,193.11,3862.20,Oceania
13098,2024-03-19,Electronics,iPhone 14 Pro,12,1018.39,12220.68,Africa
13099,2025-08-30,Books,Clean Code,11,40.16,441.76,Africa
13100,2024-12-14,Clothing,Nike Air Force 1,17,94.58,1607.86,Asia
13101,2025-09-19,Electronics,Samsung Galaxy Tab S8,14,706.30,9888.20,South America
13102,2025-03-29,Beauty Products,The Ordinary Serum Set,9,38.40,345.60,South America
13103,2025-04-12,Clothing,Puma Sports Hoodie,9,80.33,722.97,South America
13104,2025-09-20,Sports,Babolat Pure Drive Tennis Racket,9,180.84,1627.56,North America
13105,2025-05-09,Home Appliances,KitchenAid Stand Mixer,9,439.99,3959.91,Asia
13106,2025-01-01,Books,The Hobbit,4,16.47,65.88,Oceania
13107,2025-07-02,Beauty Products,MAC Lipstick Collection,5,86.42,432.10,North America
13108,2024-02-06,Books,"Salt, Fat, Acid, Heat by Samin Nosrat",15,33.90,508.50,Asia
13109,2025-08-10,Beauty Products,Clinique Moisture Surge,13,47.52,617.76,Oceania
13110,2024-12-12,Electronics,Garmin Forerunner 945,1,539.19,539.19,Asia
13111,2025-02-10,Beauty Products,Maybelline Makeup Kit,13,52.07,676.91,Europe
13112,2025-06-06,Home Appliances,Samsung Smart Refrigerator,10,1719.68,17196.80,North America
13113,2024-10-30,Sports,Everlast Boxing Gloves,18,49.02,882.36,Middle East
13114,2025-02-08,Books,Dune by Frank Herbert,5,25.34,126.70,North America
13115,2025-12-14,Electronics,Canon EOS R10 Camera,3,1029.92,3089.76,South America
13116,2025-04-11,Beauty Products,Olaplex Hair Repair Set,10,62.51,625.10,North America
13117,2025-10-06,Books,The Alchemist,6,11.82,70.92,Africa
13118,2025-12-01,Clothing,North Face Down Jacket,5,232.35,1161.75,South America
13119,2024-09-29,Beauty Products,Clinique Moisture Surge,18,44.83,806.94,Asia
13120,2024-11-09,Beauty Products,Clinique Moisture Surge,5,47.03,235.15,North America
13121,2025-06-24,Sports,Fitbit Charge 6,2,146.21,292.42,Europe
13122,2024-01-20,Electronics,Samsung Galaxy Tab S8,17,698.85,11880.45,Oceania
13123,2024-02-02,Electronics,MacBook Pro 16-inch,7,2305.44,16138.08,North America
13124,2024-12-06,Books,The Alchemist,15,13.04,195.60,Middle East
13125,2025-01-10,Sports,Adidas FIFA Soccer Ball,13,37.53,487.89,Asia
13126,2025-03-25,Beauty Products,Dyson Supersonic Hair Dryer,7,440.67,3084.69,North America
13127,2025-03-14,Sports,Babolat Pure Drive Tennis Racket,15,198.44,2976.60,South America
13128,2025-03-03,Home Appliances,Keurig K-Elite Coffee Maker,18,178.38,3210.84,Asia
13129,2024-03-08,Clothing,Nike Air Force 1,5,97.85,489.25,Asia
13130,2024-01-16,Clothing,Columbia Rain Jacket,3,123.21,369.63,Oceania
13131,2024-09-17,Electronics,Sony WH-1000XM5 Headphones,14,379.88,5318.32,South America
13132,2024-10-27,Electronics,Canon EOS R10 Camera,8,965.37,7722.96,Middle East
13133,2025-03-14,Home Appliances,KitchenAid Stand Mixer,9,440.04,3960.36,South America
13134,2025-02-08,Electronics,Samsung Galaxy Tab S8,15,693.88,10408.20,Europe
13135,2024-10-21,Electronics,MacBook Pro 16-inch,18,2619.02,47142.36,Middle East
13136,2024-09-01,Sports,Manduka PRO Yoga Mat,13,118.29,1537.77,Asia
13137,2025-02-02,Electronics,iPhone 14 Pro,3,928.86,2786.58,North America
13138,2025-11-06,Beauty Products,Clinique Moisture Surge,3,41.04,123.12,Europe
13139,2025-05-22,Home Appliances,iRobot Roomba j7,11,622.29,6845.19,South America
13140,2024-02-29,Electronics,iPhone 14 Pro,7,943.91,6607.37,South America
13141,2024-09-09,Electronics,Garmin Forerunner 945,9,499.65,4496.85,Asia
13142,2024-05-24,Sports,Everlast Boxing Gloves,5,47.61,238.05,Europe
13143,2024-07-01,Sports,Fitbit Charge 6,4,170.82,683.28,Middle East
13144,2024-03-18,Clothing,Columbia Rain Jacket,7,119.20,834.40,South America
13145,2024-04-13,Books,Atomic Habits,20,18.24,364.80,Asia
13146,2025-01-16,Beauty Products,Chanel No. 5 Perfume,18,117.50,2115.00,Europe
13147,2024-08-26,Books,Atomic Habits,3,19.48,58.44,Asia
13148,2025-02-05,Sports,Babolat Pure Drive Tennis Racket,6,194.31,1165.86,Asia
13149,2025-09-02,Home Appliances,LG Front Load Washer,17,845.38,14371.46,Asia
13150,2025-03-24,Beauty Products,L'Oreal Revitalift Cream,11,28.34,311.74,Middle East
13151,2025-10-22,Beauty Products,Olaplex Hair Repair Set,18,59.81,1076.58,South America
13152,2024-07-16,Home Appliances,KitchenAid Stand Mixer,19,412.63,7839.97,Oceania
13153,2024-10-23,Books,"Salt, Fat, Acid, Heat by Samin Nosrat",7,29.84,208.88,Middle East
13154,2025-03-30,Books,The Psychology of Money,11,17.68,194.48,Europe
13155,2024-10-08,Books,Sapiens,14,24.09,337.26,South America
13156,2024-07-17,Books,The Psychology of Money,9,17.35,156.15,South America
13157,2025-06-08,Home Appliances,Dyson V11 Vacuum,5,546.61,2733.05,Oceania
13158,2025-11-15,Electronics,MacBook Pro 16-inch,8,2268.04,18144.32,Oceania
13159,2024-03-25,Clothing,Under Armour Training Shirt,5,38.98,194.90,Oceania
13160,2025-11-23,Electronics,Nintendo Switch OLED,9,340.73,3066.57,Middle East
13161,2024-07-07,Electronics,Canon EOS R10 Camera,8,987.71,7901.68,Middle East
13162,2025-11-24,Sports,Adidas FIFA Soccer Ball,4,37.92,151.68,South America
13163,2025-01-08,Electronics,Google Pixel 8 Pro,19,1074.12,20408.28,Oceania
13164,2025-06-25,Sports,Adidas FIFA Soccer Ball,7,36.74,257.18,Asia
13165,2025-12-18,Sports,Fitbit Charge 6,3,144.61,433.83,North America
13166,2024-05-12,Electronics,Samsung Galaxy Tab S8,14,733.72,10272.08,North America
13167,2025-07-10,Home Appliances,iRobot Roomba j7,5,589.92,2949.60,Asia
13168,2025-07-05,Clothing,Vans Old Skool Sneakers,5,81.05,405.25,Africa
13169,2024-09-22,Home Appliances,Keurig K-Elite Coffee Maker,8,200.88,1607.04,Asia
13170,2025-12-19,Books,Dune by Frank Herbert,1,23.71,23.71,North America
13171,2024-07-16,Clothing,Levi's 501 Jeans,19,64.33,1222.27,North America
13172,2025-08-14,Sports,Fitbit Charge 6,15,155.43,2331.45,North America
13173,2025-12-03,Home Appliances,LG Front Load Washer,15,958.47,14377.05,Europe
13174,2025-06-01,Beauty Products,L'Oreal Revitalift Cream,19,31.72,602.68,Oceania
13175,2025-03-08,Electronics,Apple Watch Series 9,14,387.74,5428.36,South America
13176,2024-06-04,Clothing,Puma Sports Hoodie,15,70.82,1062.30,Middle East
13177,2025-08-29,Beauty Products,MAC Lipstick Collection,19,87.92,1670.48,Asia
13178,2024-12-27,Clothing,Adidas Ultraboost Shoes,18,181.49,3266.82,Asia
13179,2024-10-26,Electronics,Dell XPS 13 Laptop,10,1332.47,13324.70,Oceania
13180,2024-12-31,Beauty Products,MAC Lipstick Collection,9,77.27,695.43,Europe
13181,2024-07-12,Sports,Wilson Evolution Basketball,18,32.56,586.08,South America
13182,2024-03-24,Home Appliances,Ninja Professional Blender,6,103.81,622.86,South America
13183,2024-01-27,Electronics,Nintendo Switch OLED,16,321.45,5143.20,Africa
13184,2025-06-23,Books,"Salt, Fat, Acid, Heat by Samin Nosrat",16,32.96,527.36,Oceania
13185,2025-09-07,Books,Dune by Frank Herbert,17,24.02,408.34,Asia
13186,2024-12-30,Electronics,Nintendo Switch OLED,7,358.17,2507.19,Asia
13187,2024-03-01,Books,The Alchemist,8,13.79,110.32,Oceania
13188,2024-04-16,Books,Sapiens,20,24.06,481.20,Europe
13189,2024-04-29,Books,Dune by Frank Herbert,14,27.60,386.40,Oceania
13190,2025-09-09,Clothing,Patagonia Fleece Jacket,11,192.47,2117.17,Europe
13191,2025-07-25,Clothing,Levi's 501 Jeans,5,71.13,355.65,Asia
13192,2025-09-10,Books,The Hobbit,4,16.24,64.96,Middle East
13193,2024-05-04,Home Appliances,Keurig K-Elite Coffee Maker,20,186.53,3730.60,North America
13194,2025-12-20,Electronics,Nintendo Switch OLED,13,364.74,4741.62,Europe
13195,2025-03-23,Clothing,Calvin Klein Slim Fit Shirt,12,83.85,1006.20,Asia
13196,2025-01-14,Home Appliances,Ninja Professional Blender,16,95.32,1525.12,Middle East
13197,2025-04-01,Electronics,Canon EOS R10 Camera,17,986.02,16762.34,Oceania
13198,2025-08-21,Books,The Da Vinci Code,8,17.08,136.64,Asia
13199,2025-04-11,Clothing,Vans Old Skool Sneakers,18,85.97,1547.46,Oceania
13200,2025-01-22,Clothing,North Face Down Jacket,18,262.79,4730.22,South America
13201,2024-12-08,Books,The Psychology of Money,6,16.56,99.36,Middle East
13202,2024-06-20,Books,"Salt, Fat, Acid, Heat by Samin Nosrat",19,31.61,600.59,Asia
13203,2025-08-01,Books,"Salt, Fat, Acid, Heat by Samin Nosrat",6,31.97,191.82,South America
13204,2024-07-12,Electronics,Apple Watch Series 9,11,410.73,4518.03,North America
13205,2025-06-12,Books,Clean Code,5,37.14,185.70,South America
13206,2024-01-28,Home Appliances,LG Front Load Washer,8,898.68,7189.44,Asia
13207,2024-12-23,Clothing,North Face Down Jacket,5,230.12,1150.60,Oceania
13208,2024-08-18,Books,Sapiens,13,25.55,332.15,Middle East
13209,2024-07-19,Beauty Products,Chanel No. 5 Perfume,13,134.92,1753.96,South America
13210,2025-01-24,Clothing,Under Armour Training Shirt,2,41.46,82.92,North America
13211,2025-12-13,Beauty Products,Olaplex Hair Repair Set,20,65.98,1319.60,Middle East
13212,2025-03-22,Beauty Products,Neutrogena Skincare Set,12,91.22,1094.64,North America
13213,2025-12-11,Beauty Products,Chanel No. 5 Perfume,11,120.20,1322.20,North America
13214,2025-11-06,Electronics,Samsung Galaxy Tab S8,16,773.65,12378.40,South America
13215,2024-12-28,Home Appliances,KitchenAid Stand Mixer,6,413.39,2480.34,Africa
13216,2025-03-28,Sports,Manduka PRO Yoga Mat,5,113.94,569.70,Europe
13217,2024-05-07,Home Appliances,LG Front Load Washer,3,854.61,2563.83,Middle East
13218,2025-08-16,Sports,Adidas FIFA Soccer Ball,17,38.32,651.44,Middle East
13219,2024-04-15,Beauty Products,Neutrogena Skincare Set,12,96.38,1156.56,South America
13220,2025-02-25,Sports,Adidas FIFA Soccer Ball,1,38.58,38.58,Africa
13221,2024-03-25,Home Appliances,KitchenAid Stand Mixer,8,432.08,3456.64,Africa
13222,2025-10-18,Electronics,MacBook Pro 16-inch,16,2550.09,40801.44,Europe
13223,2024-12-30,Clothing,Under Armour Training Shirt,14,38.76,542.64,Africa
13224,2024-01-29,Beauty Products,Chanel No. 5 Perfume,15,120.02,1800.30,Middle East
13225,2025-11-02,Beauty Products,Maybelline Makeup Kit,20,53.89,1077.80,Oceania
13226,2024-02-05,Electronics,Samsung Galaxy Tab S8,7,687.90,4815.30,Europe
13227,2025-06-10,Home Appliances,Philips Air Fryer XXL,5,236.61,1183.05,Europe
13228,2024-12-19,Books,Clean Code,12,40.68,488.16,South America
13229,2025-12-01,Clothing,Under Armour Training Shirt,2,39.51,79.02,Oceania
13230,2025-09-04,Home Appliances,LG Front Load Washer,20,914.53,18290.60,Asia
13231,2024-12-20,Beauty Products,The Ordinary Serum Set,3,39.39,118.17,Middle East
13232,2024-03-16,Electronics,Nintendo Switch OLED,8,378.71,3029.68,Middle East
13233,2024-11-03,Clothing,Adidas Ultraboost Shoes,7,189.29,1325.03,Middle East
13234,2024-10-31,Clothing,Columbia Rain Jacket,13,142.02,1846.26,Asia
13235,2024-05-24,Electronics,iPhone 14 Pro,9,1035.16,9316.44,North America
13236,2024-07-14,Books,The Da Vinci Code,13,16.62,216.06,North America
13237,2025-04-09,Clothing,Under Armour Training Shirt,20,41.46,829.20,South America
13238,2025-02-05,Electronics,Google Pixel 8 Pro,6,963.16,5778.96,Africa
13239,2024-01-03,Beauty Products,The Ordinary Serum Set,11,38.47,423.17,Asia
13240,2025-11-02,Books,Clean Code,8,36.69,293.52,North America
13241,2024-06-02,Electronics,Canon EOS R10 Camera,4,943.91,3775.64,Asia
13242,2025-05-08,Beauty Products,Maybelline Makeup Kit,12,54.95,659.40,Oceania
13243,2025-10-03,Home Appliances,iRobot Roomba j7,5,678.09,3390.45,Europe
13244,2024-01-19,Home Appliances,Keurig K-Elite Coffee Maker,6,197.98,1187.88,North America
13245,2024-01-14,Home Appliances,Dyson V11 Vacuum,14,530.07,7420.98,Asia
13246,2024-08-23,Books,Clean Code,4,42.68,170.72,Asia
13247,2024-02-18,Electronics,MacBook Pro 16-inch,5,2654.45,13272.25,South America
13248,2024-11-25,Beauty Products,MAC Lipstick Collection,1,74.13,74.13,Asia
13249,2025-05-28,Beauty Products,Clinique Moisture Surge,2,45.09,90.18,Africa
13250,2024-09-19,Home Appliances,Dyson V11 Vacuum,2,502.53,1005.06,Europe
13251,2024-05-03,Sports,Callaway Golf Club Set,1,892.60,892.60,Oceania
13252,2025-11-29,Clothing,Adidas Ultraboost Shoes,15,185.16,2777.40,Europe
13253,2024-08-02,Home Appliances,Keurig K-Elite Coffee Maker,8,185.66,1485.28,Middle East
13254,2024-06-02,Books,Atomic Habits,20,18.14,362.80,Middle East
13255,2024-05-03,Sports,Manduka PRO Yoga Mat,11,129.16,1420.76,South America
13256,2025-08-02,Sports,Hydro Flask Sports Bottle,9,36.96,332.64,Europe
13257,2024-11-24,Electronics,Garmin Forerunner 945,17,508.31,8641.27,Oceania
13258,2025-07-13,Clothing,Nike Air Force 1,15,94.49,1417.35,Europe
13259,2025-03-03,Clothing,Nike Air Force 1,4,86.12,344.48,Africa
13260,2024-11-06,Electronics,Canon EOS R10 Camera,19,1052.00,19988.00,Oceania
13261,2024-12-18,Sports,Fitbit Charge 6,11,173.55,1909.05,North America
13262,2024-03-08,Home Appliances,Blueair Classic 480i,19,581.19,11042.61,Asia
13263,2024-12-24,Home Appliances,KitchenAid Stand Mixer,20,459.34,9186.80,Asia
13264,2025-05-22,Electronics,Garmin Forerunner 945,12,522.40,6268.80,Africa
13265,2025-08-20,Books,Clean Code,2,37.29,74.58,North America
13266,2025-07-04,Electronics,Dell XPS 13 Laptop,14,1350.08,18901.12,Europe
13267,2024-07-03,Sports,Spalding Volleyball,8,36.99,295.92,Middle East
13268,2025-07-19,Electronics,Garmin Forerunner 945,12,500.42,6005.04,North America
13269,2024-03-15,Home Appliances,Samsung Smart Refrigerator,4,1828.66,7314.64,Middle East
13270,2025-05-26,Clothing,Calvin Klein Slim Fit Shirt,5,84.44,422.20,Asia
13271,2025-03-21,Clothing,Levi's 501 Jeans,9,72.98,656.82,Oceania
13272,2024-09-30,Clothing,Under Armour Training Shirt,9,42.85,385.65,Middle East
13273,2024-12-23,Beauty Products,Maybelline Makeup Kit,2,48.81,97.62,North America
13274,2024-02-12,Clothing,Columbia Rain Jacket,9,119.78,1078.02,Africa
13275,2024-03-03,Beauty Products,Chanel No. 5 Perfume,20,135.94,2718.80,Middle East
13276,2024-06-13,Books,The Hobbit,10,14.94,149.40,Europe
13277,2024-10-09,Home Appliances,Instant Pot Duo 7-in-1,10,125.69,1256.90,South America
13278,2024-03-08,Home Appliances,Keurig K-Elite Coffee Maker,19,189.24,3595.56,Oceania
13279,2024-07-07,Beauty Products,Dyson Supersonic Hair Dryer,19,469.06,8912.14,Africa
13280,2024-03-13,Books,Sapiens,4,24.58,98.32,Asia
13281,2025-07-14,Home Appliances,Instant Pot Duo 7-in-1,11,128.27,1410.97,Asia
13282,2025-12-06,Beauty Products,Clinique Moisture Surge,5,40.81,204.05,North America
13283,2024-09-06,Electronics,Canon EOS R10 Camera,14,1025.98,14363.72,Oceania
13284,2025-10-30,Home Appliances,Ninja Professional Blender,14,101.21,1416.94,South America
13285,2024-07-08,Books,The Hobbit,4,13.61,54.44,Africa
13286,2025-05-20,Home Appliances,Philips Air Fryer XXL,1,268.86,268.86,North America
13287,2024-11-09,Clothing,Adidas Ultraboost Shoes,18,204.49,3680.82,Europe
13288,2025-06-20,Sports,Hydro Flask Sports Bottle,16,37.98,607.68,Africa
13289,2024-01-22,Sports,Callaway Golf Club Set,13,813.07,10569.91,Africa
13290,2025-12-01,Clothing,Adidas Ultraboost Shoes,7,179.82,1258.74,Middle East
13291,2025-09-04,Beauty Products,Clinique Moisture Surge,14,46.47,650.58,Asia
13292,2025-10-14,Electronics,Canon EOS R10 Camera,16,1053.03,16848.48,Africa
13293,2025-06-22,Books,Sapiens,3,27.17,81.51,Oceania
13294,2025-07-25,Sports,Manduka PRO Yoga Mat,19,116.78,2218.82,Oceania
13295,2025-06-17,Beauty Products,Olaplex Hair Repair Set,17,54.38,924.46,Asia
13296,2025-04-16,Home Appliances,LG Front Load Washer,13,882.15,11467.95,Europe
13297,2024-05-23,Home Appliances,iRobot Roomba j7,3,638.75,1916.25,Asia
13298,2025-11-05,Home Appliances,KitchenAid Stand Mixer,6,439.27,2635.62,North America
13299,2024-07-16,Electronics,iPhone 14 Pro,12,1095.41,13144.92,Europe
13300,2025-10-05,Electronics,Sony WH-1000XM5 Headphones,4,391.43,1565.72,Middle East
13301,2024-08-24,Clothing,Calvin Klein Slim Fit Shirt,3,87.06,261.18,North America
13302,2024-01-03,Electronics,iPhone 14 Pro,5,1047.31,5236.55,Asia
13303,2024-07-08,Home Appliances,Dyson V11 Vacuum,20,496.46,9929.20,Oceania
13304,2025-06-21,Clothing,Adidas Ultraboost Shoes,8,183.92,1471.36,South America
13305,2024-08-11,Sports,Callaway Golf Club Set,20,870.43,17408.60,North America
13306,2024-08-24,Books,Clean Code,10,36.89,368.90,Europe
13307,2024-03-09,Home Appliances,Instant Pot Duo 7-in-1,14,137.98,1931.72,Africa
13308,2025-12-04,Electronics,Sony WH-1000XM5 Headphones,7,406.45,2845.15,South America
13309,2024-01-06,Clothing,Puma Sports Hoodie,14,73.08,1023.12,Asia
13310,2025-12-10,Beauty Products,Chanel No. 5 Perfume,11,129.94,1429.34,South America
13311,2025-05-28,Sports,Callaway Golf Club Set,2,947.51,1895.02,Middle East
13312,2025-04-16,Sports,Spalding Volleyball,8,37.21,297.68,South America
13313,2024-03-20,Books,Clean Code,2,41.39,82.78,Middle East
13314,2025-03-03,Sports,Bowflex Adjustable Dumbbells,3,411.53,1234.59,South America
13315,2024-06-04,Sports,Manduka PRO Yoga Mat,3,131.66,394.98,Asia
13316,2025-05-17,Books,Dune by Frank Herbert,19,23.95,455.05,Africa
13317,2025-07-14,Beauty Products,The Ordinary Serum Set,7,36.56,255.92,Middle East
13318,2024-07-22,Sports,Fitbit Charge 6,8,160.90,1287.20,Africa
13319,2025-07-26,Beauty Products,CeraVe Hydrating Cleanser,18,19.34,348.12,Asia
13320,2024-09-06,Beauty Products,Chanel No. 5 Perfume,12,118.22,1418.64,South America
13321,2025-08-28,Sports,Bowflex Adjustable Dumbbells,11,462.51,5087.61,Europe
13322,2024-05-17,Home Appliances,Instant Pot Duo 7-in-1,4,123.58,494.32,North America
13323,2025-05-29,Sports,Fitbit Charge 6,13,151.41,1968.33,Africa
13324,2025-11-09,Beauty Products,L'Oreal Revitalift Cream,11,28.35,311.85,Oceania
13325,2024-05-30,Beauty Products,CeraVe Hydrating Cleanser,20,19.53,390.60,North America
13326,2025-06-23,Home Appliances,iRobot Roomba j7,12,659.54,7914.48,Asia
13327,2024-04-27,Beauty Products,Maybelline Makeup Kit,11,53.89,592.79,Africa
13328,2025-11-20,Electronics,Dell XPS 13 Laptop,6,1321.15,7926.90,Europe
13329,2025-11-08,Clothing,Patagonia Fleece Jacket,18,173.90,3130.20,Asia
13330,2024-12-22,Beauty Products,The Ordinary Serum Set,6,36.93,221.58,Middle East
13331,2024-08-07,Home Appliances,Ninja Professional Blender,3,102.13,306.39,Europe
13332,2025-12-05,Beauty Products,The Ordinary Serum Set,20,38.02,760.40,Oceania
13333,2024-09-30,Sports,Fitbit Charge 6,19,155.86,2961.34,Asia
13334,2025-09-01,Books,The Psychology of Money,7,17.38,121.66,North America
13335,2024-05-07,Books,"Salt, Fat, Acid, Heat by Samin Nosrat",9,29.71,267.39,North America
13336,2025-01-01,Home Appliances,KitchenAid Stand Mixer,2,419.39,838.78,Oceania
13337,2024-04-12,Sports,Babolat Pure Drive Tennis Racket,17,192.49,3272.33,Europe
13338,2025-09-22,Home Appliances,Instant Pot Duo 7-in-1,10,120.92,1209.20,Oceania
13339,2024-07-27,Electronics,MacBook Pro 16-inch,17,2617.54,44498.18,South America
13340,2025-02-08,Home Appliances,LG Front Load Washer,17,883.26,15015.42,Middle East
13341,2024-11-29,Home Appliances,Dyson V11 Vacuum,1,527.30,527.30,Africa
13342,2025-04-25,Beauty Products,Dyson Supersonic Hair Dryer,1,388.48,388.48,Asia
13343,2024-01-14,Clothing,Nike Air Force 1,1,97.51,97.51,Middle East
13344,2025-10-02,Books,Dune by Frank Herbert,16,25.94,415.04,Oceania
13345,2025-07-11,Books,Deep Work,16,20.40,326.40,Africa
13346,2024-08-24,Clothing,Adidas Ultraboost Shoes,18,190.66,3431.88,South America
13347,2024-06-14,Beauty Products,Clinique Moisture Surge,3,48.21,144.63,South America
13348,2024-01-29,Home Appliances,Keurig K-Elite Coffee Maker,5,173.32,866.60,North America
13349,2024-05-19,Sports,Babolat Pure Drive Tennis Racket,5,195.01,975.05,Middle East
13350,2025-02-21,Electronics,Sony WH-1000XM5 Headphones,2,436.65,873.30,North America
13351,2025-07-11,Books,The Hobbit,2,15.01,30.02,Oceania
13352,2024-09-05,Electronics,Samsung Galaxy Tab S8,19,693.27,13172.13,Oceania
13353,2025-05-12,Beauty Products,Maybelline Makeup Kit,20,51.19,1023.80,North America
13354,2024-11-18,Beauty Products,Dyson Supersonic Hair Dryer,7,417.73,2924.11,South America
13355,2024-02-02,Books,Atomic Habits,6,18.23,109.38,Europe
13356,2025-02-02,Sports,Bowflex Adjustable Dumbbells,13,420.59,5467.67,Europe
13357,2024-09-17,Electronics,Apple Watch Series 9,5,435.15,2175.75,North America
13358,2024-06-27,Sports,Manduka PRO Yoga Mat,15,114.28,1714.20,Europe
13359,2025-01-27,Electronics,Samsung Galaxy Tab S8,9,796.90,7172.10,North America
13360,2024-06-21,Sports,Adidas FIFA Soccer Ball,11,37.32,410.52,Africa
13361,2025-03-01,Clothing,Levi's 501 Jeans,12,71.72,860.64,Middle East
13362,2024-01-20,Electronics,Apple Watch Series 9,8,405.78,3246.24,Oceania
13363,2025-08-10,Beauty Products,MAC Lipstick Collection,18,75.14,1352.52,Asia
13364,2024-03-13,Electronics,Dell XPS 13 Laptop,1,1180.81,1180.81,Oceania
13365,2024-11-12,Beauty Products,MAC Lipstick Collection,13,86.20,1120.60,North America
13366,2025-10-14,Books,Dune by Frank Herbert,6,23.61,141.66,North America
13367,2025-12-09,Electronics,Sony WH-1000XM5 Headphones,7,401.59,2811.13,Oceania
13368,2024-08-14,Books,The Hobbit,10,13.52,135.20,Middle East
13369,2025-06-05,Sports,Babolat Pure Drive Tennis Racket,8,218.65,1749.20,Oceania
13370,2025-11-14,Sports,Babolat Pure Drive Tennis Racket,7,198.56,1389.92,South America
13371,2024-01-10,Sports,Babolat Pure Drive Tennis Racket,13,190.33,2474.29,Europe
13372,2024-11-08,Books,The Alchemist,12,12.02,144.24,Middle East
13373,2025-04-12,Home Appliances,Instant Pot Duo 7-in-1,13,132.99,1728.87,Europe
13374,2024-10-10,Clothing,Under Armour Training Shirt,5,39.99,199.95,North America
13375,2024-10-14,Home Appliances,Dyson V11 Vacuum,10,472.17,4721.70,South America
13376,2024-08-03,Home Appliances,Dyson V11 Vacuum,20,521.73,10434.60,Africa
13377,2025-01-13,Clothing,Patagonia Fleece Jacket,18,167.99,3023.82,Oceania
13378,2025-05-24,Books,The Psychology of Money,1,18.14,18.14,North America
13379,2025-10-11,Books,Sapiens,16,24.79,396.64,North America
13380,2024-03-06,Electronics,Apple Watch Series 9,17,387.73,6591.41,Europe
13381,2025-09-04,Books,Dune by Frank Herbert,4,28.32,113.28,Oceania
13382,2024-07-11,Beauty Products,MAC Lipstick Collection,7,74.04,518.28,Oceania
13383,2025-08-02,Sports,Manduka PRO Yoga Mat,12,110.27,1323.24,Africa
13384,2024-07-13,Home Appliances,Dyson V11 Vacuum,19,452.17,8591.23,Africa
13385,2024-02-27,Books,The Da Vinci Code,5,14.55,72.75,Oceania
13386,2025-12-24,Books,Dune by Frank Herbert,8,23.44,187.52,North America
13387,2024-10-04,Sports,Spalding Volleyball,8,36.73,293.84,Asia
13388,2025-11-04,Home Appliances,Dyson V11 Vacuum,3,450.97,1352.91,Asia
13389,2024-09-26,Books,The Hobbit,16,15.49,247.84,Oceania
13390,2024-04-11,Clothing,Under Armour Training Shirt,19,36.98,702.62,Middle East
13391,2025-01-01,Clothing,Vans Old Skool Sneakers,17,77.73,1321.41,Europe
13392,2025-05-30,Books,The Da Vinci Code,4,14.80,59.20,Europe
13393,2024-05-21,Electronics,iPhone 14 Pro,15,912.48,13687.20,Oceania
13394,2024-06-24,Beauty Products,Neutrogena Skincare Set,15,92.96,1394.40,Europe
13395,2025-07-29,Sports,Bowflex Adjustable Dumbbells,17,433.79,7374.43,Europe
13396,2025-07-01,Sports,Callaway Golf Club Set,12,978.71,11744.52,Africa
13397,2025-07-02,Books,Deep Work,16,18.74,299.84,Asia
13398,2025-10-13,Sports,Spalding Volleyball,11,32.26,354.86,Africa
13399,2025-02-24,Sports,Fitbit Charge 6,2,160.45,320.90,North America
13400,2024-03-28,Home Appliances,Keurig K-Elite Coffee Maker,6,202.97,1217.82,Africa
13401,2025-07-05,Sports,Everlast Boxing Gloves,11,48.15,529.65,Africa
13402,2024-09-03,Clothing,Calvin Klein Slim Fit Shirt,13,88.58,1151.54,Africa
13403,2025-04-12,Books,"Salt, Fat, Acid, Heat by Samin Nosrat",7,33.73,236.11,Africa
13404,2024-11-10,Books,The Da Vinci Code,9,15.40,138.60,South America
13405,2024-05-03,Clothing,Adidas Ultraboost Shoes,20,175.97,3519.40,Oceania
13406,2025-10-08,Clothing,Calvin Klein Slim Fit Shirt,7,83.30,583.10,Middle East
13407,2024-06-03,Electronics,Sony WH-1000XM5 Headphones,8,417.90,3343.20,South America
13408,2024-02-16,Clothing,Calvin Klein Slim Fit Shirt,18,90.33,1625.94,Oceania
13409,2025-12-03,Home Appliances,Instant Pot Duo 7-in-1,7,120.39,842.73,North America
13410,2024-09-13,Beauty Products,Dyson Supersonic Hair Dryer,7,411.04,2877.28,Africa
13411,2025-03-30,Books,The Da Vinci Code,18,17.15,308.70,Africa
13412,2024-08-10,Books,Atomic Habits,1,19.04,19.04,Middle East
13413,2024-08-25,Beauty Products,Olaplex Hair Repair Set,19,61.11,1161.09,Africa
13414,2025-02-25,Sports,Hydro Flask Sports Bottle,2,38.37,76.74,Asia
13415,2025-03-14,Electronics,Nintendo Switch OLED,17,361.77,6150.09,South America
13416,2024-12-19,Home Appliances,Keurig K-Elite Coffee Maker,13,180.55,2347.15,North America
13417,2025-01-28,Books,Atomic Habits,18,19.07,343.26,Oceania
13418,2024-11-13,Sports,Wilson Evolution Basketball,4,32.51,130.04,North America
13419,2024-11-21,Home Appliances,Instant Pot Duo 7-in-1,10,125.11,1251.10,Africa
13420,2024-05-30,Sports,Callaway Golf Club Set,19,892.26,16952.94,Africa
13421,2024-01-08,Home Appliances,Philips Air Fryer XXL,3,272.23,816.69,Europe
13422,2025-02-06,Beauty Products,Dyson Supersonic Hair Dryer,20,399.36,7987.20,Africa
13423,2025-03-22,Home Appliances,Samsung Smart Refrigerator,2,1809.93,3619.86,North America
13424,2024-07-03,Home Appliances,Samsung Smart Refrigerator,9,1992.63,17933.67,Africa
13425,2024-04-30,Sports,Callaway Golf Club Set,17,857.90,14584.30,Asia
13426,2025-05-26,Beauty Products,Neutrogena Skincare Set,8,96.99,775.92,North America
13427,2024-08-02,Sports,Babolat Pure Drive Tennis Racket,8,182.28,1458.24,Africa
13428,2024-07-04,Clothing,Vans Old Skool Sneakers,7,81.76,572.32,Africa
13429,2024-09-01,Beauty Products,CeraVe Hydrating Cleanser,18,19.81,356.58,Oceania
13430,2025-12-28,Beauty Products,Olaplex Hair Repair Set,19,64.83,1231.77,Oceania
13431,2024-12-20,Electronics,Canon EOS R10 Camera,20,1010.44,20208.80,South America
13432,2024-08-30,Home Appliances,Samsung Smart Refrigerator,10,1754.22,17542.20,North America
13433,2024-01-07,Sports,Adidas FIFA Soccer Ball,20,41.71,834.20,Africa
13434,2025-09-27,Sports,Fitbit Charge 6,2,174.10,348.20,Europe
13435,2024-04-22,Books,Sapiens,1,23.70,23.70,Europe
13436,2025-11-16,Electronics,Dell XPS 13 Laptop,1,1369.93,1369.93,North America
13437,2025-12-24,Beauty Products,MAC Lipstick Collection,4,84.54,338.16,Africa
13438,2024-05-29,Home Appliances,Dyson V11 Vacuum,18,548.38,9870.84,Europe
13439,2025-06-28,Sports,Adidas FIFA Soccer Ball,2,39.47,78.94,South America
13440,2024-03-19,Electronics,Google Pixel 8 Pro,13,1090.06,14170.78,Asia
13441,2024-03-14,Beauty Products,Neutrogena Skincare Set,20,89.32,1786.40,North America
13442,2025-08-29,Electronics,MacBook Pro 16-inch,1,2694.89,2694.89,Middle East
13443,2024-04-23,Sports,Babolat Pure Drive Tennis Racket,6,214.32,1285.92,Europe
13444,2024-09-08,Sports,Wilson Evolution Basketball,19,32.90,625.10,North America
13445,2024-02-12,Home Appliances,Dyson V11 Vacuum,16,478.22,7651.52,Africa
13446,2025-06-25,Home Appliances,KitchenAid Stand Mixer,18,450.67,8112.06,Asia
13447,2025-10-13,Clothing,North Face Down Jacket,17,244.05,4148.85,South America
13448,2024-12-08,Electronics,Sony WH-1000XM5 Headphones,7,382.82,2679.74,Middle East
13449,2025-01-13,Clothing,Adidas Ultraboost Shoes,19,171.70,3262.30,Oceania
13450,2025-04-23,Home Appliances,Dyson V11 Vacuum,7,544.25,3809.75,Africa
13451,2025-10-26,Sports,Bowflex Adjustable Dumbbells,3,466.83,1400.49,Asia
13452,2024-10-07,Electronics,iPhone 14 Pro,1,929.14,929.14,Asia
13453,2025-06-15,Beauty Products,Maybelline Makeup Kit,18,52.63,947.34,Europe
13454,2025-12-02,Books,The Psychology of Money,10,16.87,168.70,Europe
13455,2025-12-30,Books,The Psychology of Money,18,19.02,342.36,South America
13456,2025-11-20,Home Appliances,Keurig K-Elite Coffee Maker,5,196.97,984.85,Europe
13457,2025-06-11,Sports,Everlast Boxing Gloves,11,45.41,499.51,Oceania
13458,2025-02-10,Electronics,Garmin Forerunner 945,5,545.47,2727.35,Asia
13459,2024-11-26,Electronics,Sony WH-1000XM5 Headphones,11,360.76,3968.36,Asia
13460,2025-04-08,Beauty Products,Olaplex Hair Repair Set,5,62.57,312.85,North America
13461,2025-06-29,Beauty Products,MAC Lipstick Collection,11,87.48,962.28,Africa
13462,2025-09-09,Home Appliances,Dyson V11 Vacuum,18,463.08,8335.44,Europe
13463,2025-07-23,Electronics,MacBook Pro 16-inch,10,2737.94,27379.40,Oceania
13464,2025-09-06,Home Appliances,Dyson V11 Vacuum,5,468.29,2341.45,Africa
13465,2024-12-09,Beauty Products,Neutrogena Skincare Set,2,91.11,182.22,North America
13466,2024-10-18,Clothing,Adidas Ultraboost Shoes,17,200.77,3413.09,Asia
13467,2025-10-19,Books,"Salt, Fat, Acid, Heat by Samin Nosrat",5,34.55,172.75,Africa
13468,2024-02-24,Home Appliances,iRobot Roomba j7,16,627.01,10032.16,North America
13469,2025-10-03,Electronics,Garmin Forerunner 945,15,500.39,7505.85,Oceania
13470,2024-04-26,Home Appliances,KitchenAid Stand Mixer,10,422.35,4223.50,Europe
13471,2024-12-29,Clothing,Vans Old Skool Sneakers,10,79.44,794.40,Asia
13472,2024-11-15,Clothing,North Face Down Jacket,18,235.85,4245.30,Middle East
13473,2025-04-24,Beauty Products,Dyson Supersonic Hair Dryer,7,469.85,3288.95,Middle East
13474,2025-08-15,Electronics,Nintendo Switch OLED,17,320.14,5442.38,South America
13475,2025-02-25,Electronics,MacBook Pro 16-inch,11,2269.67,24966.37,Asia
13476,2024-03-31,Clothing,Calvin Klein Slim Fit Shirt,18,98.99,1781.82,Asia
13477,2024-10-02,Books,The Hobbit,7,14.69,102.83,South America
13478,2024-08-21,Clothing,Levi's 501 Jeans,14,70.94,993.16,Africa
13479,2024-04-04,Sports,Spalding Volleyball,7,34.21,239.47,Europe
13480,2024-09-11,Electronics,iPhone 14 Pro,12,1059.13,12709.56,Oceania
13481,2024-07-21,Electronics,MacBook Pro 16-inch,12,2742.40,32908.80,Middle East
13482,2024-10-14,Home Appliances,KitchenAid Stand Mixer,17,429.01,7293.17,Oceania
13483,2025-05-10,Electronics,Dell XPS 13 Laptop,6,1263.09,7578.54,Asia
13484,2025-04-16,Beauty Products,Maybelline Makeup Kit,5,46.42,232.10,South America
13485,2024-11-16,Clothing,Nike Air Force 1,11,91.42,1005.62,Europe
13486,2025-07-14,Clothing,Levi's 501 Jeans,10,66.56,665.60,Africa
13487,2024-07-22,Beauty Products,Clinique Moisture Surge,8,47.57,380.56,Europe
13488,2025-10-29,Home Appliances,LG Front Load Washer,2,910.56,1821.12,South America
13489,2025-01-04,Sports,Hydro Flask Sports Bottle,12,37.68,452.16,Africa
13490,2024-03-29,Beauty Products,MAC Lipstick Collection,20,87.04,1740.80,Europe
13491,2024-05-04,Home Appliances,LG Front Load Washer,8,913.87,7310.96,Asia
13492,2024-05-28,Beauty Products,Chanel No. 5 Perfume,1,125.68,125.68,Africa
13493,2025-07-29,Beauty Products,Olaplex Hair Repair Set,14,55.61,778.54,North America
13494,2024-09-11,Clothing,Nike Air Force 1,6,93.41,560.46,Oceania
13495,2025-05-05,Beauty Products,Neutrogena Skincare Set,17,87.47,1486.99,South America
13496,2024-02-24,Beauty Products,L'Oreal Revitalift Cream,9,30.13,271.17,Europe
13497,2025-01-28,Clothing,Levi's 501 Jeans,11,65.24,717.64,North America
13498,2025-11-11,Sports,Everlast Boxing Gloves,11,51.17,562.87,Asia
13499,2024-06-18,Clothing,Adidas Ultraboost Shoes,19,202.78,3852.82,Europe
13500,2024-09-30,Home Appliances,Philips Air Fryer XXL,7,227.78,1594.46,Europe
13501,2024-08-09,Clothing,Adidas Ultraboost Shoes,3,202.66,607.98,North America
13502,2024-11-05,Electronics,iPhone 14 Pro,16,1016.75,16268.00,Africa
13503,2024-07-23,Electronics,Apple Watch Series 9,2,418.79,837.58,Africa
13504,2025-12-16,Books,Sapiens,4,23.66,94.64,Oceania
13505,2024-05-28,Sports,Wilson Evolution Basketball,18,30.78,554.04,South America
13506,2024-05-07,Clothing,Calvin Klein Slim Fit Shirt,9,98.19,883.71,Oceania
13507,2024-08-03,Electronics,Samsung Galaxy Tab S8,11,760.43,8364.73,Europe
13508,2024-06-11,Books,Deep Work,3,17.95,53.85,Africa
13509,2024-01-21,Home Appliances,KitchenAid Stand Mixer,12,462.39,5548.68,Oceania
13510,2024-02-07,Sports,Bowflex Adjustable Dumbbells,17,445.70,7576.90,North America
13511,2025-03-05,Home Appliances,Ninja Professional Blender,18,96.44,1735.92,South America
13512,2025-10-09,Home Appliances,Ninja Professional Blender,11,99.33,1092.63,Africa
13513,2025-09-15,Books,Clean Code,11,40.81,448.91,Europe
13514,2025-09-01,Clothing,Calvin Klein Slim Fit Shirt,6,95.30,571.80,North America
13515,2024-12-27,Beauty Products,Clinique Moisture Surge,1,48.11,48.11,Asia
13516,2025-12-25,Home Appliances,Keurig K-Elite Coffee Maker,5,186.52,932.60,South America
13517,2024-09-15,Clothing,North Face Down Jacket,15,255.25,3828.75,Middle East
13518,2024-12-21,Home Appliances,Philips Air Fryer XXL,18,243.33,4379.94,Middle East
13519,2025-04-18,Books,The Psychology of Money,1,16.32,16.32,North America
13520,2024-04-26,Beauty Products,Dyson Supersonic Hair Dryer,2,415.66,831.32,Asia
13521,2025-11-12,Electronics,Garmin Forerunner 945,1,534.46,534.46,Oceania
13522,2024-03-31,Books,Clean Code,17,39.39,669.63,Middle East
13523,2024-02-16,Electronics,Sony WH-1000XM5 Headphones,19,376.28,7149.32,South America
13524,2025-12-09,Books,The Psychology of Money,10,18.70,187.00,Africa
13525,2024-10-10,Clothing,Puma Sports Hoodie,2,71.39,142.78,South America
13526,2025-10-28,Beauty Products,MAC Lipstick Collection,14,78.85,1103.90,North America
13527,2024-12-22,Clothing,Nike Air Force 1,3,90.51,271.53,South America
13528,2025-09-19,Clothing,Adidas Ultraboost Shoes,17,190.38,3236.46,South America
13529,2025-07-20,Home Appliances,Dyson V11 Vacuum,17,495.50,8423.50,Africa
13530,2025-05-26,Books,Clean Code,11,42.18,463.98,North America
13531,2024-08-13,Electronics,iPhone 14 Pro,12,947.41,11368.92,Europe
13532,2025-07-10,Electronics,iPhone 14 Pro,4,1094.88,4379.52,South America
13533,2025-07-26,Home Appliances,LG Front Load Washer,8,942.94,7543.52,North America
13534,2025-06-28,Beauty Products,CeraVe Hydrating Cleanser,4,17.78,71.12,South America
13535,2025-07-26,Home Appliances,LG Front Load Washer,2,871.93,1743.86,South America
13536,2025-01-20,Clothing,Vans Old Skool Sneakers,15,79.38,1190.70,Europe
13537,2024-10-31,Electronics,Nintendo Switch OLED,14,353.13,4943.82,North America
13538,2024-08-13,Clothing,Nike Air Force 1,20,87.52,1750.40,Middle East
13539,2024-08-16,Beauty Products,Chanel No. 5 Perfume,8,119.31,954.48,Europe
13540,2025-07-24,Sports,Adidas FIFA Soccer Ball,9,36.81,331.29,Middle East
13541,2025-07-09,Sports,Wilson Evolution Basketball,9,27.04,243.36,Africa
13542,2025-07-09,Beauty Products,Maybelline Makeup Kit,17,51.37,873.29,Oceania
13543,2025-06-27,Clothing,Calvin Klein Slim Fit Shirt,11,85.00,935.00,Africa
13544,2025-07-10,Home Appliances,Ninja Professional Blender,2,107.17,214.34,Europe
13545,2025-08-02,Beauty Products,CeraVe Hydrating Cleanser,3,20.30,60.90,South America
13546,2025-08-20,Beauty Products,The Ordinary Serum Set,12,39.05,468.60,Oceania
13547,2024-05-26,Clothing,Puma Sports Hoodie,7,81.56,570.92,Oceania
13548,2024-08-13,Clothing,Patagonia Fleece Jacket,10,195.45,1954.50,North America
13549,2024-05-14,Home Appliances,Instant Pot Duo 7-in-1,13,140.42,1825.46,Oceania
13550,2024-08-05,Books,"Salt, Fat, Acid, Heat by Samin Nosrat",15,33.04,495.60,North America
13551,2025-01-15,Sports,Spalding Volleyball,9,37.96,341.64,Europe
13552,2025-11-03,Clothing,Calvin Klein Slim Fit Shirt,7,85.51,598.57,South America
13553,2024-05-04,Electronics,Garmin Forerunner 945,19,515.26,9789.94,Middle East
13554,2024-03-18,Electronics,MacBook Pro 16-inch,20,2506.98,50139.60,Africa
13555,2025-10-31,Clothing,Under Armour Training Shirt,18,41.61,748.98,North America
13556,2025-08-02,Clothing,Under Armour Training Shirt,6,38.65,231.90,South America
13557,2024-12-09,Clothing,Vans Old Skool Sneakers,3,87.95,263.85,Middle East
13558,2024-12-12,Clothing,Adidas Ultraboost Shoes,11,192.31,2115.41,Oceania
13559,2024-03-12,Clothing,Nike Air Force 1,17,91.61,1557.37,Asia
13560,2025-07-02,Sports,Fitbit Charge 6,11,169.24,1861.64,Africa
13561,2025-04-11,Beauty Products,Maybelline Makeup Kit,18,52.31,941.58,Oceania
13562,2025-05-07,Electronics,Samsung Galaxy Tab S8,7,683.46,4784.22,South America
13563,2024-08-07,Electronics,Apple Watch Series 9,12,455.01,5460.12,Oceania
13564,2025-12-08,Clothing,Calvin Klein Slim Fit Shirt,19,92.09,1749.71,North America
13565,2024-04-21,Electronics,iPhone 14 Pro,14,1003.07,14042.98,North America
13566,2025-11-22,Sports,Adidas FIFA Soccer Ball,11,43.14,474.54,North America
13567,2024-01-26,Beauty Products,Chanel No. 5 Perfume,19,142.04,2698.76,South America
13568,2025-10-13,Clothing,North Face Down Jacket,8,242.00,1936.00,Oceania
13569,2025-07-15,Clothing,Calvin Klein Slim Fit Shirt,4,88.83,355.32,North America
13570,2025-07-23,Beauty Products,Olaplex Hair Repair Set,17,63.39,1077.63,Oceania
13571,2025-09-18,Home Appliances,iRobot Roomba j7,5,601.52,3007.60,Africa
13572,2025-12-08,Beauty Products,Maybelline Makeup Kit,5,45.33,226.65,Middle East
13573,2025-08-02,Electronics,Dell XPS 13 Laptop,8,1302.64,10421.12,Europe
13574,2025-12-03,Electronics,Dell XPS 13 Laptop,8,1380.51,11044.08,Asia
13575,2025-01-19,Books,Dune by Frank Herbert,14,23.98,335.72,Europe
13576,2025-09-24,Home Appliances,Ninja Professional Blender,17,109.53,1862.01,Oceania
13577,2024-03-04,Clothing,Patagonia Fleece Jacket,6,180.78,1084.68,Middle East
13578,2025-01-13,Electronics,Apple Watch Series 9,19,468.71,8905.49,Africa
13579,2024-04-08,Electronics,MacBook Pro 16-inch,5,2562.72,12813.60,Oceania
13580,2024-06-27,Beauty Products,Dyson Supersonic Hair Dryer,1,460.72,460.72,Europe
13581,2025-11-13,Books,The Alchemist,2,14.21,28.42,Africa
13582,2025-07-28,Home Appliances,iRobot Roomba j7,7,690.24,4831.68,Asia
13583,2025-12-03,Clothing,Vans Old Skool Sneakers,10,86.02,860.20,Europe
13584,2025-09-21,Sports,Everlast Boxing Gloves,18,52.12,938.16,Asia
13585,2025-05-10,Books,"Salt, Fat, Acid, Heat by Samin Nosrat",17,33.56,570.52,Africa
13586,2025-03-31,Books,The Alchemist,8,13.39,107.12,North America
13587,2025-05-08,Beauty Products,CeraVe Hydrating Cleanser,1,19.74,19.74,Asia
13588,2025-08-28,Clothing,North Face Down Jacket,6,229.62,1377.72,Africa
13589,2025-07-13,Home Appliances,LG Front Load Washer,20,889.22,17784.40,Europe
13590,2024-08-02,Books,Deep Work,10,19.51,195.10,Oceania
13591,2024-03-24,Beauty Products,L'Oreal Revitalift Cream,14,27.21,380.94,Oceania
13592,2024-10-27,Home Appliances,Keurig K-Elite Coffee Maker,18,191.70,3450.60,Europe
13593,2024-09-29,Electronics,Dell XPS 13 Laptop,20,1395.18,27903.60,South America
13594,2024-08-30,Home Appliances,iRobot Roomba j7,10,687.04,6870.40,North America
13595,2025-01-02,Clothing,Patagonia Fleece Jacket,17,173.01,2941.17,Africa
13596,2024-05-07,Beauty Products,Chanel No. 5 Perfume,7,141.72,992.04,Oceania
13597,2025-07-23,Sports,Everlast Boxing Gloves,11,52.34,575.74,Europe
13598,2025-08-26,Beauty Products,The Ordinary Serum Set,17,41.88,711.96,Asia
13599,2024-06-11,Home Appliances,iRobot Roomba j7,5,616.26,3081.30,South America
13600,2025-02-10,Beauty Products,CeraVe Hydrating Cleanser,20,17.14,342.80,Africa
13601,2025-07-24,Beauty Products,Maybelline Makeup Kit,14,54.89,768.46,Oceania
13602,2025-07-02,Sports,Everlast Boxing Gloves,11,47.49,522.39,South America
13603,2024-12-11,Electronics,Garmin Forerunner 945,11,542.56,5968.16,North America
13604,2024-10-06,Books,Sapiens,4,22.90,91.60,North America
13605,2025-05-06,Electronics,Nintendo Switch OLED,20,373.60,7472.00,Asia
13606,2025-01-27,Sports,Everlast Boxing Gloves,6,45.32,271.92,Europe
13607,2024-04-30,Beauty Products,Maybelline Makeup Kit,14,54.50,763.00,Middle East
13608,2025-03-08,Books,The Da Vinci Code,20,17.20,344.00,Africa
13609,2024-08-30,Sports,Everlast Boxing Gloves,18,54.03,972.54,Asia
13610,2025-01-13,Sports,Babolat Pure Drive Tennis Racket,18,203.60,3664.80,South America
13611,2025-11-09,Clothing,Puma Sports Hoodie,10,78.20,782.00,North America
13612,2025-05-18,Electronics,Garmin Forerunner 945,8,476.22,3809.76,Europe
13613,2025-06-09,Sports,Callaway Golf Club Set,2,837.74,1675.48,Oceania
13614,2024-02-17,Electronics,MacBook Pro 16-inch,19,2308.96,43870.24,Africa
13615,2025-03-27,Sports,Hydro Flask Sports Bottle,4,39.21,156.84,Africa
13616,2024-01-05,Beauty Products,Chanel No. 5 Perfume,4,119.67,478.68,Africa
13617,2025-05-25,Clothing,Columbia Rain Jacket,10,140.81,1408.10,South America
13618,2024-06-12,Books,Dune by Frank Herbert,10,25.34,253.40,Europe
13619,2024-12-24,Clothing,Puma Sports Hoodie,3,79.57,238.71,Oceania
13620,2025-05-03,Sports,Wilson Evolution Basketball,15,32.78,491.70,Oceania
13621,2024-03-26,Clothing,Patagonia Fleece Jacket,19,182.01,3458.19,Middle East
13622,2024-12-04,Beauty Products,L'Oreal Revitalift Cream,20,28.70,574.00,North America
13623,2025-03-30,Books,Clean Code,10,38.06,380.60,Middle East
13624,2025-04-26,Home Appliances,Philips Air Fryer XXL,6,257.39,1544.34,Oceania
13625,2024-08-09,Beauty Products,MAC Lipstick Collection,18,83.78,1508.04,South America
13626,2024-09-26,Beauty Products,L'Oreal Revitalift Cream,17,29.22,496.74,South America
13627,2025-08-18,Beauty Products,Olaplex Hair Repair Set,13,54.39,707.07,North America
13628,2025-10-28,Electronics,MacBook Pro 16-inch,5,2641.44,13207.20,South America
13629,2024-06-13,Books,"Salt, Fat, Acid, Heat by Samin Nosrat",8,35.73,285.84,North America
13630,2024-09-24,Home Appliances,Instant Pot Duo 7-in-1,11,124.11,1365.21,Oceania
13631,2024-07-07,Electronics,Dell XPS 13 Laptop,13,1177.27,15304.51,Asia
13632,2024-09-27,Books,Dune by Frank Herbert,12,23.83,285.96,Europe
13633,2025-09-23,Beauty Products,CeraVe Hydrating Cleanser,15,18.68,280.20,Asia
13634,2024-05-14,Books,Dune by Frank Herbert,9,27.45,247.05,Africa
13635,2025-07-11,Home Appliances,Samsung Smart Refrigerator,8,1857.58,14860.64,Oceania
13636,2025-11-18,Sports,Bowflex Adjustable Dumbbells,3,446.63,1339.89,Asia
13637,2025-11-15,Home Appliances,KitchenAid Stand Mixer,15,439.74,6596.10,Africa
13638,2025-09-09,Electronics,Apple Watch Series 9,9,456.60,4109.40,North America
13639,2025-12-29,Home Appliances,LG Front Load Washer,14,876.21,12266.94,Asia
13640,2024-11-18,Electronics,Canon EOS R10 Camera,7,1032.88,7230.16,Middle East
13641,2024-08-21,Electronics,Nintendo Switch OLED,13,337.71,4390.23,South America
13642,2025-03-22,Electronics,Sony WH-1000XM5 Headphones,15,428.04,6420.60,Europe
13643,2025-11-09,Electronics,MacBook Pro 16-inch,13,2271.18,29525.34,North America
13644,2024-02-10,Electronics,iPhone 14 Pro,20,1056.12,21122.40,Middle East
13645,2025-03-23,Books,Deep Work,1,20.11,20.11,Middle East
13646,2024-06-12,Home Appliances,Philips Air Fryer XXL,5,262.32,1311.60,North America
13647,2024-04-24,Books,The Psychology of Money,3,16.91,50.73,Europe
13648,2024-09-04,Home Appliances,Ninja Professional Blender,17,99.55,1692.35,South America
13649,2024-05-25,Electronics,Google Pixel 8 Pro,17,900.57,15309.69,Oceania
13650,2025-09-11,Sports,Spalding Volleyball,5,32.41,162.05,Middle East
13651,2024-03-25,Home Appliances,Samsung Smart Refrigerator,19,1731.27,32894.13,Europe
13652,2025-09-18,Electronics,Nintendo Switch OLED,10,352.13,3521.30,Asia
13653,2024-06-06,Beauty Products,Chanel No. 5 Perfume,4,130.91,523.64,Africa
13654,2025-10-09,Electronics,iPhone 14 Pro,9,1096.61,9869.49,South America
13655,2025-04-20,Clothing,Vans Old Skool Sneakers,15,72.27,1084.05,North America
13656,2025-01-08,Electronics,MacBook Pro 16-inch,7,2638.16,18467.12,North America
13657,2024-07-13,Books,Deep Work,14,18.53,259.42,Asia
13658,2024-10-04,Electronics,Google Pixel 8 Pro,11,926.42,10190.62,North America
13659,2025-08-04,Sports,Bowflex Adjustable Dumbbells,3,434.46,1303.38,Europe
13660,2024-04-30,Home Appliances,Keurig K-Elite Coffee Maker,4,206.68,826.72,South America
13661,2025-06-14,Home Appliances,Blueair Classic 480i,3,635.12,1905.36,Europe
13662,2025-02-20,Clothing,Adidas Ultraboost Shoes,13,192.32,2500.16,Oceania
13663,2024-08-14,Home Appliances,Blueair Classic 480i,6,607.45,3644.70,Africa
13664,2025-02-27,Clothing,Patagonia Fleece Jacket,15,188.12,2821.80,Oceania
13665,2025-11-14,Home Appliances,Ninja Professional Blender,18,107.03,1926.54,Africa
13666,2025-10-22,Sports,Hydro Flask Sports Bottle,14,36.50,511.00,North America
13667,2025-05-16,Beauty Products,Dyson Supersonic Hair Dryer,16,439.78,7036.48,Asia
13668,2024-12-16,Beauty Products,Olaplex Hair Repair Set,7,56.71,396.97,Europe
13669,2025-09-28,Beauty Products,Chanel No. 5 Perfume,7,130.45,913.15,Europe
13670,2025-02-11,Sports,Adidas FIFA Soccer Ball,1,41.78,41.78,Middle East
13671,2024-11-12,Clothing,Calvin Klein Slim Fit Shirt,12,91.60,1099.20,North America
13672,2024-05-04,Beauty Products,Clinique Moisture Surge,12,47.23,566.76,Asia
13673,2025-04-21,Electronics,Canon EOS R10 Camera,8,938.58,7508.64,South America
13674,2025-09-30,Home Appliances,KitchenAid Stand Mixer,15,468.52,7027.80,Oceania
13675,2025-09-18,Books,Atomic Habits,1,18.45,18.45,Middle East
13676,2024-04-14,Clothing,Columbia Rain Jacket,14,127.85,1789.90,Middle East
13677,2024-05-03,Home Appliances,LG Front Load Washer,6,980.83,5884.98,North America
13678,2025-06-15,Sports,Wilson Evolution Basketball,16,30.64,490.24,Europe
13679,2024-01-27,Books,The Alchemist,14,14.18,198.52,North America
13680,2024-04-22,Electronics,MacBook Pro 16-inch,11,2648.54,29133.94,Asia
13681,2025-03-26,Home Appliances,Keurig K-Elite Coffee Maker,11,200.82,2209.02,South America
13682,2025-02-11,Home Appliances,Philips Air Fryer XXL,15,226.80,3402.00,Oceania
13683,2024-02-28,Clothing,Under Armour Training Shirt,12,42.50,510.00,South America
13684,2024-08-06,Sports,Bowflex Adjustable Dumbbells,1,463.27,463.27,Asia
13685,2025-01-17,Books,The Psychology of Money,9,18.38,165.42,Africa
13686,2024-02-09,Clothing,Vans Old Skool Sneakers,17,73.50,1249.50,Asia
13687,2024-08-01,Beauty Products,Neutrogena Skincare Set,15,90.74,1361.10,North America
13688,2024-03-07,Books,The Psychology of Money,16,16.65,266.40,Oceania
13689,2024-01-10,Sports,Spalding Volleyball,10,38.45,384.50,Asia
13690,2025-07-07,Clothing,Vans Old Skool Sneakers,3,84.90,254.70,Europe
13691,2024-12-07,Home Appliances,Keurig K-Elite Coffee Maker,17,176.82,3005.94,Middle East
13692,2024-12-31,Sports,Hydro Flask Sports Bottle,2,37.03,74.06,Europe
13693,2025-03-04,Sports,Adidas FIFA Soccer Ball,16,37.02,592.32,North America
13694,2024-12-11,Clothing,Nike Air Force 1,17,97.80,1662.60,Europe
13695,2025-03-07,Home Appliances,Instant Pot Duo 7-in-1,1,138.88,138.88,Europe
13696,2024-04-14,Beauty Products,Maybelline Makeup Kit,7,53.63,375.41,South America
13697,2025-09-25,Electronics,Google Pixel 8 Pro,18,1075.47,19358.46,North America
13698,2024-02-17,Clothing,Under Armour Training Shirt,12,36.71,440.52,Africa
13699,2024-01-18,Books,"Salt, Fat, Acid, Heat by Samin Nosrat",1,34.95,34.95,Europe
13700,2025-11-08,Beauty Products,Dyson Supersonic Hair Dryer,9,387.33,3485.97,Oceania
13701,2025-09-22,Clothing,Under Armour Training Shirt,2,37.31,74.62,Middle East
13702,2025-04-27,Home Appliances,Keurig K-Elite Coffee Maker,15,181.03,2715.45,Middle East
13703,2025-04-25,Clothing,Calvin Klein Slim Fit Shirt,4,83.09,332.36,North America
13704,2024-03-31,Beauty Products,Chanel No. 5 Perfume,20,135.44,2708.80,Oceania
13705,2024-09-01,Books,Clean Code,15,38.20,573.00,Oceania
13706,2025-02-01,Sports,Bowflex Adjustable Dumbbells,17,421.66,7168.22,Asia
13707,2025-05-07,Sports,Callaway Golf Club Set,15,926.58,13898.70,Middle East
13708,2025-08-16,Clothing,Under Armour Training Shirt,11,43.34,476.74,Europe
13709,2024-10-25,Books,The Hobbit,4,15.72,62.88,Middle East
13710,2025-06-04,Electronics,Dell XPS 13 Laptop,3,1359.90,4079.70,South America
13711,2025-10-23,Clothing,Puma Sports Hoodie,5,82.19,410.95,Oceania
13712,2025-04-27,Sports,Callaway Golf Club Set,1,843.47,843.47,Middle East
13713,2025-09-28,Books,Atomic Habits,17,21.94,372.98,South America
13714,2024-08-15,Electronics,Google Pixel 8 Pro,2,956.46,1912.92,Middle East
13715,2025-05-06,Home Appliances,Samsung Smart Refrigerator,14,1832.86,25660.04,Asia
13716,2024-02-19,Beauty Products,Clinique Moisture Surge,7,45.89,321.23,North America
13717,2025-01-22,Beauty Products,Clinique Moisture Surge,16,46.49,743.84,North America
13718,2024-04-15,Electronics,Dell XPS 13 Laptop,3,1194.42,3583.26,Europe
13719,2024-04-04,Books,"Salt, Fat, Acid, Heat by Samin Nosrat",15,29.75,446.25,Asia
13720,2024-01-23,Home Appliances,Ninja Professional Blender,10,93.03,930.30,Africa
13721,2025-05-29,Clothing,Columbia Rain Jacket,18,137.83,2480.94,Africa
13722,2024-11-03,Clothing,Calvin Klein Slim Fit Shirt,14,89.64,1254.96,Asia
13723,2025-06-09,Clothing,Adidas Ultraboost Shoes,20,187.80,3756.00,North America
13724,2024-06-17,Beauty Products,L'Oreal Revitalift Cream,16,31.80,508.80,South America
13725,2024-08-02,Clothing,Vans Old Skool Sneakers,18,72.38,1302.84,South America
13726,2025-02-03,Books,Atomic Habits,9,18.13,163.17,Europe
13727,2024-08-31,Clothing,Levi's 501 Jeans,15,63.09,946.35,Middle East
13728,2025-02-08,Clothing,Adidas Ultraboost Shoes,1,197.68,197.68,South America
13729,2024-01-10,Home Appliances,Dyson V11 Vacuum,18,508.80,9158.40,Africa
13730,2025-02-23,Electronics,Dell XPS 13 Laptop,12,1202.65,14431.80,Asia
13731,2025-07-23,Beauty Products,Clinique Moisture Surge,18,43.86,789.48,North America
13732,2024-05-21,Sports,Everlast Boxing Gloves,16,48.73,779.68,South America
13733,2024-02-26,Books,The Hobbit,6,14.14,84.84,Africa
13734,2024-02-03,Electronics,iPhone 14 Pro,15,1010.24,15153.60,Europe
13735,2025-09-30,Books,Clean Code,14,40.21,562.94,Africa
13736,2024-06-07,Home Appliances,Keurig K-Elite Coffee Maker,3,184.85,554.55,North America
13737,2025-09-17,Clothing,Puma Sports Hoodie,15,82.32,1234.80,North America
13738,2024-04-17,Books,The Da Vinci Code,15,15.16,227.40,Oceania
13739,2025-03-18,Home Appliances,Samsung Smart Refrigerator,17,1710.51,29078.67,South America
13740,2025-12-20,Clothing,Puma Sports Hoodie,16,68.11,1089.76,Asia
13741,2024-04-11,Beauty Products,Chanel No. 5 Perfume,9,135.44,1218.96,Europe
13742,2025-03-31,Home Appliances,Dyson V11 Vacuum,14,473.43,6628.02,South America
13743,2025-07-14,Clothing,Nike Air Force 1,1,86.82,86.82,Asia
13744,2024-05-18,Beauty Products,Olaplex Hair Repair Set,12,60.15,721.80,Europe
13745,2025-02-12,Electronics,iPhone 14 Pro,4,1096.19,4384.76,Asia
13746,2025-06-19,Electronics,Canon EOS R10 Camera,7,1008.32,7058.24,Europe
13747,2025-09-04,Beauty Products,Olaplex Hair Repair Set,20,58.91,1178.20,Middle East
13748,2024-11-17,Beauty Products,Clinique Moisture Surge,14,46.34,648.76,North America
13749,2025-08-16,Electronics,Sony WH-1000XM5 Headphones,10,365.48,3654.80,South America
13750,2025-08-03,Home Appliances,Ninja Professional Blender,19,99.10,1882.90,Africa
13751,2024-06-10,Books,Atomic Habits,1,19.19,19.19,Africa
13752,2025-10-07,Books,The Psychology of Money,3,16.21,48.63,Africa
13753,2024-09-25,Sports,Babolat Pure Drive Tennis Racket,14,192.67,2697.38,South America
13754,2024-09-19,Beauty Products,Dyson Supersonic Hair Dryer,12,444.32,5331.84,North America
13755,2024-12-29,Home Appliances,Dyson V11 Vacuum,7,512.87,3590.09,Europe
13756,2025-09-14,Sports,Babolat Pure Drive Tennis Racket,9,212.28,1910.52,Middle East
13757,2024-12-12,Clothing,Puma Sports Hoodie,20,75.67,1513.40,Asia
13758,2024-04-18,Electronics,Nintendo Switch OLED,3,323.64,970.92,South America
13759,2024-08-17,Home Appliances,Keurig K-Elite Coffee Maker,12,183.31,2199.72,Oceania
13760,2025-04-07,Sports,Bowflex Adjustable Dumbbells,5,417.32,2086.60,Oceania
13761,2024-07-18,Sports,Fitbit Charge 6,8,157.98,1263.84,Asia
13762,2024-03-03,Books,Sapiens,1,22.76,22.76,South America
13763,2024-04-19,Beauty Products,L'Oreal Revitalift Cream,5,32.98,164.90,Middle East
13764,2025-11-09,Clothing,Under Armour Training Shirt,16,36.83,589.28,North America
13765,2025-01-05,Clothing,Calvin Klein Slim Fit Shirt,12,90.34,1084.08,Middle East
13766,2025-08-23,Books,Dune by Frank Herbert,4,24.58,98.32,Asia
13767,2025-08-22,Home Appliances,Philips Air Fryer XXL,14,270.76,3790.64,Oceania
13768,2024-08-07,Sports,Spalding Volleyball,13,35.07,455.91,Africa
13769,2024-02-08,Books,Atomic Habits,12,19.11,229.32,North America
13770,2024-12-04,Electronics,Garmin Forerunner 945,13,485.40,6310.20,North America
13771,2025-10-20,Home Appliances,Samsung Smart Refrigerator,5,1738.42,8692.10,Oceania
13772,2024-08-03,Home Appliances,Dyson V11 Vacuum,18,500.82,9014.76,North America
13773,2025-08-14,Electronics,Nintendo Switch OLED,10,348.08,3480.80,Middle East
13774,2024-08-12,Sports,Adidas FIFA Soccer Ball,13,39.89,518.57,Africa
13775,2024-09-08,Sports,Callaway Golf Club Set,9,818.65,7367.85,South America
13776,2024-07-18,Clothing,Calvin Klein Slim Fit Shirt,1,98.40,98.40,Asia
13777,2025-01-09,Home Appliances,KitchenAid Stand Mixer,17,492.76,8376.92,Middle East
13778,2024-05-14,Beauty Products,L'Oreal Revitalift Cream,3,28.34,85.02,North America
13779,2025-01-03,Beauty Products,The Ordinary Serum Set,20,39.98,799.60,South America
13780,2024-05-10,Home Appliances,iRobot Roomba j7,19,613.31,11652.89,South America
13781,2024-09-18,Home Appliances,Philips Air Fryer XXL,13,257.57,3348.41,Africa
13782,2024-01-29,Home Appliances,LG Front Load Washer,10,832.49,8324.90,Oceania
13783,2024-06-18,Beauty Products,L'Oreal Revitalift Cream,3,32.97,98.91,Africa
13784,2024-05-30,Electronics,Dell XPS 13 Laptop,10,1201.20,12012.00,Europe
13785,2025-09-13,Books,Dune by Frank Herbert,19,24.72,469.68,Middle East
13786,2025-11-15,Books,The Psychology of Money,9,19.74,177.66,North America
13787,2024-07-10,Home Appliances,LG Front Load Washer,10,955.38,9553.80,Oceania
13788,2025-05-05,Clothing,Calvin Klein Slim Fit Shirt,19,97.40,1850.60,North America
13789,2024-04-11,Beauty Products,Olaplex Hair Repair Set,10,63.53,635.30,North America
13790,2024-01-25,Electronics,Nintendo Switch OLED,16,338.24,5411.84,Africa
13791,2025-03-14,Sports,Babolat Pure Drive Tennis Racket,20,202.91,4058.20,Middle East
13792,2025-12-13,Beauty Products,MAC Lipstick Collection,7,77.63,543.41,Middle East
13793,2025-07-14,Home Appliances,LG Front Load Washer,12,861.18,10334.16,North America
13794,2025-04-03,Electronics,iPhone 14 Pro,11,1084.47,11929.17,North America
13795,2025-10-11,Clothing,Levi's 501 Jeans,3,67.55,202.65,Africa
13796,2025-05-28,Beauty Products,MAC Lipstick Collection,15,83.29,1249.35,Oceania
13797,2025-04-09,Books,The Hobbit,12,15.68,188.16,Oceania
13798,2024-07-23,Clothing,Under Armour Training Shirt,14,41.76,584.64,Asia
13799,2024-03-07,Sports,Adidas FIFA Soccer Ball,15,43.93,658.95,Middle East
13800,2025-02-26,Home Appliances,Blueair Classic 480i,3,576.40,1729.20,North America
13801,2025-11-16,Beauty Products,Clinique Moisture Surge,20,44.40,888.00,Europe
13802,2024-02-21,Clothing,Under Armour Training Shirt,10,38.70,387.00,Asia
13803,2025-07-24,Clothing,Calvin Klein Slim Fit Shirt,11,94.65,1041.15,Middle East
13804,2025-12-07,Books,Atomic Habits,17,21.05,357.85,Middle East
13805,2024-08-18,Books,The Alchemist,9,13.34,120.06,Asia
13806,2024-01-10,Home Appliances,Philips Air Fryer XXL,17,255.32,4340.44,South America
13807,2024-12-30,Clothing,Under Armour Training Shirt,6,41.47,248.82,Asia
13808,2024-02-24,Sports,Callaway Golf Club Set,17,941.81,16010.77,Europe
13809,2024-03-14,Sports,Wilson Evolution Basketball,9,31.91,287.19,Africa
13810,2024-11-28,Beauty Products,L'Oreal Revitalift Cream,2,30.92,61.84,Africa
13811,2024-09-01,Books,The Hobbit,6,13.70,82.20,North America
13812,2025-05-28,Sports,Callaway Golf Club Set,14,865.05,12110.70,Africa
13813,2025-02-18,Home Appliances,Instant Pot Duo 7-in-1,17,142.92,2429.64,Asia
13814,2025-06-16,Books,The Da Vinci Code,6,15.01,90.06,Oceania
13815,2025-08-17,Beauty Products,The Ordinary Serum Set,1,40.66,40.66,Europe
13816,2024-07-09,Electronics,Google Pixel 8 Pro,14,1042.83,14599.62,Africa
13817,2025-02-21,Beauty Products,L'Oreal Revitalift Cream,17,32.65,555.05,North America
13818,2024-04-29,Beauty Products,Olaplex Hair Repair Set,14,63.68,891.52,Middle East
13819,2024-09-17,Electronics,Dell XPS 13 Laptop,9,1340.12,12061.08,Europe
13820,2025-04-28,Clothing,Columbia Rain Jacket,4,140.02,560.08,Asia
13821,2025-04-27,Home Appliances,Instant Pot Duo 7-in-1,12,133.03,1596.36,Oceania
13822,2024-10-23,Electronics,Apple Watch Series 9,11,424.51,4669.61,Africa
13823,2025-07-30,Sports,Wilson Evolution Basketball,7,30.18,211.26,Africa
13824,2024-03-27,Books,The Alchemist,15,12.28,184.20,Middle East
13825,2025-01-31,Home Appliances,Blueair Classic 480i,17,631.40,10733.80,Middle East
13826,2024-06-05,Home Appliances,Keurig K-Elite Coffee Maker,4,206.77,827.08,Europe
13827,2024-12-03,Clothing,Patagonia Fleece Jacket,9,166.98,1502.82,Europe
13828,2025-07-13,Home Appliances,Blueair Classic 480i,2,628.90,1257.80,Europe
13829,2025-01-25,Books,"Salt, Fat, Acid, Heat by Samin Nosrat",17,32.10,545.70,Oceania
13830,2025-03-02,Electronics,Google Pixel 8 Pro,8,1060.25,8482.00,South America
13831,2025-12-24,Electronics,iPhone 14 Pro,20,1056.65,21133.00,Europe
13832,2024-11-13,Beauty Products,MAC Lipstick Collection,12,78.76,945.12,Africa
13833,2025-02-08,Electronics,Dell XPS 13 Laptop,8,1290.58,10324.64,Asia
13834,2025-09-03,Books,Clean Code,5,39.03,195.15,South America
13835,2025-02-01,Electronics,Google Pixel 8 Pro,7,1097.05,7679.35,Africa
13836,2025-10-07,Sports,Everlast Boxing Gloves,18,53.78,968.04,South America
13837,2024-04-14,Beauty Products,Maybelline Makeup Kit,8,45.19,361.52,Africa
13838,2024-08-23,Beauty Products,MAC Lipstick Collection,3,87.42,262.26,Oceania
13839,2025-05-27,Books,"Salt, Fat, Acid, Heat by Samin Nosrat",4,32.66,130.64,South America
13840,2025-04-05,Home Appliances,Philips Air Fryer XXL,4,253.84,1015.36,Asia
13841,2024-11-17,Books,The Alchemist,9,13.05,117.45,Middle East
13842,2024-05-13,Home Appliances,Philips Air Fryer XXL,5,254.41,1272.05,Middle East
13843,2025-03-22,Home Appliances,Philips Air Fryer XXL,17,274.17,4660.89,Europe
13844,2024-09-10,Sports,Hydro Flask Sports Bottle,11,37.58,413.38,Europe
13845,2025-01-22,Home Appliances,Instant Pot Duo 7-in-1,19,133.00,2527.00,Oceania
13846,2025-09-02,Books,The Hobbit,9,14.55,130.95,Oceania
13847,2025-08-06,Clothing,Columbia Rain Jacket,20,124.64,2492.80,Asia
13848,2025-05-10,Home Appliances,Blueair Classic 480i,4,609.45,2437.80,Middle East
13849,2025-07-17,Beauty Products,Chanel No. 5 Perfume,1,126.67,126.67,Middle East
13850,2025-11-18,Home Appliances,KitchenAid Stand Mixer,5,432.37,2161.85,Middle East
13851,2024-11-13,Home Appliances,Ninja Professional Blender,17,104.32,1773.44,Asia
13852,2024-08-09,Books,The Psychology of Money,1,18.99,18.99,Oceania
13853,2025-06-22,Clothing,Patagonia Fleece Jacket,14,184.68,2585.52,Europe
13854,2024-07-09,Beauty Products,Maybelline Makeup Kit,6,53.79,322.74,South America
13855,2025-04-18,Clothing,Nike Air Force 1,12,86.59,1039.08,Europe
13856,2024-09-27,Home Appliances,LG Front Load Washer,6,832.71,4996.26,Asia
13857,2024-12-24,Books,Sapiens,10,26.67,266.70,Oceania
13858,2024-10-08,Clothing,Columbia Rain Jacket,5,128.28,641.40,Middle East
13859,2024-07-22,Electronics,Samsung Galaxy Tab S8,1,694.23,694.23,Middle East
13860,2025-06-19,Home Appliances,Dyson V11 Vacuum,1,482.52,482.52,Europe
13861,2024-10-03,Books,The Da Vinci Code,4,17.33,69.32,South America
13862,2025-09-23,Books,The Alchemist,14,13.26,185.64,Oceania
13863,2024-05-09,Home Appliances,Ninja Professional Blender,8,101.84,814.72,Asia
13864,2025-05-11,Books,Clean Code,14,41.90,586.60,South America
13865,2024-12-22,Sports,Callaway Golf Club Set,18,862.15,15518.70,Middle East
13866,2024-11-26,Home Appliances,Samsung Smart Refrigerator,5,1756.65,8783.25,Middle East
13867,2025-11-08,Books,Dune by Frank Herbert,6,25.63,153.78,South America
13868,2024-09-10,Clothing,Puma Sports Hoodie,4,74.84,299.36,Asia
13869,2024-09-12,Electronics,Canon EOS R10 Camera,16,905.06,14480.96,South America
13870,2025-02-21,Sports,Spalding Volleyball,6,34.05,204.30,South America
13871,2025-05-13,Electronics,iPhone 14 Pro,12,1002.93,12035.16,Asia
13872,2025-05-22,Home Appliances,LG Front Load Washer,12,902.55,10830.60,North America
13873,2024-12-10,Books,Dune by Frank Herbert,2,28.41,56.82,Asia
13874,2024-05-09,Electronics,Garmin Forerunner 945,1,487.25,487.25,Europe
13875,2024-12-02,Clothing,North Face Down Jacket,5,270.42,1352.10,Europe
13876,2024-09-10,Home Appliances,KitchenAid Stand Mixer,6,409.45,2456.70,Asia
13877,2025-08-06,Sports,Fitbit Charge 6,17,155.32,2640.44,Oceania
13878,2025-02-19,Books,The Da Vinci Code,3,15.33,45.99,South America
13879,2025-12-03,Books,The Da Vinci Code,12,16.36,196.32,North America
13880,2024-04-17,Sports,Manduka PRO Yoga Mat,18,123.20,2217.60,Africa
13881,2025-09-06,Electronics,Google Pixel 8 Pro,10,1057.45,10574.50,North America
13882,2024-11-02,Books,Dune by Frank Herbert,7,23.46,164.22,Asia
13883,2025-10-07,Beauty Products,The Ordinary Serum Set,12,38.15,457.80,South America
13884,2024-03-26,Clothing,Under Armour Training Shirt,7,42.08,294.56,Oceania
13885,2025-05-22,Sports,Hydro Flask Sports Bottle,10,43.53,435.30,Europe
13886,2025-07-13,Clothing,Puma Sports Hoodie,20,73.06,1461.20,Middle East
13887,2024-09-11,Clothing,Under Armour Training Shirt,11,37.51,412.61,Oceania
13888,2025-01-17,Electronics,Google Pixel 8 Pro,2,955.91,1911.82,Asia
13889,2024-12-10,Electronics,Canon EOS R10 Camera,5,968.66,4843.30,Africa
13890,2025-08-15,Beauty Products,Clinique Moisture Surge,10,47.70,477.00,South America
13891,2025-11-01,Books,"Salt, Fat, Acid, Heat by Samin Nosrat",4,33.31,133.24,Oceania
13892,2025-01-02,Home Appliances,iRobot Roomba j7,10,625.01,6250.10,Asia
13893,2024-06-24,Home Appliances,Blueair Classic 480i,13,596.63,7756.19,South America
13894,2025-06-03,Sports,Everlast Boxing Gloves,11,45.34,498.74,Middle East
13895,2024-05-18,Books,The Hobbit,4,13.54,54.16,Europe
13896,2025-05-31,Sports,Wilson Evolution Basketball,8,30.13,241.04,Oceania
13897,2024-09-26,Clothing,Patagonia Fleece Jacket,14,193.19,2704.66,Middle East
13898,2025-10-08,Sports,Callaway Golf Club Set,4,820.83,3283.32,Middle East
13899,2024-08-13,Home Appliances,Instant Pot Duo 7-in-1,13,138.06,1794.78,Oceania
13900,2024-03-31,Electronics,Apple Watch Series 9,6,423.47,2540.82,Europe
13901,2025-06-02,Books,The Hobbit,14,14.09,197.26,Europe
13902,2024-09-17,Sports,Bowflex Adjustable Dumbbells,19,430.60,8181.40,North America
13903,2025-05-15,Clothing,North Face Down Jacket,15,231.28,3469.20,Asia
13904,2025-03-30,Electronics,Google Pixel 8 Pro,13,923.45,12004.85,Middle East
13905,2024-02-03,Beauty Products,MAC Lipstick Collection,5,86.42,432.10,Asia
13906,2025-07-10,Home Appliances,Dyson V11 Vacuum,14,458.50,6419.00,Middle East
13907,2024-04-04,Home Appliances,Blueair Classic 480i,6,624.66,3747.96,Middle East
13908,2025-12-21,Books,Clean Code,15,43.57,653.55,Middle East
13909,2024-12-29,Home Appliances,LG Front Load Washer,11,825.65,9082.15,Africa
13910,2025-10-21,Sports,Babolat Pure Drive Tennis Racket,14,212.34,2972.76,South America
13911,2025-02-27,Sports,Babolat Pure Drive Tennis Racket,6,206.06,1236.36,Oceania
13912,2024-10-05,Books,Sapiens,8,24.12,192.96,Asia
13913,2024-10-23,Beauty Products,Olaplex Hair Repair Set,5,58.73,293.65,Europe
13914,2025-10-22,Home Appliances,Instant Pot Duo 7-in-1,6,132.35,794.10,Europe
13915,2025-06-04,Electronics,Garmin Forerunner 945,8,476.95,3815.60,South America
13916,2024-08-02,Clothing,Vans Old Skool Sneakers,6,77.49,464.94,Europe
13917,2025-05-27,Beauty Products,L'Oreal Revitalift Cream,3,27.50,82.50,Middle East
13918,2024-04-28,Electronics,iPhone 14 Pro,20,1042.78,20855.60,North America
13919,2025-07-23,Home Appliances,LG Front Load Washer,14,951.49,13320.86,Europe
13920,2024-11-12,Sports,Manduka PRO Yoga Mat,12,122.03,1464.36,Oceania
13921,2024-12-02,Books,The Alchemist,14,13.11,183.54,Europe
13922,2024-03-03,Beauty Products,Olaplex Hair Repair Set,16,58.01,928.16,Oceania
13923,2024-11-20,Books,Atomic Habits,5,21.48,107.40,Middle East
13924,2025-04-15,Home Appliances,Keurig K-Elite Coffee Maker,10,196.66,1966.60,Middle East
13925,2024-12-30,Beauty Products,Dyson Supersonic Hair Dryer,20,389.23,7784.60,Europe
13926,2024-01-17,Home Appliances,KitchenAid Stand Mixer,16,493.63,7898.08,Europe
13927,2025-10-27,Beauty Products,L'Oreal Revitalift Cream,1,31.77,31.77,North America
13928,2025-09-06,Books,The Da Vinci Code,1,15.03,15.03,Africa
13929,2025-07-27,Home Appliances,LG Front Load Washer,19,908.73,17265.87,South America
13930,2025-11-20,Beauty Products,The Ordinary Serum Set,8,40.66,325.28,North America
13931,2025-09-09,Sports,Manduka PRO Yoga Mat,19,114.96,2184.24,Africa
13932,2025-03-06,Electronics,Google Pixel 8 Pro,7,1000.03,7000.21,South America
13933,2025-08-10,Electronics,Sony WH-1000XM5 Headphones,17,419.24,7127.08,Oceania
13934,2025-06-10,Sports,Hydro Flask Sports Bottle,15,42.10,631.50,Oceania
13935,2025-12-30,Books,Atomic Habits,2,21.43,42.86,Oceania
13936,2024-08-21,Sports,Fitbit Charge 6,14,149.88,2098.32,Middle East
13937,2024-11-18,Clothing,Puma Sports Hoodie,14,80.92,1132.88,South America
13938,2024-10-03,Electronics,Sony WH-1000XM5 Headphones,8,383.57,3068.56,Oceania
13939,2024-11-21,Sports,Callaway Golf Club Set,20,815.48,16309.60,Africa
13940,2024-09-21,Electronics,Google Pixel 8 Pro,18,932.86,16791.48,North America
13941,2025-08-29,Electronics,iPhone 14 Pro,10,1015.13,10151.30,Europe
13942,2024-08-28,Sports,Hydro Flask Sports Bottle,17,36.64,622.88,Middle East
13943,2025-04-08,Beauty Products,L'Oreal Revitalift Cream,3,31.47,94.41,Europe
13944,2024-01-20,Sports,Babolat Pure Drive Tennis Racket,6,213.14,1278.84,South America
13945,2024-03-01,Electronics,Garmin Forerunner 945,17,545.78,9278.26,Africa
13946,2024-09-11,Sports,Fitbit Charge 6,18,155.50,2799.00,Asia
13947,2025-02-27,Electronics,MacBook Pro 16-inch,5,2367.41,11837.05,Europe
13948,2024-09-30,Electronics,Canon EOS R10 Camera,20,919.91,18398.20,North America
13949,2025-06-22,Clothing,Patagonia Fleece Jacket,2,178.66,357.32,North America
13950,2025-02-11,Books,Deep Work,13,18.13,235.69,Europe
13951,2025-06-13,Beauty Products,Olaplex Hair Repair Set,12,64.71,776.52,South America
13952,2024-03-23,Electronics,Garmin Forerunner 945,17,535.70,9106.90,Europe
13953,2024-03-02,Clothing,Columbia Rain Jacket,9,134.91,1214.19,Africa
13954,2025-12-26,Home Appliances,Instant Pot Duo 7-in-1,15,141.54,2123.10,Asia
13955,2025-05-28,Beauty Products,Dyson Supersonic Hair Dryer,2,408.47,816.94,North America
13956,2024-12-06,Sports,Callaway Golf Club Set,2,968.20,1936.40,Oceania
13957,2025-03-05,Sports,Everlast Boxing Gloves,18,46.11,829.98,Middle East
13958,2024-03-07,Home Appliances,Instant Pot Duo 7-in-1,2,133.01,266.02,Africa
13959,2024-09-05,Home Appliances,Keurig K-Elite Coffee Maker,17,203.50,3459.50,Europe
13960,2024-03-11,Home Appliances,KitchenAid Stand Mixer,3,440.62,1321.86,Middle East
13961,2024-03-31,Clothing,Under Armour Training Shirt,20,38.70,774.00,Asia
13962,2024-01-30,Beauty Products,Olaplex Hair Repair Set,19,59.96,1139.24,Europe
13963,2025-09-05,Clothing,Calvin Klein Slim Fit Shirt,11,81.91,901.01,Middle East
13964,2024-03-20,Clothing,Vans Old Skool Sneakers,2,86.81,173.62,Middle East
13965,2025-01-24,Home Appliances,Blueair Classic 480i,20,643.39,12867.80,Asia
13966,2024-09-25,Sports,Wilson Evolution Basketball,12,31.76,381.12,Oceania
13967,2025-06-15,Electronics,Nintendo Switch OLED,19,357.36,6789.84,Europe
13968,2024-10-17,Beauty Products,Neutrogena Skincare Set,3,95.47,286.41,Europe
13969,2024-02-04,Beauty Products,Olaplex Hair Repair Set,7,63.51,444.57,Asia
13970,2025-12-08,Home Appliances,Instant Pot Duo 7-in-1,11,121.02,1331.22,Asia
13971,2024-11-09,Home Appliances,Keurig K-Elite Coffee Maker,18,178.40,3211.20,South America
13972,2025-10-29,Electronics,MacBook Pro 16-inch,16,2668.70,42699.20,Asia
13973,2024-05-25,Home Appliances,Dyson V11 Vacuum,17,457.13,7771.21,South America
13974,2025-09-03,Electronics,Google Pixel 8 Pro,12,1010.37,12124.44,Oceania
13975,2024-08-17,Books,"Salt, Fat, Acid, Heat by Samin Nosrat",20,34.86,697.20,North America
13976,2024-02-27,Books,Deep Work,11,18.90,207.90,Europe
13977,2024-05-15,Books,The Psychology of Money,19,18.75,356.25,Europe
13978,2024-11-26,Sports,Fitbit Charge 6,15,171.16,2567.40,North America
13979,2024-04-24,Beauty Products,Dyson Supersonic Hair Dryer,2,453.70,907.40,Africa
13980,2024-05-20,Clothing,North Face Down Jacket,18,265.67,4782.06,North America
13981,2025-10-07,Sports,Hydro Flask Sports Bottle,16,38.41,614.56,Africa
13982,2024-06-30,Beauty Products,Olaplex Hair Repair Set,3,61.88,185.64,Asia
13983,2024-08-29,Beauty Products,Neutrogena Skincare Set,15,93.46,1401.90,Middle East
13984,2024-12-13,Home Appliances,Dyson V11 Vacuum,10,457.66,4576.60,Africa
13985,2025-01-12,Books,"Salt, Fat, Acid, Heat by Samin Nosrat",11,33.40,367.40,Asia
13986,2025-12-19,Home Appliances,Instant Pot Duo 7-in-1,12,139.64,1675.68,Europe
13987,2024-11-24,Home Appliances,Blueair Classic 480i,3,586.04,1758.12,Oceania
13988,2024-07-27,Clothing,Calvin Klein Slim Fit Shirt,8,83.57,668.56,South America
13989,2024-12-10,Clothing,Puma Sports Hoodie,4,68.25,273.00,Africa
13990,2024-01-12,Home Appliances,Ninja Professional Blender,13,93.43,1214.59,Europe
13991,2025-02-07,Electronics,Nintendo Switch OLED,8,326.94,2615.52,Asia
13992,2025-12-07,Clothing,Nike Air Force 1,12,91.37,1096.44,North America
13993,2024-05-12,Home Appliances,iRobot Roomba j7,5,694.15,3470.75,Middle East
13994,2024-04-02,Beauty Products,CeraVe Hydrating Cleanser,18,18.63,335.34,Middle East
13995,2025-02-13,Electronics,Canon EOS R10 Camera,11,886.39,9750.29,North America
13996,2024-08-21,Books,Clean Code,4,37.16,148.64,North America
13997,2024-11-26,Home Appliances,KitchenAid Stand Mixer,7,420.36,2942.52,North America
13998,2024-05-29,Beauty Products,Clinique Moisture Surge,15,44.37,665.55,Asia
13999,2024-12-24,Beauty Products,Olaplex Hair Repair Set,11,65.89,724.79,South America
14000,2024-06-20,Home Appliances,Philips Air Fryer XXL,16,249.28,3988.48,Africa
14001,2024-04-19,Beauty Products,L'Oreal Revitalift Cream,4,29.42,117.68,Oceania
14002,2025-03-10,Books,Deep Work,19,19.55,371.45,Asia
14003,2025-11-12,Sports,Callaway Golf Club Set,15,964.48,14467.20,North America
14004,2024-02-25,Electronics,Canon EOS R10 Camera,16,896.81,14348.96,Africa
14005,2024-07-16,Sports,Babolat Pure Drive Tennis Racket,18,194.84,3507.12,Africa
14006,2024-07-24,Books,The Hobbit,13,13.91,180.83,North America
14007,2025-11-27,Clothing,Nike Air Force 1,1,90.50,90.50,Middle East
14008,2024-12-23,Home Appliances,KitchenAid Stand Mixer,5,408.45,2042.25,Middle East
14009,2024-09-24,Clothing,Patagonia Fleece Jacket,19,176.61,3355.59,Asia
14010,2025-01-12,Clothing,Under Armour Training Shirt,17,43.65,742.05,Asia
14011,2025-10-16,Home Appliances,Samsung Smart Refrigerator,18,1823.75,32827.50,South America
14012,2024-07-14,Sports,Hydro Flask Sports Bottle,4,37.06,148.24,South America
14013,2024-12-28,Beauty Products,Dyson Supersonic Hair Dryer,9,409.99,3689.91,Middle East
14014,2025-04-10,Clothing,Calvin Klein Slim Fit Shirt,12,96.21,1154.52,North America
14015,2024-12-19,Clothing,Levi's 501 Jeans,16,68.64,1098.24,Middle East
14016,2025-01-10,Books,The Da Vinci Code,12,16.80,201.60,Middle East
14017,2024-09-12,Home Appliances,LG Front Load Washer,6,969.09,5814.54,Oceania
14018,2024-10-20,Sports,Hydro Flask Sports Bottle,4,41.30,165.20,Africa
14019,2025-08-09,Beauty Products,Olaplex Hair Repair Set,20,62.83,1256.60,Oceania
14020,2024-03-22,Electronics,Canon EOS R10 Camera,20,957.62,19152.40,North America
14021,2024-02-02,Books,Deep Work,10,18.17,181.70,Europe
14022,2024-02-04,Beauty Products,L'Oreal Revitalift Cream,15,31.68,475.20,Africa
14023,2024-08-13,Books,Deep Work,11,20.50,225.50,Asia
14024,2025-08-18,Sports,Everlast Boxing Gloves,15,47.76,716.40,Africa
14025,2024-11-30,Sports,Hydro Flask Sports Bottle,15,43.36,650.40,Africa
14026,2024-11-10,Books,Dune by Frank Herbert,14,27.92,390.88,North America
14027,2025-05-06,Sports,Wilson Evolution Basketball,19,31.25,593.75,Oceania
14028,2025-06-12,Clothing,North Face Down Jacket,8,240.95,1927.60,Asia
14029,2024-11-03,Beauty Products,L'Oreal Revitalift Cream,9,30.00,270.00,North America
14030,2025-03-11,Beauty Products,Chanel No. 5 Perfume,14,122.28,1711.92,South America
14031,2024-03-26,Sports,Everlast Boxing Gloves,20,47.09,941.80,North America
14032,2024-09-09,Sports,Bowflex Adjustable Dumbbells,10,402.28,4022.80,Asia
14033,2024-12-10,Clothing,Vans Old Skool Sneakers,2,77.15,154.30,Europe
14034,2024-08-21,Books,Dune by Frank Herbert,4,24.54,98.16,South America
14035,2025-06-05,Clothing,Puma Sports Hoodie,14,68.91,964.74,Middle East
14036,2025-12-22,Home Appliances,KitchenAid Stand Mixer,8,487.36,3898.88,Oceania
14037,2024-11-19,Books,The Da Vinci Code,12,16.29,195.48,Africa
14038,2024-03-30,Sports,Babolat Pure Drive Tennis Racket,19,189.68,3603.92,South America
14039,2025-08-15,Clothing,Nike Air Force 1,3,85.34,256.02,North America
14040,2025-10-15,Home Appliances,Ninja Professional Blender,19,109.67,2083.73,Asia
14041,2024-05-28,Electronics,Apple Watch Series 9,4,457.88,1831.52,Asia
14042,2024-10-28,Clothing,Columbia Rain Jacket,15,137.34,2060.10,Asia
14043,2025-06-13,Books,Deep Work,18,19.86,357.48,Asia
14044,2024-12-07,Electronics,Apple Watch Series 9,1,422.68,422.68,Africa
14045,2024-08-28,Clothing,Nike Air Force 1,4,91.79,367.16,Oceania
14046,2024-12-12,Home Appliances,iRobot Roomba j7,11,674.24,7416.64,South America
14047,2025-05-01,Electronics,Canon EOS R10 Camera,10,1002.84,10028.40,Asia
14048,2024-11-09,Sports,Bowflex Adjustable Dumbbells,20,418.66,8373.20,Middle East
14049,2024-05-06,Electronics,Samsung Galaxy Tab S8,1,704.49,704.49,South America
14050,2024-04-05,Books,"Salt, Fat, Acid, Heat by Samin Nosrat",8,35.78,286.24,Middle East
14051,2024-08-15,Home Appliances,KitchenAid Stand Mixer,8,437.23,3497.84,Asia
14052,2024-05-04,Home Appliances,iRobot Roomba j7,12,600.29,7203.48,South America
14053,2024-02-16,Beauty Products,Clinique Moisture Surge,2,45.77,91.54,Asia
14054,2024-12-27,Beauty Products,Maybelline Makeup Kit,11,54.15,595.65,Africa
14055,2025-05-26,Clothing,Under Armour Training Shirt,3,41.21,123.63,South America
14056,2024-06-05,Home Appliances,KitchenAid Stand Mixer,15,475.28,7129.20,South America
14057,2025-09-28,Electronics,Canon EOS R10 Camera,3,1035.97,3107.91,Asia
14058,2025-03-14,Beauty Products,Dyson Supersonic Hair Dryer,11,407.02,4477.22,Asia
14059,2025-11-26,Home Appliances,LG Front Load Washer,6,981.89,5891.34,South America
14060,2024-04-21,Clothing,Under Armour Training Shirt,19,38.11,724.09,Europe
14061,2025-04-09,Electronics,Samsung Galaxy Tab S8,2,687.00,1374.00,Europe
14062,2024-10-05,Home Appliances,Keurig K-Elite Coffee Maker,1,207.93,207.93,Middle East
14063,2024-11-28,Home Appliances,LG Front Load Washer,9,970.96,8738.64,Middle East
14064,2024-11-12,Books,"Salt, Fat, Acid, Heat by Samin Nosrat",3,32.28,96.84,Middle East
14065,2024-12-11,Sports,Spalding Volleyball,11,32.61,358.71,South America
14066,2024-11-19,Beauty Products,MAC Lipstick Collection,12,84.84,1018.08,Africa
14067,2025-11-27,Electronics,iPhone 14 Pro,19,1053.96,20025.24,Asia
14068,2025-04-12,Sports,Manduka PRO Yoga Mat,3,116.36,349.08,Europe
14069,2025-10-02,Home Appliances,Philips Air Fryer XXL,12,266.70,3200.40,Europe
14070,2024-06-06,Beauty Products,Dyson Supersonic Hair Dryer,6,434.45,2606.70,South America
14071,2024-07-08,Books,Deep Work,19,18.88,358.72,Europe
14072,2024-05-03,Sports,Everlast Boxing Gloves,15,54.58,818.70,Middle East
14073,2024-12-13,Books,"Salt, Fat, Acid, Heat by Samin Nosrat",8,30.40,243.20,Asia
14074,2024-02-01,Sports,Everlast Boxing Gloves,11,52.91,582.01,North America
14075,2025-04-08,Clothing,Calvin Klein Slim Fit Shirt,2,92.14,184.28,South America
14076,2025-12-28,Home Appliances,Ninja Professional Blender,17,93.75,1593.75,North America
14077,2024-04-09,Home Appliances,LG Front Load Washer,5,823.00,4115.00,Middle East
14078,2024-11-06,Books,Clean Code,10,36.17,361.70,North America
14079,2024-07-18,Clothing,Calvin Klein Slim Fit Shirt,1,91.88,91.88,Africa
14080,2025-09-25,Books,The Psychology of Money,3,19.36,58.08,North America
14081,2024-05-22,Clothing,Vans Old Skool Sneakers,10,80.65,806.50,Oceania
14082,2024-08-28,Clothing,Levi's 501 Jeans,17,64.83,1102.11,North America
14083,2024-12-27,Home Appliances,Blueair Classic 480i,9,558.69,5028.21,Asia
14084,2024-02-07,Home Appliances,Ninja Professional Blender,6,95.51,573.06,Europe
14085,2024-05-27,Clothing,Patagonia Fleece Jacket,9,192.60,1733.40,South America
14086,2024-09-15,Books,Sapiens,18,23.13,416.34,South America
14087,2025-01-01,Electronics,Dell XPS 13 Laptop,19,1234.23,23450.37,Middle East
14088,2025-01-10,Beauty Products,Maybelline Makeup Kit,15,48.66,729.90,Oceania
14089,2025-10-28,Beauty Products,Chanel No. 5 Perfume,4,135.64,542.56,North America
14090,2024-01-12,Sports,Spalding Volleyball,18,32.84,591.12,Oceania
14091,2024-01-10,Home Appliances,iRobot Roomba j7,11,654.70,7201.70,Asia
14092,2025-04-05,Sports,Babolat Pure Drive Tennis Racket,7,211.85,1482.95,Europe
14093,2024-02-29,Beauty Products,Clinique Moisture Surge,4,42.73,170.92,Asia
14094,2025-11-14,Clothing,Calvin Klein Slim Fit Shirt,10,86.68,866.80,North America
14095,2024-04-14,Clothing,Under Armour Training Shirt,4,41.76,167.04,North America
14096,2025-11-27,Sports,Spalding Volleyball,9,35.84,322.56,Asia
14097,2024-01-31,Clothing,North Face Down Jacket,6,225.92,1355.52,Oceania
14098,2024-01-06,Home Appliances,KitchenAid Stand Mixer,6,409.71,2458.26,Oceania
14099,2025-06-27,Home Appliances,Keurig K-Elite Coffee Maker,18,188.37,3390.66,South America
14100,2024-06-29,Electronics,Nintendo Switch OLED,7,368.61,2580.27,North America
14101,2024-01-20,Sports,Everlast Boxing Gloves,10,51.24,512.40,Asia
14102,2025-02-13,Beauty Products,Maybelline Makeup Kit,10,54.42,544.20,Asia
14103,2025-01-25,Electronics,MacBook Pro 16-inch,8,2449.68,19597.44,Asia
14104,2025-01-09,Books,The Hobbit,1,13.76,13.76,Africa
14105,2024-10-10,Home Appliances,iRobot Roomba j7,1,651.87,651.87,Middle East
14106,2024-04-08,Home Appliances,Ninja Professional Blender,14,98.31,1376.34,North America
14107,2024-03-12,Sports,Hydro Flask Sports Bottle,20,41.76,835.20,North America
14108,2024-09-23,Books,Atomic Habits,18,19.07,343.26,North America
14109,2025-11-29,Electronics,Google Pixel 8 Pro,18,970.39,17467.02,Asia
14110,2025-11-21,Electronics,Google Pixel 8 Pro,8,1069.54,8556.32,Asia
14111,2025-08-11,Electronics,MacBook Pro 16-inch,9,2433.48,21901.32,Asia
14112,2025-06-08,Books,Atomic Habits,5,21.95,109.75,Asia
14113,2024-08-16,Electronics,Dell XPS 13 Laptop,9,1343.18,12088.62,South America
14114,2024-05-04,Clothing,North Face Down Jacket,3,251.32,753.96,North America
14115,2025-10-25,Beauty Products,Neutrogena Skincare Set,13,91.30,1186.90,Middle East
14116,2024-03-18,Clothing,Puma Sports Hoodie,12,71.89,862.68,Middle East
14117,2025-02-07,Books,Sapiens,7,23.91,167.37,Africa
14118,2024-10-19,Clothing,Adidas Ultraboost Shoes,10,176.78,1767.80,Middle East
14119,2025-11-10,Electronics,Dell XPS 13 Laptop,17,1171.87,19921.79,South America
14120,2024-07-18,Electronics,Dell XPS 13 Laptop,12,1375.48,16505.76,South America
14121,2024-02-12,Sports,Hydro Flask Sports Bottle,14,42.26,591.64,South America
14122,2024-06-17,Home Appliances,Philips Air Fryer XXL,17,261.46,4444.82,North America
14123,2024-07-19,Home Appliances,Keurig K-Elite Coffee Maker,15,202.82,3042.30,Africa
14124,2024-01-27,Clothing,Nike Air Force 1,18,88.39,1591.02,Europe
14125,2024-03-10,Beauty Products,CeraVe Hydrating Cleanser,6,17.28,103.68,Europe
14126,2024-11-02,Books,Dune by Frank Herbert,4,24.41,97.64,Europe
14127,2024-12-06,Books,Deep Work,4,19.71,78.84,Africa
14128,2024-09-28,Books,The Psychology of Money,17,16.21,275.57,Africa
14129,2025-08-02,Clothing,Under Armour Training Shirt,18,43.00,774.00,Europe
14130,2025-05-21,Beauty Products,Dyson Supersonic Hair Dryer,11,397.18,4368.98,North America
14131,2025-02-15,Home Appliances,Samsung Smart Refrigerator,5,1822.55,9112.75,Oceania
14132,2024-11-05,Clothing,Patagonia Fleece Jacket,2,179.02,358.04,Oceania
14133,2024-12-28,Books,The Hobbit,3,14.50,43.50,South America
14134,2024-10-19,Home Appliances,Keurig K-Elite Coffee Maker,8,177.53,1420.24,Asia
14135,2025-06-21,Electronics,Apple Watch Series 9,10,415.89,4158.90,Africa
14136,2024-03-04,Sports,Callaway Golf Club Set,9,974.08,8766.72,Europe
14137,2024-08-26,Electronics,Nintendo Switch OLED,6,383.59,2301.54,Middle East
14138,2024-12-22,Sports,Hydro Flask Sports Bottle,1,36.92,36.92,North America
14139,2024-10-01,Electronics,Garmin Forerunner 945,7,488.58,3420.06,Oceania
14140,2024-06-16,Electronics,Google Pixel 8 Pro,4,970.71,3882.84,Asia
14141,2025-06-12,Clothing,North Face Down Jacket,14,251.17,3516.38,North America
14142,2025-12-22,Home Appliances,Philips Air Fryer XXL,10,269.75,2697.50,Middle East
14143,2025-07-29,Electronics,MacBook Pro 16-inch,9,2577.45,23197.05,Asia
14144,2024-09-14,Home Appliances,KitchenAid Stand Mixer,9,410.60,3695.40,Oceania
14145,2024-03-12,Electronics,iPhone 14 Pro,5,901.75,4508.75,North America
14146,2025-09-19,Clothing,Calvin Klein Slim Fit Shirt,18,91.95,1655.10,South America
14147,2024-10-02,Clothing,Vans Old Skool Sneakers,10,76.13,761.30,Africa
14148,2025-10-27,Beauty Products,MAC Lipstick Collection,19,73.61,1398.59,Middle East
14149,2025-03-19,Electronics,Canon EOS R10 Camera,7,985.68,6899.76,Asia
14150,2024-10-24,Books,Dune by Frank Herbert,9,24.33,218.97,Oceania
14151,2025-07-09,Clothing,North Face Down Jacket,11,254.60,2800.60,Oceania
14152,2024-06-12,Sports,Callaway Golf Club Set,1,959.16,959.16,North America
14153,2025-04-12,Home Appliances,Ninja Professional Blender,20,109.70,2194.00,Oceania
14154,2025-12-10,Beauty Products,Olaplex Hair Repair Set,3,58.58,175.74,North America
14155,2025-12-04,Beauty Products,Dyson Supersonic Hair Dryer,11,387.02,4257.22,Africa
14156,2025-10-23,Sports,Fitbit Charge 6,12,154.81,1857.72,North America
14157,2024-04-05,Sports,Fitbit Charge 6,6,145.54,873.24,Oceania
14158,2025-02-21,Electronics,Nintendo Switch OLED,19,382.03,7258.57,Asia
14159,2024-01-09,Sports,Wilson Evolution Basketball,17,31.14,529.38,Africa
14160,2025-11-20,Electronics,MacBook Pro 16-inch,1,2527.78,2527.78,Africa
14161,2024-11-20,Beauty Products,Maybelline Makeup Kit,20,53.07,1061.40,Africa
14162,2025-06-20,Clothing,Under Armour Training Shirt,7,36.35,254.45,Africa
14163,2025-10-30,Electronics,Google Pixel 8 Pro,4,1021.75,4087.00,Middle East
14164,2025-02-10,Beauty Products,The Ordinary Serum Set,17,36.21,615.57,South America
14165,2024-07-06,Home Appliances,Philips Air Fryer XXL,15,255.20,3828.00,Middle East
14166,2024-02-12,Electronics,Google Pixel 8 Pro,10,919.42,9194.20,North America
14167,2024-05-03,Clothing,Puma Sports Hoodie,19,81.85,1555.15,Middle East
14168,2024-09-02,Books,Deep Work,14,20.72,290.08,Europe
14169,2024-07-02,Sports,Spalding Volleyball,7,32.25,225.75,Europe
14170,2025-09-17,Beauty Products,MAC Lipstick Collection,8,72.29,578.32,Asia
14171,2024-11-27,Beauty Products,Chanel No. 5 Perfume,16,141.56,2264.96,Asia
14172,2025-05-13,Home Appliances,Dyson V11 Vacuum,9,532.02,4788.18,Asia
14173,2024-03-30,Beauty Products,Olaplex Hair Repair Set,10,65.21,652.10,South America
14174,2024-02-23,Electronics,Canon EOS R10 Camera,8,1051.50,8412.00,Africa
14175,2024-09-14,Sports,Adidas FIFA Soccer Ball,20,41.58,831.60,Middle East
14176,2024-11-19,Beauty Products,MAC Lipstick Collection,1,85.15,85.15,Europe
14177,2025-08-26,Sports,Callaway Golf Club Set,8,982.51,7860.08,Asia
14178,2024-01-06,Electronics,Dell XPS 13 Laptop,19,1290.89,24526.91,Africa
14179,2025-05-19,Clothing,Patagonia Fleece Jacket,1,194.25,194.25,North America
14180,2025-09-06,Home Appliances,Blueair Classic 480i,14,603.04,8442.56,South America
14181,2024-09-11,Home Appliances,Dyson V11 Vacuum,17,489.95,8329.15,Africa
14182,2024-08-07,Sports,Everlast Boxing Gloves,8,45.20,361.60,Africa
14183,2024-05-16,Home Appliances,Instant Pot Duo 7-in-1,3,138.53,415.59,South America
14184,2024-04-16,Home Appliances,Keurig K-Elite Coffee Maker,19,177.23,3367.37,Oceania
14185,2025-01-21,Books,Atomic Habits,6,18.00,108.00,Africa
14186,2025-05-29,Sports,Spalding Volleyball,18,37.61,676.98,North America
14187,2025-02-06,Books,The Da Vinci Code,12,15.32,183.84,South America
14188,2024-06-01,Home Appliances,Philips Air Fryer XXL,8,249.73,1997.84,South America
14189,2024-06-21,Clothing,Nike Air Force 1,7,91.50,640.50,Oceania
14190,2024-04-05,Electronics,Google Pixel 8 Pro,18,1053.87,18969.66,Oceania
14191,2024-02-15,Home Appliances,Philips Air Fryer XXL,1,232.97,232.97,Europe
14192,2025-07-14,Electronics,Nintendo Switch OLED,19,353.13,6709.47,Middle East
14193,2025-07-10,Sports,Callaway Golf Club Set,13,940.26,12223.38,Europe
14194,2024-01-27,Books,"Salt, Fat, Acid, Heat by Samin Nosrat",7,31.54,220.78,North America
14195,2025-04-17,Electronics,MacBook Pro 16-inch,18,2494.90,44908.20,South America
14196,2025-12-26,Beauty Products,Dyson Supersonic Hair Dryer,3,463.56,1390.68,South America
14197,2024-07-10,Sports,Fitbit Charge 6,18,151.75,2731.50,South America
14198,2024-02-01,Beauty Products,Chanel No. 5 Perfume,5,129.26,646.30,South America
14199,2024-03-10,Clothing,Vans Old Skool Sneakers,4,86.08,344.32,Africa
14200,2024-12-13,Home Appliances,KitchenAid Stand Mixer,11,481.18,5292.98,Europe
14201,2025-12-07,Clothing,Nike Air Force 1,12,90.77,1089.24,North America
14202,2025-03-04,Sports,Hydro Flask Sports Bottle,18,43.75,787.50,Asia
14203,2024-01-17,Books,Clean Code,5,36.31,181.55,Asia
14204,2024-05-01,Electronics,Samsung Galaxy Tab S8,19,768.61,14603.59,Middle East
14205,2025-05-24,Sports,Adidas FIFA Soccer Ball,1,41.34,41.34,Europe
14206,2025-04-27,Electronics,Sony WH-1000XM5 Headphones,5,414.74,2073.70,Asia
14207,2024-07-21,Beauty Products,Dyson Supersonic Hair Dryer,5,465.32,2326.60,Africa
14208,2024-01-16,Clothing,North Face Down Jacket,10,265.12,2651.20,Africa
14209,2025-03-29,Beauty Products,Olaplex Hair Repair Set,10,61.72,617.20,North America
14210,2025-11-15,Beauty Products,Olaplex Hair Repair Set,2,57.02,114.04,Asia
14211,2025-07-05,Clothing,Adidas Ultraboost Shoes,18,194.23,3496.14,Middle East
14212,2024-05-11,Sports,Callaway Golf Club Set,11,960.41,10564.51,Africa
14213,2025-10-28,Beauty Products,The Ordinary Serum Set,17,37.25,633.25,Europe
14214,2025-06-20,Beauty Products,Dyson Supersonic Hair Dryer,13,453.10,5890.30,North America
14215,2025-06-14,Sports,Manduka PRO Yoga Mat,17,122.06,2075.02,Africa
14216,2025-03-31,Sports,Everlast Boxing Gloves,3,46.09,138.27,Oceania
14217,2025-01-06,Electronics,Samsung Galaxy Tab S8,9,680.68,6126.12,Africa
14218,2024-12-06,Beauty Products,Neutrogena Skincare Set,2,84.40,168.80,Asia
14219,2025-07-14,Sports,Fitbit Charge 6,2,160.48,320.96,Asia
14220,2024-11-30,Clothing,Puma Sports Hoodie,2,73.21,146.42,Asia
14221,2024-06-16,Books,Clean Code,15,39.82,597.30,North America
14222,2024-02-13,Home Appliances,Samsung Smart Refrigerator,11,1781.14,19592.54,Africa
14223,2024-01-21,Clothing,Nike Air Force 1,16,91.70,1467.20,North America
14224,2025-07-02,Electronics,Canon EOS R10 Camera,7,949.30,6645.10,Africa
14225,2024-10-12,Beauty Products,Clinique Moisture Surge,11,44.95,494.45,Africa
14226,2025-02-03,Home Appliances,Samsung Smart Refrigerator,18,1747.37,31452.66,Asia
14227,2024-12-04,Sports,Babolat Pure Drive Tennis Racket,8,202.90,1623.20,North America
14228,2025-07-24,Beauty Products,MAC Lipstick Collection,20,73.65,1473.00,Asia
14229,2024-04-01,Clothing,Adidas Ultraboost Shoes,16,186.89,2990.24,Middle East
14230,2025-10-12,Books,"Salt, Fat, Acid, Heat by Samin Nosrat",9,33.64,302.76,North America
14231,2025-03-29,Sports,Babolat Pure Drive Tennis Racket,6,207.46,1244.76,Asia
14232,2024-02-06,Clothing,Patagonia Fleece Jacket,1,195.08,195.08,South America
14233,2025-03-18,Home Appliances,Ninja Professional Blender,2,100.35,200.70,Asia
14234,2025-12-07,Beauty Products,Olaplex Hair Repair Set,17,65.32,1110.44,South America
14235,2024-11-11,Electronics,Nintendo Switch OLED,18,380.14,6842.52,Asia
14236,2024-11-24,Beauty Products,MAC Lipstick Collection,1,74.50,74.50,Middle East
14237,2024-12-31,Home Appliances,LG Front Load Washer,8,960.56,7684.48,Middle East
14238,2024-04-23,Sports,Everlast Boxing Gloves,19,49.48,940.12,Africa
14239,2024-08-28,Beauty Products,Maybelline Makeup Kit,9,51.62,464.58,North America
14240,2025-07-01,Electronics,Dell XPS 13 Laptop,5,1248.50,6242.50,Asia
14241,2025-07-21,Electronics,iPhone 14 Pro,18,1047.50,18855.00,South America
14242,2024-03-28,Home Appliances,Samsung Smart Refrigerator,8,2066.34,16530.72,Africa
14243,2025-10-07,Sports,Wilson Evolution Basketball,12,27.06,324.72,South America
14244,2025-08-19,Books,The Hobbit,12,14.59,175.08,South America
14245,2024-06-02,Books,The Hobbit,16,14.85,237.60,Europe
14246,2025-04-17,Books,Deep Work,7,17.66,123.62,Europe
14247,2024-07-10,Clothing,Vans Old Skool Sneakers,8,85.33,682.64,South America
14248,2025-10-09,Beauty Products,Neutrogena Skincare Set,12,88.48,1061.76,Asia
14249,2025-11-17,Clothing,Nike Air Force 1,17,82.91,1409.47,South America
14250,2025-09-27,Electronics,Dell XPS 13 Laptop,6,1402.83,8416.98,South America
14251,2024-12-11,Beauty Products,Clinique Moisture Surge,2,48.90,97.80,Africa
14252,2025-11-30,Beauty Products,Chanel No. 5 Perfume,4,134.26,537.04,Middle East
14253,2025-12-17,Home Appliances,Keurig K-Elite Coffee Maker,12,204.59,2455.08,Europe
14254,2024-05-12,Electronics,Nintendo Switch OLED,14,365.61,5118.54,Africa
14255,2025-06-27,Books,Deep Work,14,19.81,277.34,North America
14256,2024-06-21,Clothing,Columbia Rain Jacket,12,138.25,1659.00,Africa
14257,2024-01-19,Electronics,Samsung Galaxy Tab S8,16,705.34,11285.44,North America
14258,2024-12-29,Beauty Products,The Ordinary Serum Set,13,39.95,519.35,Oceania
14259,2025-08-21,Sports,Callaway Golf Club Set,4,812.09,3248.36,Asia
14260,2025-12-24,Clothing,Patagonia Fleece Jacket,1,193.03,193.03,North America
14261,2024-11-11,Clothing,Patagonia Fleece Jacket,16,186.27,2980.32,Africa
14262,2024-07-03,Electronics,Garmin Forerunner 945,10,516.14,5161.40,Oceania
14263,2024-07-09,Home Appliances,Blueair Classic 480i,18,596.69,10740.42,Africa
14264,2024-05-08,Clothing,Patagonia Fleece Jacket,10,192.15,1921.50,Europe
14265,2024-11-12,Books,Sapiens,2,24.90,49.80,North America
14266,2025-11-18,Home Appliances,KitchenAid Stand Mixer,7,409.96,2869.72,Asia
14267,2025-03-14,Home Appliances,Ninja Professional Blender,5,94.82,474.10,Oceania
14268,2025-06-25,Books,Dune by Frank Herbert,12,27.32,327.84,North America
14269,2024-10-04,Sports,Fitbit Charge 6,12,151.11,1813.32,Asia
14270,2025-01-26,Sports,Bowflex Adjustable Dumbbells,4,419.01,1676.04,Middle East
14271,2024-01-10,Clothing,Adidas Ultraboost Shoes,12,194.32,2331.84,North America
14272,2025-04-12,Sports,Hydro Flask Sports Bottle,6,43.18,259.08,Europe
14273,2024-02-16,Home Appliances,Ninja Professional Blender,5,94.22,471.10,Oceania
14274,2025-04-01,Books,The Hobbit,17,15.70,266.90,Asia
14275,2025-12-04,Beauty Products,The Ordinary Serum Set,5,36.77,183.85,North America
14276,2024-04-06,Books,Deep Work,4,20.20,80.80,South America
14277,2025-06-25,Electronics,Dell XPS 13 Laptop,20,1253.73,25074.60,Europe
14278,2025-01-16,Home Appliances,Ninja Professional Blender,17,95.09,1616.53,Europe
14279,2024-12-28,Electronics,MacBook Pro 16-inch,8,2667.19,21337.52,Africa
14280,2024-08-23,Home Appliances,Instant Pot Duo 7-in-1,11,142.61,1568.71,Asia
14281,2025-01-12,Home Appliances,LG Front Load Washer,18,836.68,15060.24,South America
14282,2025-07-09,Beauty Products,Clinique Moisture Surge,17,45.27,769.59,Asia
14283,2024-07-03,Home Appliances,Samsung Smart Refrigerator,19,1851.91,35186.29,Asia
14284,2025-06-16,Home Appliances,Dyson V11 Vacuum,8,508.04,4064.32,Oceania
14285,2025-01-11,Books,Dune by Frank Herbert,19,25.54,485.26,Africa
14286,2025-12-16,Clothing,Nike Air Force 1,6,84.94,509.64,Africa
14287,2025-06-12,Sports,Hydro Flask Sports Bottle,14,36.54,511.56,Oceania
14288,2025-03-29,Sports,Fitbit Charge 6,20,157.52,3150.40,Oceania
14289,2024-04-14,Sports,Wilson Evolution Basketball,7,30.58,214.06,Africa
14290,2024-09-11,Clothing,Columbia Rain Jacket,3,142.55,427.65,Africa
14291,2025-04-22,Clothing,Vans Old Skool Sneakers,4,75.86,303.44,North America
14292,2024-11-27,Electronics,Google Pixel 8 Pro,1,915.70,915.70,Oceania
14293,2024-11-16,Books,Clean Code,17,37.77,642.09,Europe
14294,2025-02-22,Electronics,Canon EOS R10 Camera,18,965.05,17370.90,North America
14295,2025-03-24,Sports,Bowflex Adjustable Dumbbells,4,448.19,1792.76,Oceania
14296,2025-08-06,Electronics,Google Pixel 8 Pro,17,994.74,16910.58,Europe
14297,2025-05-05,Clothing,North Face Down Jacket,4,265.32,1061.28,Middle East
14298,2024-09-07,Beauty Products,CeraVe Hydrating Cleanser,12,20.27,243.24,North America
14299,2025-06-17,Clothing,Adidas Ultraboost Shoes,13,190.13,2471.69,North America
14300,2024-06-01,Sports,Bowflex Adjustable Dumbbells,4,471.56,1886.24,Asia
14301,2025-05-31,Books,"Salt, Fat, Acid, Heat by Samin Nosrat",19,34.01,646.19,Middle East
14302,2025-09-18,Electronics,Samsung Galaxy Tab S8,14,768.78,10762.92,Oceania
14303,2025-05-03,Sports,Manduka PRO Yoga Mat,6,123.95,743.70,Africa
14304,2025-05-12,Home Appliances,Blueair Classic 480i,19,620.19,11783.61,Asia
14305,2025-05-03,Electronics,Nintendo Switch OLED,8,320.94,2567.52,North America
14306,2025-06-17,Electronics,iPhone 14 Pro,16,974.99,15599.84,Oceania
14307,2025-06-12,Clothing,Calvin Klein Slim Fit Shirt,16,83.68,1338.88,Asia
14308,2025-04-05,Clothing,Columbia Rain Jacket,11,140.02,1540.22,North America
14309,2025-01-10,Clothing,Under Armour Training Shirt,13,36.37,472.81,South America
14310,2025-10-27,Sports,Everlast Boxing Gloves,18,52.94,952.92,Africa
14311,2024-08-20,Sports,Spalding Volleyball,15,32.56,488.40,South America
14312,2025-01-04,Books,Clean Code,13,37.20,483.60,Asia
14313,2025-01-22,Beauty Products,L'Oreal Revitalift Cream,14,29.85,417.90,Africa
14314,2024-03-25,Sports,Hydro Flask Sports Bottle,7,36.75,257.25,North America
14315,2024-08-29,Electronics,Dell XPS 13 Laptop,19,1310.07,24891.33,Africa
14316,2024-09-23,Home Appliances,Philips Air Fryer XXL,13,244.20,3174.60,North America
14317,2024-10-25,Sports,Adidas FIFA Soccer Ball,1,40.14,40.14,Africa
14318,2024-09-19,Beauty Products,The Ordinary Serum Set,11,38.94,428.34,Europe
14319,2025-10-26,Home Appliances,Keurig K-Elite Coffee Maker,2,198.61,397.22,Asia
14320,2024-09-19,Home Appliances,Ninja Professional Blender,7,94.69,662.83,Asia
14321,2024-12-06,Beauty Products,CeraVe Hydrating Cleanser,18,19.65,353.70,North America
14322,2024-02-01,Beauty Products,Neutrogena Skincare Set,16,82.58,1321.28,Asia
14323,2025-09-26,Sports,Adidas FIFA Soccer Ball,14,40.22,563.08,Europe
14324,2025-12-19,Home Appliances,KitchenAid Stand Mixer,2,422.88,845.76,North America
14325,2024-04-21,Sports,Adidas FIFA Soccer Ball,13,39.41,512.33,South America
14326,2025-05-12,Clothing,Calvin Klein Slim Fit Shirt,16,96.62,1545.92,Europe
14327,2025-11-20,Home Appliances,Dyson V11 Vacuum,11,454.70,5001.70,Asia
14328,2025-06-10,Beauty Products,Neutrogena Skincare Set,13,84.60,1099.80,Asia
14329,2025-12-07,Books,Clean Code,10,43.02,430.20,Africa
14330,2024-07-07,Clothing,Levi's 501 Jeans,18,66.25,1192.50,Asia
14331,2025-11-14,Clothing,Calvin Klein Slim Fit Shirt,5,98.45,492.25,South America
14332,2024-08-09,Sports,Spalding Volleyball,4,35.05,140.20,Africa
14333,2025-07-03,Sports,Adidas FIFA Soccer Ball,8,38.80,310.40,Asia
14334,2024-08-06,Electronics,iPhone 14 Pro,2,1015.64,2031.28,North America
14335,2025-02-26,Electronics,Samsung Galaxy Tab S8,8,687.07,5496.56,Europe
14336,2024-01-05,Clothing,Vans Old Skool Sneakers,18,82.99,1493.82,Asia
14337,2024-09-02,Home Appliances,Blueair Classic 480i,19,542.41,10305.79,Oceania
14338,2025-12-10,Sports,Babolat Pure Drive Tennis Racket,11,196.77,2164.47,Africa
14339,2025-12-12,Electronics,Dell XPS 13 Laptop,18,1401.48,25226.64,Middle East
14340,2024-02-09,Beauty Products,Clinique Moisture Surge,13,49.47,643.11,South America
14341,2024-05-20,Sports,Spalding Volleyball,1,34.82,34.82,Oceania
14342,2025-06-12,Electronics,Google Pixel 8 Pro,5,1020.21,5101.05,Asia
14343,2025-04-05,Home Appliances,LG Front Load Washer,5,863.26,4316.30,Africa
14344,2025-04-27,Books,Dune by Frank Herbert,16,25.03,400.48,Middle East
14345,2025-12-08,Books,"Salt, Fat, Acid, Heat by Samin Nosrat",15,34.86,522.90,Africa
14346,2024-04-24,Clothing,Levi's 501 Jeans,15,63.75,956.25,Oceania
14347,2025-01-08,Sports,Fitbit Charge 6,5,168.96,844.80,Africa
14348,2024-05-31,Home Appliances,Dyson V11 Vacuum,6,538.47,3230.82,Africa
14349,2024-11-14,Home Appliances,Blueair Classic 480i,11,655.71,7212.81,Europe
14350,2025-05-07,Sports,Bowflex Adjustable Dumbbells,4,451.01,1804.04,North America
14351,2025-05-27,Sports,Wilson Evolution Basketball,13,27.41,356.33,Europe
14352,2024-11-23,Electronics,Apple Watch Series 9,8,404.40,3235.20,North America
14353,2024-09-28,Beauty Products,Dyson Supersonic Hair Dryer,17,390.90,6645.30,South America
14354,2025-03-12,Beauty Products,The Ordinary Serum Set,17,43.08,732.36,Middle East
14355,2025-04-03,Clothing,Adidas Ultraboost Shoes,1,184.94,184.94,Middle East
14356,2024-11-27,Home Appliances,Dyson V11 Vacuum,5,508.87,2544.35,Middle East
14357,2025-05-25,Beauty Products,Dyson Supersonic Hair Dryer,18,423.89,7630.02,Asia
14358,2024-03-26,Home Appliances,Ninja Professional Blender,5,103.73,518.65,Europe
14359,2024-06-04,Clothing,Under Armour Training Shirt,8,41.28,330.24,Africa
14360,2024-09-18,Beauty Products,Olaplex Hair Repair Set,13,62.67,814.71,Middle East
14361,2024-03-31,Sports,Bowflex Adjustable Dumbbells,5,408.81,2044.05,North America
14362,2024-01-29,Sports,Everlast Boxing Gloves,13,48.07,624.91,Europe
14363,2025-10-12,Books,The Psychology of Money,13,19.15,248.95,Europe
14364,2025-08-23,Sports,Spalding Volleyball,14,33.54,469.56,South America
14365,2024-09-15,Beauty Products,Olaplex Hair Repair Set,12,54.86,658.32,Europe
14366,2024-10-07,Sports,Bowflex Adjustable Dumbbells,20,413.77,8275.40,Europe
14367,2024-07-06,Sports,Everlast Boxing Gloves,8,50.82,406.56,Asia
14368,2025-04-09,Books,Dune by Frank Herbert,1,24.35,24.35,Europe
14369,2024-07-02,Home Appliances,Instant Pot Duo 7-in-1,17,130.63,2220.71,Middle East
14370,2024-03-17,Clothing,Calvin Klein Slim Fit Shirt,10,96.17,961.70,North America
14371,2024-08-27,Home Appliances,Philips Air Fryer XXL,15,248.85,3732.75,Africa
14372,2025-01-07,Sports,Hydro Flask Sports Bottle,6,42.40,254.40,Europe
14373,2025-09-29,Sports,Everlast Boxing Gloves,7,53.32,373.24,South America
14374,2025-03-20,Electronics,Nintendo Switch OLED,17,345.53,5874.01,Oceania
14375,2024-08-19,Electronics,Sony WH-1000XM5 Headphones,10,362.87,3628.70,Europe
14376,2025-02-09,Electronics,Apple Watch Series 9,12,419.38,5032.56,South America
14377,2025-07-20,Books,The Da Vinci Code,4,14.80,59.20,Africa
14378,2024-12-20,Electronics,Google Pixel 8 Pro,11,922.35,10145.85,South America
14379,2024-09-03,Home Appliances,Samsung Smart Refrigerator,13,2061.79,26803.27,Europe
14380,2024-11-27,Beauty Products,Clinique Moisture Surge,12,44.28,531.36,Oceania
14381,2024-05-07,Sports,Fitbit Charge 6,13,173.24,2252.12,South America
14382,2025-07-29,Home Appliances,Dyson V11 Vacuum,1,483.13,483.13,Middle East
14383,2025-09-17,Home Appliances,Keurig K-Elite Coffee Maker,2,197.14,394.28,North America
14384,2025-05-20,Books,Clean Code,14,36.41,509.74,North America
14385,2024-07-22,Home Appliances,Philips Air Fryer XXL,7,269.32,1885.24,South America
14386,2024-12-08,Electronics,MacBook Pro 16-inch,20,2319.66,46393.20,Europe
14387,2025-01-05,Books,Clean Code,20,38.07,761.40,Europe
14388,2025-10-15,Electronics,Sony WH-1000XM5 Headphones,3,410.52,1231.56,Oceania
14389,2024-03-24,Books,Sapiens,19,24.73,469.87,Oceania
14390,2024-02-12,Sports,Babolat Pure Drive Tennis Racket,3,219.15,657.45,Africa
14391,2025-07-26,Electronics,Google Pixel 8 Pro,2,948.43,1896.86,Middle East
14392,2024-06-21,Books,The Hobbit,1,15.37,15.37,Middle East
14393,2024-03-30,Clothing,Levi's 501 Jeans,5,72.07,360.35,South America
14394,2024-07-26,Beauty Products,Neutrogena Skincare Set,16,86.55,1384.80,North America
14395,2025-04-19,Books,Clean Code,11,38.88,427.68,Africa
14396,2024-08-11,Beauty Products,Olaplex Hair Repair Set,9,62.34,561.06,Europe
14397,2025-08-12,Electronics,Dell XPS 13 Laptop,8,1283.00,10264.00,Asia
14398,2024-06-28,Electronics,Dell XPS 13 Laptop,9,1222.89,11006.01,Middle East
14399,2025-05-26,Electronics,Sony WH-1000XM5 Headphones,15,437.09,6556.35,North America
14400,2024-11-05,Beauty Products,L'Oreal Revitalift Cream,6,28.14,168.84,South America
14401,2025-04-17,Books,Clean Code,15,40.86,612.90,Middle East
14402,2025-10-23,Books,"Salt, Fat, Acid, Heat by Samin Nosrat",5,34.10,170.50,Africa
14403,2025-05-25,Electronics,Sony WH-1000XM5 Headphones,6,409.27,2455.62,North America
14404,2024-08-09,Electronics,Samsung Galaxy Tab S8,15,704.77,10571.55,Asia
14405,2025-08-06,Sports,Wilson Evolution Basketball,16,30.67,490.72,Asia
14406,2025-09-16,Home Appliances,KitchenAid Stand Mixer,16,435.53,6968.48,Oceania
14407,2025-05-14,Beauty Products,CeraVe Hydrating Cleanser,12,18.96,227.52,Europe
14408,2024-02-29,Electronics,Nintendo Switch OLED,20,343.11,6862.20,South America
14409,2024-05-30,Beauty Products,Olaplex Hair Repair Set,14,60.25,843.50,Asia
14410,2024-06-20,Beauty Products,Neutrogena Skincare Set,3,82.43,247.29,North America
14411,2024-04-21,Clothing,Vans Old Skool Sneakers,15,82.92,1243.80,Oceania
14412,2025-02-23,Books,"Salt, Fat, Acid, Heat by Samin Nosrat",15,33.40,501.00,Middle East
14413,2024-12-14,Clothing,Columbia Rain Jacket,10,137.84,1378.40,Africa
14414,2024-08-09,Sports,Bowflex Adjustable Dumbbells,15,471.31,7069.65,Asia
14415,2024-12-23,Electronics,Dell XPS 13 Laptop,4,1415.84,5663.36,North America
14416,2025-10-12,Home Appliances,LG Front Load Washer,18,850.33,15305.94,Middle East
14417,2025-05-20,Home Appliances,Instant Pot Duo 7-in-1,9,125.84,1132.56,South America
14418,2025-04-15,Sports,Everlast Boxing Gloves,12,47.62,571.44,Asia
14419,2024-07-04,Books,Atomic Habits,17,21.72,369.24,Africa
14420,2025-10-06,Beauty Products,Chanel No. 5 Perfume,5,126.15,630.75,Asia
14421,2024-04-29,Books,Deep Work,16,20.20,323.20,Europe
14422,2025-06-12,Books,Dune by Frank Herbert,19,25.49,484.31,Oceania
14423,2024-04-26,Books,Dune by Frank Herbert,16,24.31,388.96,Africa
14424,2025-01-13,Sports,Fitbit Charge 6,4,150.32,601.28,Asia
14425,2025-05-01,Sports,Adidas FIFA Soccer Ball,2,40.44,80.88,North America
14426,2024-06-07,Sports,Spalding Volleyball,19,37.25,707.75,North America
14427,2025-04-03,Home Appliances,Blueair Classic 480i,11,610.15,6711.65,Oceania
14428,2025-01-05,Sports,Hydro Flask Sports Bottle,8,36.76,294.08,Asia
14429,2024-10-24,Books,"Salt, Fat, Acid, Heat by Samin Nosrat",16,33.39,534.24,South America
14430,2024-09-26,Beauty Products,Olaplex Hair Repair Set,7,59.05,413.35,North America
14431,2025-07-16,Clothing,Under Armour Training Shirt,6,40.59,243.54,South America
14432,2024-10-29,Beauty Products,Maybelline Makeup Kit,5,54.02,270.10,Africa
14433,2024-11-18,Clothing,Levi's 501 Jeans,7,75.92,531.44,Africa
14434,2024-03-27,Beauty Products,Clinique Moisture Surge,6,45.50,273.00,Oceania
14435,2025-04-19,Clothing,Levi's 501 Jeans,6,63.23,379.38,Asia
14436,2024-11-04,Home Appliances,Instant Pot Duo 7-in-1,15,142.01,2130.15,North America
14437,2025-06-26,Sports,Babolat Pure Drive Tennis Racket,7,204.12,1428.84,Africa
14438,2024-07-27,Home Appliances,iRobot Roomba j7,12,587.72,7052.64,Middle East
14439,2025-07-21,Books,The Psychology of Money,14,16.30,228.20,Middle East
14440,2024-12-03,Sports,Manduka PRO Yoga Mat,20,120.21,2404.20,Africa
14441,2025-06-06,Sports,Spalding Volleyball,4,32.99,131.96,North America
14442,2024-05-16,Home Appliances,Samsung Smart Refrigerator,16,1847.62,29561.92,Africa
14443,2025-08-12,Electronics,Canon EOS R10 Camera,20,894.05,17881.00,Middle East
14444,2025-04-17,Clothing,Adidas Ultraboost Shoes,7,198.05,1386.35,South America
14445,2025-08-17,Electronics,iPhone 14 Pro,4,1007.37,4029.48,Oceania
14446,2025-06-28,Beauty Products,The Ordinary Serum Set,19,38.19,725.61,Middle East
14447,2025-03-01,Books,"Salt, Fat, Acid, Heat by Samin Nosrat",7,31.91,223.37,Asia
14448,2025-04-19,Sports,Everlast Boxing Gloves,2,45.86,91.72,Oceania
14449,2025-08-09,Home Appliances,Instant Pot Duo 7-in-1,4,122.17,488.68,North America
14450,2025-03-27,Books,Dune by Frank Herbert,1,26.45,26.45,Africa
14451,2025-11-27,Books,"Salt, Fat, Acid, Heat by Samin Nosrat",14,33.64,470.96,Oceania
14452,2025-06-01,Clothing,Patagonia Fleece Jacket,7,165.81,1160.67,South America
14453,2024-03-05,Electronics,Dell XPS 13 Laptop,4,1251.60,5006.40,Middle East
14454,2024-04-25,Sports,Everlast Boxing Gloves,15,54.11,811.65,North America
14455,2025-02-01,Books,"Salt, Fat, Acid, Heat by Samin Nosrat",18,35.38,636.84,Asia
14456,2025-12-25,Beauty Products,Clinique Moisture Surge,8,41.84,334.72,Middle East
14457,2024-08-07,Sports,Fitbit Charge 6,5,145.82,729.10,Oceania
14458,2025-01-12,Electronics,Dell XPS 13 Laptop,11,1235.87,13594.57,South America
14459,2024-02-17,Electronics,Google Pixel 8 Pro,13,986.95,12830.35,Middle East
14460,2025-05-02,Beauty Products,L'Oreal Revitalift Cream,16,27.90,446.40,South America
14461,2025-01-06,Clothing,Columbia Rain Jacket,17,133.82,2274.94,Middle East
14462,2024-09-04,Beauty Products,Olaplex Hair Repair Set,10,59.95,599.50,South America
14463,2024-10-13,Sports,Callaway Golf Club Set,7,865.03,6055.21,North America
14464,2025-03-14,Home Appliances,Instant Pot Duo 7-in-1,4,141.19,564.76,South America
14465,2024-09-14,Electronics,MacBook Pro 16-inch,10,2329.95,23299.50,Africa
14466,2024-12-27,Electronics,Google Pixel 8 Pro,1,992.35,992.35,South America
14467,2025-12-25,Electronics,Nintendo Switch OLED,10,350.21,3502.10,Oceania
14468,2025-12-06,Home Appliances,Dyson V11 Vacuum,16,494.63,7914.08,North America
14469,2025-06-09,Home Appliances,Blueair Classic 480i,3,610.29,1830.87,Africa
14470,2025-05-19,Clothing,Columbia Rain Jacket,12,138.60,1663.20,Asia
14471,2024-01-23,Books,The Psychology of Money,15,18.58,278.70,North America
14472,2025-06-14,Beauty Products,Dyson Supersonic Hair Dryer,3,434.45,1303.35,Asia
14473,2025-09-15,Electronics,Dell XPS 13 Laptop,13,1214.51,15788.63,South America
14474,2024-02-19,Books,Dune by Frank Herbert,4,23.67,94.68,Asia
14475,2024-12-28,Beauty Products,Chanel No. 5 Perfume,3,120.00,360.00,Middle East
14476,2025-04-16,Books,The Da Vinci Code,7,17.25,120.75,Europe
14477,2024-07-17,Sports,Adidas FIFA Soccer Ball,16,40.11,641.76,Europe
14478,2025-06-10,Clothing,Under Armour Training Shirt,18,43.20,777.60,Asia
14479,2025-09-25,Clothing,Under Armour Training Shirt,12,38.03,456.36,Europe
14480,2025-04-13,Beauty Products,Maybelline Makeup Kit,13,48.39,629.07,Middle East
14481,2025-06-10,Sports,Wilson Evolution Basketball,12,30.85,370.20,Middle East
14482,2024-08-19,Books,Dune by Frank Herbert,20,27.04,540.80,South America
14483,2024-09-26,Sports,Adidas FIFA Soccer Ball,13,38.51,500.63,North America
14484,2024-09-04,Books,Sapiens,4,23.77,95.08,South America
14485,2024-07-28,Sports,Wilson Evolution Basketball,10,29.22,292.20,South America
14486,2024-10-07,Home Appliances,Philips Air Fryer XXL,15,274.32,4114.80,North America
14487,2025-04-22,Home Appliances,iRobot Roomba j7,4,632.25,2529.00,Oceania
14488,2025-12-22,Home Appliances,Dyson V11 Vacuum,2,547.80,1095.60,Africa
14489,2025-08-15,Home Appliances,Philips Air Fryer XXL,1,229.71,229.71,South America
14490,2024-08-27,Sports,Bowflex Adjustable Dumbbells,3,390.03,1170.09,North America
14491,2024-07-22,Beauty Products,Maybelline Makeup Kit,11,50.48,555.28,Oceania
14492,2025-09-19,Electronics,Apple Watch Series 9,11,427.52,4702.72,Middle East
14493,2024-10-30,Clothing,Nike Air Force 1,8,98.62,788.96,Africa
14494,2024-04-06,Books,Atomic Habits,18,20.85,375.30,Africa
14495,2024-09-24,Home Appliances,LG Front Load Washer,3,891.51,2674.53,South America
14496,2024-08-02,Beauty Products,Neutrogena Skincare Set,17,96.80,1645.60,Asia
14497,2024-12-25,Books,Clean Code,19,42.33,804.27,Africa
14498,2024-04-30,Beauty Products,Chanel No. 5 Perfume,10,136.07,1360.70,Africa
14499,2024-07-05,Books,The Alchemist,5,13.02,65.10,Middle East
14500,2024-12-30,Electronics,Dell XPS 13 Laptop,20,1237.15,24743.00,Africa
14501,2024-09-05,Books,Dune by Frank Herbert,13,25.84,335.92,Middle East
14502,2025-12-09,Beauty Products,CeraVe Hydrating Cleanser,15,19.09,286.35,Middle East
14503,2024-06-21,Books,Clean Code,7,43.81,306.67,Oceania
14504,2024-06-14,Home Appliances,Dyson V11 Vacuum,20,529.45,10589.00,Asia
14505,2025-01-24,Books,Dune by Frank Herbert,1,25.43,25.43,Asia
14506,2025-03-04,Beauty Products,Chanel No. 5 Perfume,13,126.10,1639.30,Oceania
14507,2025-06-08,Books,Atomic Habits,12,19.76,237.12,Middle East
14508,2025-02-27,Beauty Products,Neutrogena Skincare Set,18,88.44,1591.92,Oceania
14509,2024-11-11,Home Appliances,iRobot Roomba j7,16,633.58,10137.28,Oceania
14510,2024-04-23,Sports,Wilson Evolution Basketball,20,31.20,624.00,South America
14511,2024-02-28,Sports,Callaway Golf Club Set,6,944.36,5666.16,Europe
14512,2024-05-30,Clothing,North Face Down Jacket,20,227.56,4551.20,Africa
14513,2025-04-08,Sports,Wilson Evolution Basketball,19,27.68,525.92,Europe
14514,2025-12-20,Electronics,Canon EOS R10 Camera,17,924.88,15722.96,North America
14515,2024-11-07,Clothing,Nike Air Force 1,4,93.94,375.76,South America
14516,2024-09-22,Home Appliances,Instant Pot Duo 7-in-1,3,136.47,409.41,Asia
14517,2024-11-03,Electronics,Canon EOS R10 Camera,15,1071.83,16077.45,Asia
14518,2025-02-17,Clothing,Patagonia Fleece Jacket,12,191.84,2302.08,North America
14519,2025-01-17,Sports,Adidas FIFA Soccer Ball,13,37.92,492.96,North America
14520,2025-07-15,Clothing,Patagonia Fleece Jacket,15,170.04,2550.60,Oceania
14521,2025-07-16,Beauty Products,Neutrogena Skincare Set,4,92.27,369.08,Asia
14522,2025-08-01,Home Appliances,Dyson V11 Vacuum,7,457.30,3201.10,Oceania
14523,2024-03-15,Clothing,Puma Sports Hoodie,20,75.79,1515.80,Oceania
14524,2025-01-28,Clothing,Levi's 501 Jeans,4,75.10,300.40,South America
14525,2025-02-21,Beauty Products,Maybelline Makeup Kit,4,48.86,195.44,Middle East
14526,2025-12-04,Clothing,Under Armour Training Shirt,1,39.99,39.99,North America
14527,2025-07-05,Beauty Products,CeraVe Hydrating Cleanser,12,19.18,230.16,Asia
14528,2024-05-20,Home Appliances,Blueair Classic 480i,2,657.22,1314.44,Asia
14529,2024-07-29,Beauty Products,The Ordinary Serum Set,17,38.31,651.27,Asia
14530,2025-07-15,Sports,Manduka PRO Yoga Mat,11,112.62,1238.82,Africa
14531,2024-10-29,Beauty Products,Dyson Supersonic Hair Dryer,2,445.80,891.60,North America
14532,2025-12-10,Beauty Products,Clinique Moisture Surge,8,43.45,347.60,South America
14533,2024-01-11,Home Appliances,Philips Air Fryer XXL,5,230.51,1152.55,North America
14534,2024-02-10,Beauty Products,Dyson Supersonic Hair Dryer,15,388.53,5827.95,Africa
14535,2025-11-11,Sports,Spalding Volleyball,1,32.68,32.68,Asia
14536,2024-02-17,Home Appliances,LG Front Load Washer,18,940.12,16922.16,Asia
14537,2025-04-06,Books,The Da Vinci Code,11,17.56,193.16,North America
14538,2025-02-18,Beauty Products,Maybelline Makeup Kit,14,52.60,736.40,Europe
14539,2025-02-04,Clothing,Patagonia Fleece Jacket,11,172.26,1894.86,Middle East
14540,2024-08-30,Electronics,Dell XPS 13 Laptop,15,1269.44,19041.60,Asia
14541,2024-01-01,Clothing,Patagonia Fleece Jacket,3,168.36,505.08,Africa
14542,2025-03-29,Beauty Products,Dyson Supersonic Hair Dryer,2,439.81,879.62,Asia
14543,2024-09-29,Books,The Hobbit,5,13.57,67.85,Asia
14544,2024-04-17,Home Appliances,Ninja Professional Blender,10,90.75,907.50,South America
14545,2025-02-22,Beauty Products,L'Oreal Revitalift Cream,18,29.56,532.08,North America
14546,2024-04-06,Electronics,Dell XPS 13 Laptop,19,1267.63,24084.97,Asia
14547,2024-10-13,Home Appliances,Blueair Classic 480i,11,629.48,6924.28,Asia
14548,2025-08-07,Clothing,Calvin Klein Slim Fit Shirt,1,88.82,88.82,Europe
14549,2025-11-14,Home Appliances,Dyson V11 Vacuum,5,450.65,2253.25,Europe
14550,2024-07-16,Home Appliances,Philips Air Fryer XXL,2,248.59,497.18,South America
14551,2024-01-31,Clothing,Adidas Ultraboost Shoes,15,182.08,2731.20,Middle East
14552,2024-08-23,Electronics,Samsung Galaxy Tab S8,16,769.67,12314.72,South America
14553,2024-07-09,Clothing,Vans Old Skool Sneakers,20,73.94,1478.80,Europe
14554,2025-05-19,Beauty Products,Neutrogena Skincare Set,1,83.86,83.86,Africa
14555,2025-07-18,Clothing,Calvin Klein Slim Fit Shirt,6,96.70,580.20,North America
14556,2025-07-17,Sports,Adidas FIFA Soccer Ball,14,38.72,542.08,North America
14557,2024-06-23,Clothing,Calvin Klein Slim Fit Shirt,18,94.77,1705.86,South America
14558,2024-09-14,Beauty Products,Maybelline Makeup Kit,18,46.03,828.54,Oceania
14559,2025-02-06,Clothing,Levi's 501 Jeans,13,74.45,967.85,Africa
14560,2025-08-08,Beauty Products,Neutrogena Skincare Set,2,85.71,171.42,Africa
14561,2025-06-03,Sports,Manduka PRO Yoga Mat,7,109.12,763.84,Middle East
14562,2024-08-23,Electronics,Garmin Forerunner 945,3,489.31,1467.93,Oceania
14563,2024-03-26,Home Appliances,KitchenAid Stand Mixer,4,474.98,1899.92,Europe
14564,2025-08-10,Sports,Fitbit Charge 6,18,167.80,3020.40,South America
14565,2024-09-10,Electronics,Samsung Galaxy Tab S8,6,763.91,4583.46,Middle East
14566,2024-08-21,Sports,Callaway Golf Club Set,2,919.05,1838.10,Asia
14567,2024-12-10,Electronics,Samsung Galaxy Tab S8,10,823.91,8239.10,Europe
14568,2024-05-05,Sports,Manduka PRO Yoga Mat,14,121.93,1707.02,Africa
14569,2025-06-25,Beauty Products,Maybelline Makeup Kit,20,54.25,1085.00,North America
14570,2025-05-26,Sports,Everlast Boxing Gloves,9,51.11,459.99,Middle East
14571,2024-04-05,Books,The Hobbit,17,14.68,249.56,Asia
14572,2024-10-12,Beauty Products,Chanel No. 5 Perfume,6,135.59,813.54,Europe
14573,2024-03-10,Beauty Products,CeraVe Hydrating Cleanser,2,20.66,41.32,Oceania
14574,2024-02-11,Beauty Products,The Ordinary Serum Set,12,42.68,512.16,Africa
14575,2025-05-14,Beauty Products,MAC Lipstick Collection,14,75.18,1052.52,Middle East
14576,2024-03-03,Clothing,North Face Down Jacket,17,229.42,3900.14,South America
14577,2024-01-19,Home Appliances,Dyson V11 Vacuum,3,489.76,1469.28,Europe
14578,2025-09-04,Clothing,Vans Old Skool Sneakers,13,81.32,1057.16,Africa
14579,2024-12-24,Clothing,Patagonia Fleece Jacket,7,195.77,1370.39,Oceania
14580,2024-12-04,Books,Clean Code,11,41.20,453.20,Middle East
14581,2025-11-07,Home Appliances,Keurig K-Elite Coffee Maker,2,178.73,357.46,North America
14582,2025-11-17,Electronics,Garmin Forerunner 945,10,541.44,5414.40,South America
14583,2025-01-14,Home Appliances,Keurig K-Elite Coffee Maker,17,190.00,3230.00,Oceania
14584,2025-01-19,Electronics,Garmin Forerunner 945,8,514.40,4115.20,Middle East
14585,2024-03-15,Books,"Salt, Fat, Acid, Heat by Samin Nosrat",6,33.42,200.52,Middle East
14586,2025-09-12,Home Appliances,KitchenAid Stand Mixer,3,457.07,1371.21,Asia
14587,2024-07-12,Home Appliances,Ninja Professional Blender,10,106.48,1064.80,North America
14588,2024-12-18,Electronics,Google Pixel 8 Pro,18,963.16,17336.88,Middle East
14589,2025-12-10,Books,Atomic Habits,19,20.34,386.46,Europe
14590,2025-09-21,Sports,Adidas FIFA Soccer Ball,10,43.40,434.00,South America
14591,2024-01-30,Books,Sapiens,9,24.88,223.92,Africa
14592,2024-12-15,Electronics,Apple Watch Series 9,19,460.08,8741.52,Oceania
14593,2025-05-03,Electronics,Nintendo Switch OLED,7,369.70,2587.90,South America
14594,2025-08-26,Sports,Spalding Volleyball,7,36.43,255.01,North America
14595,2025-06-02,Books,Deep Work,18,20.54,369.72,North America
14596,2025-06-27,Sports,Adidas FIFA Soccer Ball,9,43.65,392.85,Asia
14597,2024-03-26,Home Appliances,LG Front Load Washer,2,905.23,1810.46,South America
14598,2024-09-12,Beauty Products,Clinique Moisture Surge,17,45.27,769.59,Middle East
14599,2024-11-01,Electronics,Apple Watch Series 9,13,400.24,5203.12,South America
14600,2024-10-12,Clothing,North Face Down Jacket,19,272.48,5177.12,Middle East
14601,2024-09-08,Books,"Salt, Fat, Acid, Heat by Samin Nosrat",16,30.92,494.72,Europe
14602,2025-02-06,Electronics,Google Pixel 8 Pro,2,1085.73,2171.46,Middle East
14603,2024-02-13,Books,Atomic Habits,1,19.80,19.80,North America
14604,2024-08-02,Home Appliances,Keurig K-Elite Coffee Maker,3,194.28,582.84,Europe
14605,2024-06-07,Electronics,iPhone 14 Pro,19,920.31,17485.89,Europe
14606,2024-03-29,Home Appliances,Ninja Professional Blender,15,99.93,1498.95,Oceania
14607,2024-08-06,Beauty Products,Clinique Moisture Surge,20,49.48,989.60,Oceania
14608,2025-04-28,Home Appliances,Instant Pot Duo 7-in-1,2,133.11,266.22,Asia
14609,2024-02-27,Electronics,Garmin Forerunner 945,1,493.45,493.45,South America
14610,2024-06-07,Books,Sapiens,2,27.46,54.92,Europe
14611,2025-06-13,Beauty Products,The Ordinary Serum Set,19,39.68,753.92,Asia
14612,2024-07-18,Beauty Products,The Ordinary Serum Set,12,42.26,507.12,Europe
14613,2024-12-08,Electronics,Samsung Galaxy Tab S8,15,806.50,12097.50,Asia
14614,2025-07-23,Clothing,Adidas Ultraboost Shoes,12,203.41,2440.92,Middle East
14615,2024-06-01,Home Appliances,KitchenAid Stand Mixer,20,460.74,9214.80,Oceania
14616,2024-04-22,Sports,Hydro Flask Sports Bottle,12,37.47,449.64,Asia
14617,2025-02-16,Clothing,Columbia Rain Jacket,10,131.04,1310.40,Asia
14618,2025-10-29,Clothing,Nike Air Force 1,6,92.83,556.98,Asia
14619,2025-01-10,Books,Atomic Habits,7,20.83,145.81,Europe
14620,2025-04-09,Sports,Wilson Evolution Basketball,6,29.19,175.14,Europe
14621,2025-11-21,Home Appliances,Blueair Classic 480i,3,606.99,1820.97,Africa
14622,2024-04-14,Home Appliances,Keurig K-Elite Coffee Maker,7,179.73,1258.11,North America
14623,2025-11-29,Sports,Bowflex Adjustable Dumbbells,8,428.93,3431.44,Africa
14624,2025-03-31,Sports,Babolat Pure Drive Tennis Racket,3,213.02,639.06,North America
14625,2024-08-20,Clothing,North Face Down Jacket,8,249.04,1992.32,Europe
14626,2025-09-07,Sports,Hydro Flask Sports Bottle,8,42.42,339.36,Oceania
14627,2024-05-03,Home Appliances,Ninja Professional Blender,13,95.69,1243.97,North America
14628,2024-04-06,Beauty Products,Clinique Moisture Surge,19,45.49,864.31,South America
14629,2025-05-08,Books,Atomic Habits,13,19.18,249.34,Europe
14630,2024-02-10,Books,Deep Work,11,19.61,215.71,Asia
14631,2025-08-10,Home Appliances,LG Front Load Washer,9,934.59,8411.31,Oceania
14632,2025-04-13,Sports,Fitbit Charge 6,11,172.40,1896.40,North America
14633,2025-04-09,Beauty Products,L'Oreal Revitalift Cream,8,32.55,260.40,North America
14634,2025-02-19,Electronics,Nintendo Switch OLED,1,335.05,335.05,Asia
14635,2025-06-29,Beauty Products,Olaplex Hair Repair Set,3,64.03,192.09,Europe
14636,2025-05-23,Clothing,Calvin Klein Slim Fit Shirt,14,94.48,1322.72,Oceania
14637,2025-11-26,Books,Atomic Habits,10,21.73,217.30,Oceania
14638,2025-03-01,Books,Clean Code,5,39.07,195.35,North America
14639,2025-01-19,Clothing,Adidas Ultraboost Shoes,9,171.55,1543.95,North America
14640,2024-09-16,Home Appliances,Ninja Professional Blender,11,93.62,1029.82,Middle East
14641,2024-06-29,Sports,Adidas FIFA Soccer Ball,18,42.74,769.32,Africa
14642,2025-10-23,Beauty Products,CeraVe Hydrating Cleanser,10,17.25,172.50,Oceania
14643,2024-09-18,Home Appliances,Dyson V11 Vacuum,20,512.39,10247.80,North America
14644,2024-01-18,Electronics,MacBook Pro 16-inch,2,2707.91,5415.82,Europe
14645,2024-01-01,Beauty Products,Olaplex Hair Repair Set,3,64.74,194.22,Asia
14646,2025-07-25,Beauty Products,L'Oreal Revitalift Cream,7,32.68,228.76,South America
14647,2025-05-27,Beauty Products,Maybelline Makeup Kit,17,48.80,829.60,Africa
14648,2025-06-17,Clothing,Vans Old Skool Sneakers,10,81.72,817.20,Asia
14649,2025-11-13,Home Appliances,iRobot Roomba j7,4,621.95,2487.80,Middle East
14650,2024-03-20,Electronics,Garmin Forerunner 945,9,515.52,4639.68,Africa
14651,2025-04-16,Beauty Products,Olaplex Hair Repair Set,13,59.70,776.10,Middle East
14652,2024-12-13,Electronics,Google Pixel 8 Pro,6,929.41,5576.46,Africa
14653,2024-09-29,Beauty Products,MAC Lipstick Collection,5,72.34,361.70,North America
14654,2024-01-08,Home Appliances,Dyson V11 Vacuum,15,542.33,8134.95,North America
14655,2025-11-12,Clothing,Columbia Rain Jacket,10,123.14,1231.40,Africa
14656,2025-05-08,Books,The Alchemist,17,11.92,202.64,North America
14657,2024-03-08,Home Appliances,Instant Pot Duo 7-in-1,7,128.85,901.95,Africa
14658,2024-02-26,Clothing,Nike Air Force 1,6,92.37,554.22,North America
14659,2024-01-14,Sports,Hydro Flask Sports Bottle,8,37.04,296.32,Oceania
14660,2024-10-31,Electronics,Canon EOS R10 Camera,20,952.90,19058.00,North America
14661,2024-03-04,Beauty Products,L'Oreal Revitalift Cream,4,28.05,112.20,Middle East
14662,2024-11-18,Home Appliances,KitchenAid Stand Mixer,13,418.78,5444.14,Oceania
14663,2024-05-07,Home Appliances,Blueair Classic 480i,5,544.86,2724.30,Asia
14664,2024-05-28,Home Appliances,Dyson V11 Vacuum,14,495.40,6935.60,Africa
14665,2025-02-16,Electronics,Apple Watch Series 9,2,410.18,820.36,Oceania
14666,2024-07-12,Home Appliances,Samsung Smart Refrigerator,14,1964.91,27508.74,Europe
14667,2025-12-19,Clothing,Nike Air Force 1,12,98.29,1179.48,Asia
14668,2025-04-10,Clothing,Patagonia Fleece Jacket,9,197.25,1775.25,South America
14669,2024-12-09,Home Appliances,LG Front Load Washer,9,891.54,8023.86,North America
14670,2024-09-05,Sports,Everlast Boxing Gloves,13,50.18,652.34,Africa
14671,2025-11-29,Sports,Fitbit Charge 6,15,152.84,2292.60,Africa
14672,2024-10-14,Clothing,North Face Down Jacket,6,263.42,1580.52,Oceania
14673,2024-03-31,Home Appliances,Blueair Classic 480i,5,563.32,2816.60,Africa
14674,2024-02-23,Home Appliances,Keurig K-Elite Coffee Maker,9,180.95,1628.55,Europe
14675,2024-11-07,Beauty Products,MAC Lipstick Collection,14,75.62,1058.68,South America
14676,2025-09-28,Clothing,Under Armour Training Shirt,11,36.24,398.64,Oceania
14677,2025-07-20,Sports,Wilson Evolution Basketball,9,31.71,285.39,Asia
14678,2025-05-29,Sports,Bowflex Adjustable Dumbbells,2,456.60,913.20,North America
14679,2024-01-17,Clothing,North Face Down Jacket,16,233.14,3730.24,Asia
14680,2025-05-18,Books,Atomic Habits,10,20.26,202.60,North America
14681,2024-07-30,Beauty Products,Maybelline Makeup Kit,12,50.14,601.68,Oceania
14682,2025-04-01,Books,"Salt, Fat, Acid, Heat by Samin Nosrat",14,30.29,424.06,Middle East
14683,2025-09-09,Beauty Products,The Ordinary Serum Set,17,40.67,691.39,Africa
14684,2024-07-31,Books,The Hobbit,3,15.81,47.43,South America
14685,2024-09-08,Books,"Salt, Fat, Acid, Heat by Samin Nosrat",14,33.28,465.92,North America
14686,2025-09-11,Clothing,Under Armour Training Shirt,3,42.69,128.07,Asia
14687,2024-08-21,Electronics,Sony WH-1000XM5 Headphones,18,432.87,7791.66,Oceania
14688,2024-10-07,Home Appliances,Samsung Smart Refrigerator,8,1730.59,13844.72,Oceania
14689,2024-02-17,Clothing,Nike Air Force 1,2,86.43,172.86,Asia
14690,2025-01-27,Home Appliances,Dyson V11 Vacuum,16,453.79,7260.64,Middle East
14691,2025-01-22,Clothing,Nike Air Force 1,19,94.29,1791.51,Europe
14692,2025-08-17,Electronics,Nintendo Switch OLED,14,352.41,4933.74,Asia
14693,2024-03-09,Electronics,Canon EOS R10 Camera,7,905.80,6340.60,Oceania
14694,2025-04-16,Beauty Products,L'Oreal Revitalift Cream,14,31.16,436.24,Europe
14695,2024-04-09,Books,The Psychology of Money,10,19.20,192.00,South America
14696,2024-04-12,Beauty Products,Maybelline Makeup Kit,8,52.68,421.44,South America
14697,2024-10-20,Electronics,Sony WH-1000XM5 Headphones,12,411.15,4933.80,South America
14698,2024-08-10,Electronics,Sony WH-1000XM5 Headphones,14,397.51,5565.14,Middle East
14699,2025-05-02,Clothing,North Face Down Jacket,18,237.48,4274.64,Oceania
14700,2025-04-11,Beauty Products,Clinique Moisture Surge,19,42.80,813.20,South America
14701,2024-02-16,Electronics,iPhone 14 Pro,6,986.05,5916.30,South America
14702,2024-06-21,Sports,Wilson Evolution Basketball,12,30.63,367.56,Europe
14703,2025-10-23,Books,"Salt, Fat, Acid, Heat by Samin Nosrat",8,31.13,249.04,South America
14704,2025-04-28,Home Appliances,Blueair Classic 480i,2,554.43,1108.86,Europe
14705,2025-10-29,Sports,Bowflex Adjustable Dumbbells,5,450.59,2252.95,North America
14706,2024-09-17,Electronics,Canon EOS R10 Camera,11,1061.06,11671.66,Oceania
14707,2024-11-04,Clothing,Adidas Ultraboost Shoes,12,197.94,2375.28,Oceania
14708,2025-07-05,Electronics,Apple Watch Series 9,18,448.44,8071.92,Europe
14709,2025-11-02,Clothing,North Face Down Jacket,6,227.60,1365.60,Oceania
14710,2024-10-03,Home Appliances,Keurig K-Elite Coffee Maker,2,190.62,381.24,Europe
14711,2025-01-24,Clothing,Levi's 501 Jeans,19,67.33,1279.27,Asia
14712,2025-03-20,Beauty Products,The Ordinary Serum Set,4,38.20,152.80,Asia
14713,2024-03-31,Books,Clean Code,18,37.11,667.98,Middle East
14714,2024-06-09,Beauty Products,L'Oreal Revitalift Cream,11,32.56,358.16,South America
14715,2024-10-08,Clothing,Patagonia Fleece Jacket,13,169.20,2199.60,South America
14716,2024-03-18,Clothing,Calvin Klein Slim Fit Shirt,4,88.92,355.68,Middle East
14717,2024-05-26,Clothing,Columbia Rain Jacket,11,118.32,1301.52,South America
14718,2024-01-02,Sports,Wilson Evolution Basketball,4,31.84,127.36,Africa
14719,2025-11-25,Sports,Bowflex Adjustable Dumbbells,2,451.85,903.70,North America
14720,2024-10-07,Beauty Products,Dyson Supersonic Hair Dryer,11,447.21,4919.31,Oceania
14721,2024-05-24,Books,Deep Work,6,20.52,123.12,Europe
14722,2024-04-24,Clothing,Nike Air Force 1,6,95.05,570.30,North America
14723,2025-05-22,Home Appliances,Keurig K-Elite Coffee Maker,18,202.36,3642.48,Oceania
14724,2024-12-17,Electronics,Apple Watch Series 9,19,405.43,7703.17,Oceania
14725,2024-01-25,Home Appliances,iRobot Roomba j7,7,597.26,4180.82,North America
14726,2025-02-17,Electronics,MacBook Pro 16-inch,12,2553.56,30642.72,Asia
14727,2024-11-21,Home Appliances,Keurig K-Elite Coffee Maker,1,190.47,190.47,North America
14728,2025-03-05,Books,The Alchemist,1,12.81,12.81,South America
14729,2024-03-07,Home Appliances,iRobot Roomba j7,16,616.78,9868.48,South America
14730,2025-12-27,Electronics,Samsung Galaxy Tab S8,7,780.49,5463.43,Oceania
14731,2025-02-09,Clothing,Patagonia Fleece Jacket,10,177.23,1772.30,Africa
14732,2024-11-19,Sports,Fitbit Charge 6,4,148.59,594.36,Asia
14733,2025-11-06,Beauty Products,L'Oreal Revitalift Cream,7,28.00,196.00,Asia
14734,2025-06-27,Home Appliances,LG Front Load Washer,1,888.12,888.12,North America
14735,2024-09-10,Electronics,Canon EOS R10 Camera,20,954.60,19092.00,Europe
14736,2025-06-10,Electronics,Samsung Galaxy Tab S8,6,806.54,4839.24,Oceania
14737,2025-12-08,Books,The Alchemist,1,11.91,11.91,South America
14738,2024-02-09,Clothing,Under Armour Training Shirt,3,40.01,120.03,Europe
14739,2024-11-20,Electronics,Sony WH-1000XM5 Headphones,17,360.52,6128.84,Oceania
14740,2024-07-16,Home Appliances,Instant Pot Duo 7-in-1,10,131.53,1315.30,North America
14741,2025-01-27,Clothing,Patagonia Fleece Jacket,6,173.04,1038.24,Africa
14742,2025-07-01,Clothing,Under Armour Training Shirt,13,42.61,553.93,Middle East
14743,2024-08-12,Sports,Hydro Flask Sports Bottle,8,38.83,310.64,Middle East
14744,2025-05-06,Sports,Adidas FIFA Soccer Ball,7,39.87,279.09,North America
14745,2025-01-27,Home Appliances,Instant Pot Duo 7-in-1,2,142.81,285.62,Asia
14746,2024-01-11,Electronics,Apple Watch Series 9,17,442.55,7523.35,Europe
14747,2025-02-04,Clothing,Under Armour Training Shirt,3,37.76,113.28,Oceania
14748,2024-09-04,Clothing,Adidas Ultraboost Shoes,15,191.30,2869.50,Oceania
14749,2024-04-02,Beauty Products,The Ordinary Serum Set,12,41.05,492.60,Middle East
14750,2025-07-14,Clothing,Under Armour Training Shirt,2,36.37,72.74,Africa
14751,2024-05-11,Clothing,Patagonia Fleece Jacket,15,179.82,2697.30,Africa
14752,2025-05-09,Beauty Products,Dyson Supersonic Hair Dryer,1,392.91,392.91,North America
14753,2025-12-21,Home Appliances,Instant Pot Duo 7-in-1,20,123.03,2460.60,Asia
14754,2025-09-18,Electronics,Dell XPS 13 Laptop,7,1418.25,9927.75,Europe
14755,2024-06-06,Electronics,iPhone 14 Pro,1,932.43,932.43,Europe
14756,2025-03-31,Electronics,Dell XPS 13 Laptop,7,1333.85,9336.95,North America
14757,2025-05-21,Sports,Babolat Pure Drive Tennis Racket,14,216.84,3035.76,Europe
14758,2024-02-06,Beauty Products,Dyson Supersonic Hair Dryer,19,429.37,8158.03,Middle East
14759,2025-08-27,Sports,Manduka PRO Yoga Mat,4,124.46,497.84,Middle East
14760,2024-11-25,Books,Clean Code,10,43.57,435.70,Europe
14761,2024-01-05,Home Appliances,Dyson V11 Vacuum,20,542.93,10858.60,Europe
14762,2025-05-09,Electronics,Canon EOS R10 Camera,12,992.16,11905.92,Africa
14763,2025-05-24,Electronics,Canon EOS R10 Camera,10,1015.92,10159.20,South America
14764,2025-03-02,Sports,Manduka PRO Yoga Mat,9,117.50,1057.50,Oceania
14765,2025-03-18,Beauty Products,Chanel No. 5 Perfume,16,132.81,2124.96,Middle East
14766,2024-03-23,Beauty Products,Dyson Supersonic Hair Dryer,5,464.82,2324.10,Africa
14767,2025-08-17,Beauty Products,MAC Lipstick Collection,5,85.84,429.20,South America
14768,2024-07-12,Home Appliances,Philips Air Fryer XXL,6,225.91,1355.46,Africa
14769,2024-04-15,Sports,Babolat Pure Drive Tennis Racket,3,190.50,571.50,Oceania
14770,2024-08-29,Electronics,Sony WH-1000XM5 Headphones,11,373.43,4107.73,North America
14771,2024-02-20,Home Appliances,LG Front Load Washer,3,860.18,2580.54,Europe
14772,2025-04-17,Books,The Da Vinci Code,1,14.60,14.60,Africa
14773,2025-12-01,Sports,Babolat Pure Drive Tennis Racket,15,219.37,3290.55,Oceania
14774,2025-09-23,Clothing,Columbia Rain Jacket,15,141.64,2124.60,North America
14775,2024-09-18,Beauty Products,L'Oreal Revitalift Cream,12,29.13,349.56,Europe
14776,2024-11-27,Books,Sapiens,17,27.26,463.42,Middle East
14777,2025-01-30,Sports,Manduka PRO Yoga Mat,13,131.67,1711.71,South America
14778,2024-02-14,Beauty Products,Dyson Supersonic Hair Dryer,9,454.54,4090.86,Europe
14779,2025-10-15,Sports,Fitbit Charge 6,19,144.10,2737.90,Europe
14780,2025-05-28,Clothing,North Face Down Jacket,6,251.32,1507.92,Middle East
14781,2024-05-24,Sports,Callaway Golf Club Set,4,933.67,3734.68,South America
14782,2025-03-30,Home Appliances,Keurig K-Elite Coffee Maker,5,206.14,1030.70,South America
14783,2024-11-21,Sports,Wilson Evolution Basketball,14,29.00,406.00,South America
14784,2025-05-29,Sports,Wilson Evolution Basketball,19,31.89,605.91,Africa
14785,2024-05-12,Electronics,iPhone 14 Pro,18,961.38,17304.84,Oceania
14786,2025-01-09,Sports,Manduka PRO Yoga Mat,6,129.30,775.80,Africa
14787,2025-07-12,Clothing,Vans Old Skool Sneakers,20,86.22,1724.40,North America
14788,2024-06-22,Clothing,Under Armour Training Shirt,12,39.27,471.24,Europe
14789,2024-12-15,Electronics,iPhone 14 Pro,3,951.50,2854.50,Asia
14790,2024-04-28,Beauty Products,CeraVe Hydrating Cleanser,16,18.95,303.20,Africa
14791,2024-05-16,Books,The Da Vinci Code,11,15.76,173.36,Oceania
14792,2024-01-03,Electronics,Google Pixel 8 Pro,2,999.19,1998.38,North America
14793,2024-05-23,Clothing,Columbia Rain Jacket,12,120.43,1445.16,Asia
14794,2024-04-17,Clothing,North Face Down Jacket,18,249.04,4482.72,Oceania
14795,2024-12-30,Sports,Bowflex Adjustable Dumbbells,6,432.72,2596.32,Asia
14796,2025-05-13,Electronics,iPhone 14 Pro,14,1000.31,14004.34,North America
14797,2025-04-15,Beauty Products,Clinique Moisture Surge,8,49.16,393.28,South America
14798,2025-07-26,Sports,Everlast Boxing Gloves,19,46.18,877.42,North America
14799,2024-11-16,Sports,Everlast Boxing Gloves,2,50.86,101.72,Africa
14800,2024-06-10,Books,The Psychology of Money,18,18.82,338.76,Oceania
14801,2025-01-04,Electronics,iPhone 14 Pro,7,999.43,6996.01,Africa
14802,2024-11-08,Beauty Products,Chanel No. 5 Perfume,2,131.06,262.12,Oceania
14803,2025-05-13,Sports,Spalding Volleyball,11,35.76,393.36,Middle East
14804,2024-10-17,Home Appliances,Keurig K-Elite Coffee Maker,3,198.55,595.65,Oceania
14805,2024-06-21,Sports,Everlast Boxing Gloves,11,53.93,593.23,Africa
14806,2024-07-17,Books,Clean Code,16,42.14,674.24,North America
14807,2024-11-06,Clothing,Adidas Ultraboost Shoes,3,172.64,517.92,Middle East
14808,2024-07-31,Sports,Bowflex Adjustable Dumbbells,1,438.21,438.21,North America
14809,2024-03-16,Clothing,Under Armour Training Shirt,14,41.42,579.88,South America
14810,2025-01-14,Books,Clean Code,1,37.56,37.56,Africa
14811,2024-10-23,Sports,Everlast Boxing Gloves,9,54.98,494.82,North America
14812,2025-07-27,Sports,Wilson Evolution Basketball,11,32.63,358.93,Asia
14813,2025-02-18,Electronics,Samsung Galaxy Tab S8,3,823.92,2471.76,Oceania
14814,2024-01-12,Books,The Psychology of Money,4,19.07,76.28,South America
14815,2024-03-20,Clothing,Adidas Ultraboost Shoes,13,178.55,2321.15,Middle East
14816,2024-11-28,Clothing,Patagonia Fleece Jacket,16,168.33,2693.28,South America
14817,2025-04-14,Clothing,Vans Old Skool Sneakers,6,84.94,509.64,Asia
14818,2025-08-22,Clothing,Calvin Klein Slim Fit Shirt,8,96.03,768.24,Asia
14819,2025-11-12,Electronics,Garmin Forerunner 945,11,503.48,5538.28,Africa
14820,2024-03-04,Clothing,North Face Down Jacket,3,241.72,725.16,Africa
14821,2025-07-20,Home Appliances,Samsung Smart Refrigerator,3,1752.93,5258.79,North America
14822,2025-09-01,Electronics,Apple Watch Series 9,10,455.54,4555.40,South America
14823,2024-04-30,Clothing,North Face Down Jacket,13,273.86,3560.18,Middle East
14824,2025-09-12,Beauty Products,Chanel No. 5 Perfume,12,117.00,1404.00,North America
14825,2024-06-14,Beauty Products,Clinique Moisture Surge,10,42.43,424.30,Middle East
14826,2024-12-29,Electronics,Sony WH-1000XM5 Headphones,14,399.82,5597.48,Africa
14827,2025-11-21,Sports,Wilson Evolution Basketball,19,32.97,626.43,North America
14828,2024-09-20,Sports,Adidas FIFA Soccer Ball,5,41.28,206.40,Europe
14829,2024-03-27,Books,The Psychology of Money,8,18.63,149.04,Europe
14830,2024-08-16,Books,The Psychology of Money,19,18.69,355.11,North America
14831,2025-01-06,Clothing,Calvin Klein Slim Fit Shirt,18,86.51,1557.18,North America
14832,2025-11-30,Beauty Products,Clinique Moisture Surge,15,40.52,607.80,South America
14833,2025-09-03,Home Appliances,Blueair Classic 480i,17,634.69,10789.73,Asia
14834,2025-07-02,Home Appliances,Ninja Professional Blender,7,94.72,663.04,Oceania
14835,2024-08-30,Books,Dune by Frank Herbert,13,23.79,309.27,Asia
14836,2025-09-26,Beauty Products,CeraVe Hydrating Cleanser,16,18.80,300.80,South America
14837,2024-07-06,Beauty Products,Clinique Moisture Surge,20,48.86,977.20,Africa
14838,2025-06-26,Clothing,Puma Sports Hoodie,1,73.84,73.84,Middle East
14839,2024-09-23,Clothing,Puma Sports Hoodie,9,75.30,677.70,Oceania
14840,2025-03-27,Books,Clean Code,5,36.09,180.45,Oceania
14841,2024-07-26,Beauty Products,CeraVe Hydrating Cleanser,20,17.89,357.80,Africa
14842,2024-07-28,Electronics,Garmin Forerunner 945,16,506.18,8098.88,South America
14843,2025-06-25,Clothing,Calvin Klein Slim Fit Shirt,1,92.81,92.81,Asia
14844,2024-07-30,Books,Deep Work,6,19.88,119.28,Africa
14845,2024-01-15,Sports,Manduka PRO Yoga Mat,1,124.16,124.16,South America
14846,2024-04-27,Clothing,Under Armour Training Shirt,8,43.82,350.56,Middle East
14847,2025-05-20,Electronics,Apple Watch Series 9,2,468.12,936.24,Asia
14848,2025-08-01,Books,The Alchemist,10,13.11,131.10,Middle East
14849,2024-11-09,Beauty Products,Maybelline Makeup Kit,20,48.09,961.80,Middle East
14850,2025-09-15,Home Appliances,Keurig K-Elite Coffee Maker,1,198.31,198.31,Europe
14851,2024-02-04,Books,Dune by Frank Herbert,1,24.50,24.50,Middle East
14852,2025-10-24,Clothing,Puma Sports Hoodie,9,78.30,704.70,Africa
14853,2024-06-24,Home Appliances,KitchenAid Stand Mixer,5,443.41,2217.05,Asia
14854,2025-07-15,Beauty Products,Olaplex Hair Repair Set,20,61.38,1227.60,North America
14855,2025-07-16,Clothing,North Face Down Jacket,9,236.01,2124.09,North America
14856,2024-04-17,Clothing,Patagonia Fleece Jacket,20,189.77,3795.40,Asia
14857,2024-10-30,Home Appliances,Keurig K-Elite Coffee Maker,14,198.37,2777.18,Africa
14858,2025-09-10,Books,The Psychology of Money,15,17.02,255.30,Oceania
14859,2024-02-04,Beauty Products,MAC Lipstick Collection,17,81.83,1391.11,North America
14860,2025-05-19,Clothing,Levi's 501 Jeans,11,75.45,829.95,Middle East
14861,2024-01-15,Electronics,Apple Watch Series 9,1,456.23,456.23,North America
14862,2025-10-08,Clothing,Levi's 501 Jeans,15,74.97,1124.55,Africa
14863,2024-11-23,Clothing,Under Armour Training Shirt,9,42.74,384.66,Asia
14864,2025-03-02,Beauty Products,Dyson Supersonic Hair Dryer,2,409.24,818.48,Oceania
14865,2025-04-20,Clothing,Columbia Rain Jacket,3,136.88,410.64,Asia
14866,2025-04-02,Home Appliances,Dyson V11 Vacuum,3,470.33,1410.99,North America
14867,2025-07-26,Books,"Salt, Fat, Acid, Heat by Samin Nosrat",19,33.37,634.03,Africa
14868,2024-08-22,Home Appliances,Samsung Smart Refrigerator,12,1952.60,23431.20,Asia
14869,2025-08-17,Beauty Products,Olaplex Hair Repair Set,17,54.82,931.94,Asia
14870,2025-01-08,Beauty Products,CeraVe Hydrating Cleanser,3,19.98,59.94,North America
14871,2024-12-11,Clothing,Nike Air Force 1,11,83.91,923.01,Europe
14872,2025-12-27,Sports,Everlast Boxing Gloves,16,52.75,844.00,Middle East
14873,2024-03-04,Beauty Products,MAC Lipstick Collection,2,72.33,144.66,Europe
14874,2025-12-05,Electronics,Google Pixel 8 Pro,17,1033.59,17571.03,Africa
14875,2025-11-05,Clothing,Levi's 501 Jeans,19,72.97,1386.43,South America
14876,2025-08-21,Home Appliances,Keurig K-Elite Coffee Maker,9,208.72,1878.48,Middle East
14877,2024-02-16,Sports,Adidas FIFA Soccer Ball,17,43.98,747.66,Africa
14878,2025-12-03,Books,Clean Code,4,39.05,156.20,North America
14879,2024-06-02,Home Appliances,Blueair Classic 480i,7,540.77,3785.39,Asia
14880,2025-03-05,Beauty Products,L'Oreal Revitalift Cream,17,27.45,466.65,Europe
14881,2025-03-09,Clothing,Calvin Klein Slim Fit Shirt,2,98.04,196.08,Middle East
14882,2025-07-15,Electronics,iPhone 14 Pro,8,947.92,7583.36,Europe
14883,2025-09-09,Books,"Salt, Fat, Acid, Heat by Samin Nosrat",7,32.00,224.00,Middle East
14884,2024-03-07,Electronics,Nintendo Switch OLED,1,375.69,375.69,Africa
14885,2025-04-21,Home Appliances,Samsung Smart Refrigerator,12,1792.36,21508.32,Middle East
14886,2024-06-11,Home Appliances,Dyson V11 Vacuum,5,527.98,2639.90,North America
14887,2025-10-29,Sports,Callaway Golf Club Set,17,989.00,16813.00,Europe
14888,2024-08-10,Sports,Adidas FIFA Soccer Ball,7,40.67,284.69,Africa
14889,2024-12-07,Electronics,Nintendo Switch OLED,13,359.20,4669.60,Middle East
14890,2024-06-18,Beauty Products,Clinique Moisture Surge,16,45.32,725.12,Africa
14891,2024-11-11,Clothing,North Face Down Jacket,9,245.27,2207.43,South America
14892,2025-08-24,Sports,Spalding Volleyball,15,32.31,484.65,South America
14893,2025-09-30,Beauty Products,L'Oreal Revitalift Cream,10,31.81,318.10,Europe
14894,2025-08-28,Home Appliances,Keurig K-Elite Coffee Maker,16,193.48,3095.68,Africa
14895,2024-06-06,Books,"Salt, Fat, Acid, Heat by Samin Nosrat",12,33.37,400.44,South America
14896,2025-03-31,Home Appliances,LG Front Load Washer,1,909.44,909.44,Europe
14897,2024-04-08,Home Appliances,Samsung Smart Refrigerator,13,1757.96,22853.48,Asia
14898,2024-09-29,Home Appliances,Philips Air Fryer XXL,6,247.18,1483.08,Middle East
14899,2025-08-10,Books,The Hobbit,10,16.28,162.80,Middle East
14900,2025-06-27,Home Appliances,Dyson V11 Vacuum,2,462.05,924.10,Asia
14901,2025-11-20,Electronics,Apple Watch Series 9,16,414.25,6628.00,Middle East
14902,2024-09-27,Electronics,Garmin Forerunner 945,14,464.24,6499.36,Middle East
14903,2025-11-23,Sports,Manduka PRO Yoga Mat,17,125.88,2139.96,Oceania
14904,2025-08-13,Sports,Babolat Pure Drive Tennis Racket,5,217.28,1086.40,Europe
14905,2024-11-27,Electronics,Sony WH-1000XM5 Headphones,19,404.94,7693.86,Oceania
14906,2024-06-27,Beauty Products,Neutrogena Skincare Set,14,87.30,1222.20,Oceania
14907,2025-10-23,Books,The Da Vinci Code,6,15.77,94.62,Asia
14908,2024-10-09,Sports,Babolat Pure Drive Tennis Racket,13,186.47,2424.11,Middle East
14909,2024-03-23,Home Appliances,Keurig K-Elite Coffee Maker,15,184.43,2766.45,Oceania
14910,2025-01-08,Books,Deep Work,3,20.34,61.02,Asia
14911,2024-12-07,Home Appliances,Samsung Smart Refrigerator,11,1917.70,21094.70,Africa
14912,2024-11-26,Books,"Salt, Fat, Acid, Heat by Samin Nosrat",3,33.15,99.45,Asia
14913,2024-09-27,Beauty Products,Maybelline Makeup Kit,5,49.60,248.00,Europe
14914,2025-09-07,Electronics,Canon EOS R10 Camera,12,1025.10,12301.20,Oceania
14915,2024-01-16,Clothing,Adidas Ultraboost Shoes,14,174.53,2443.42,Middle East
14916,2025-02-02,Sports,Adidas FIFA Soccer Ball,17,42.80,727.60,Africa
14917,2024-08-22,Books,The Da Vinci Code,5,14.55,72.75,North America
14918,2024-03-06,Beauty Products,CeraVe Hydrating Cleanser,11,19.59,215.49,North America
14919,2025-09-19,Home Appliances,KitchenAid Stand Mixer,18,467.74,8419.32,Europe
14920,2024-08-19,Home Appliances,KitchenAid Stand Mixer,5,432.90,2164.50,Asia
14921,2025-10-17,Electronics,Samsung Galaxy Tab S8,10,708.16,7081.60,North America
14922,2025-05-20,Clothing,Levi's 501 Jeans,18,72.96,1313.28,Africa
14923,2024-11-01,Electronics,Sony WH-1000XM5 Headphones,7,412.66,2888.62,South America
14924,2025-12-09,Beauty Products,Dyson Supersonic Hair Dryer,12,391.30,4695.60,Asia
14925,2025-06-12,Home Appliances,Dyson V11 Vacuum,2,467.42,934.84,North America
14926,2024-08-20,Electronics,Samsung Galaxy Tab S8,11,727.64,8004.04,Middle East
14927,2025-12-27,Beauty Products,MAC Lipstick Collection,17,81.24,1381.08,Asia
14928,2024-12-25,Beauty Products,Olaplex Hair Repair Set,5,60.65,303.25,Africa
14929,2025-07-26,Sports,Bowflex Adjustable Dumbbells,4,436.38,1745.52,Oceania
14930,2025-12-10,Books,The Da Vinci Code,1,17.46,17.46,Europe
14931,2025-09-22,Sports,Wilson Evolution Basketball,4,29.47,117.88,Asia
14932,2025-02-19,Books,The Alchemist,19,12.29,233.51,South America
14933,2025-10-13,Clothing,Vans Old Skool Sneakers,1,72.18,72.18,Asia
14934,2025-07-12,Beauty Products,Chanel No. 5 Perfume,1,134.97,134.97,South America
14935,2024-04-11,Electronics,MacBook Pro 16-inch,17,2287.67,38890.39,Africa
14936,2024-05-04,Beauty Products,Neutrogena Skincare Set,6,92.56,555.36,Asia
14937,2025-03-26,Clothing,Levi's 501 Jeans,10,73.29,732.90,Europe
14938,2025-03-30,Home Appliances,Philips Air Fryer XXL,6,234.26,1405.56,Asia
14939,2025-01-08,Sports,Hydro Flask Sports Bottle,20,43.29,865.80,South America
14940,2024-10-10,Sports,Spalding Volleyball,4,33.31,133.24,Middle East
14941,2025-07-08,Home Appliances,Ninja Professional Blender,12,90.44,1085.28,Asia
14942,2024-05-18,Sports,Spalding Volleyball,17,35.38,601.46,South America
14943,2024-02-26,Books,Clean Code,11,36.05,396.55,Middle East
14944,2025-03-16,Beauty Products,Olaplex Hair Repair Set,17,65.01,1105.17,Middle East
14945,2024-10-16,Sports,Wilson Evolution Basketball,2,28.03,56.06,Africa
14946,2024-04-16,Electronics,Google Pixel 8 Pro,18,1058.20,19047.60,North America
14947,2025-06-25,Clothing,Patagonia Fleece Jacket,5,189.41,947.05,Africa
14948,2025-02-26,Beauty Products,Dyson Supersonic Hair Dryer,13,408.00,5304.00,South America
14949,2025-10-11,Books,"Salt, Fat, Acid, Heat by Samin Nosrat",13,33.31,433.03,Asia
14950,2024-06-18,Home Appliances,Keurig K-Elite Coffee Maker,8,174.74,1397.92,Middle East
14951,2024-04-26,Clothing,Adidas Ultraboost Shoes,2,203.40,406.80,North America
14952,2025-09-02,Home Appliances,LG Front Load Washer,14,937.00,13118.00,Middle East
14953,2024-02-13,Sports,Spalding Volleyball,18,36.18,651.24,Middle East
14954,2025-09-15,Books,Deep Work,1,19.95,19.95,Middle East
14955,2024-12-29,Electronics,Nintendo Switch OLED,20,319.77,6395.40,Asia
14956,2025-02-01,Beauty Products,Dyson Supersonic Hair Dryer,19,472.39,8975.41,South America
14957,2025-10-13,Books,Clean Code,6,41.72,250.32,Asia
14958,2024-05-25,Home Appliances,KitchenAid Stand Mixer,1,413.56,413.56,North America
14959,2024-11-09,Beauty Products,Chanel No. 5 Perfume,14,131.98,1847.72,Middle East
14960,2025-12-30,Home Appliances,iRobot Roomba j7,10,617.43,6174.30,South America
14961,2025-08-26,Electronics,Apple Watch Series 9,16,407.67,6522.72,Middle East
14962,2025-03-01,Clothing,Under Armour Training Shirt,11,38.62,424.82,Oceania
14963,2024-04-24,Clothing,Puma Sports Hoodie,4,81.31,325.24,Asia
14964,2025-06-07,Beauty Products,Neutrogena Skincare Set,18,85.06,1531.08,North America
14965,2025-04-18,Clothing,Calvin Klein Slim Fit Shirt,9,92.36,831.24,Europe
14966,2025-07-10,Sports,Everlast Boxing Gloves,10,49.55,495.50,Oceania
14967,2024-11-17,Electronics,Samsung Galaxy Tab S8,18,715.57,12880.26,Africa
14968,2024-07-01,Clothing,Adidas Ultraboost Shoes,4,206.05,824.20,Asia
14969,2024-11-06,Books,"Salt, Fat, Acid, Heat by Samin Nosrat",18,35.98,647.64,Asia
14970,2024-09-18,Electronics,Dell XPS 13 Laptop,10,1232.76,12327.60,Oceania
14971,2024-02-01,Sports,Everlast Boxing Gloves,3,51.20,153.60,Africa
14972,2025-04-03,Sports,Spalding Volleyball,7,37.71,263.97,South America
14973,2024-02-08,Electronics,Dell XPS 13 Laptop,2,1227.27,2454.54,Oceania
14974,2025-05-07,Books,"Salt, Fat, Acid, Heat by Samin Nosrat",4,31.98,127.92,South America
14975,2024-06-01,Electronics,Samsung Galaxy Tab S8,6,736.60,4419.60,South America
14976,2024-02-07,Books,"Salt, Fat, Acid, Heat by Samin Nosrat",9,30.81,277.29,South America
14977,2024-07-21,Beauty Products,MAC Lipstick Collection,10,77.34,773.40,Oceania
14978,2025-03-14,Home Appliances,Keurig K-Elite Coffee Maker,9,172.60,1553.40,Europe
14979,2025-12-21,Beauty Products,Neutrogena Skincare Set,20,88.65,1773.00,North America
14980,2025-06-07,Clothing,Adidas Ultraboost Shoes,1,192.17,192.17,Oceania
14981,2025-10-17,Sports,Wilson Evolution Basketball,3,28.75,86.25,Europe
14982,2025-01-21,Electronics,Samsung Galaxy Tab S8,12,675.01,8100.12,Africa
14983,2024-04-14,Books,"Salt, Fat, Acid, Heat by Samin Nosrat",17,34.92,593.64,South America
14984,2025-03-15,Sports,Callaway Golf Club Set,16,811.49,12983.84,South America
14985,2024-11-18,Books,Atomic Habits,4,18.13,72.52,Africa
14986,2024-09-21,Electronics,Dell XPS 13 Laptop,12,1272.22,15266.64,Asia
14987,2024-11-06,Electronics,Nintendo Switch OLED,17,364.68,6199.56,Middle East
14988,2025-03-30,Electronics,Garmin Forerunner 945,2,518.34,1036.68,North America
14989,2025-01-09,Home Appliances,iRobot Roomba j7,2,640.32,1280.64,North America
14990,2025-10-08,Sports,Bowflex Adjustable Dumbbells,6,446.68,2680.08,Oceania
14991,2024-01-02,Home Appliances,Blueair Classic 480i,13,631.36,8207.68,Oceania
14992,2024-10-21,Home Appliances,iRobot Roomba j7,13,641.29,8336.77,Middle East
14993,2025-12-27,Home Appliances,Instant Pot Duo 7-in-1,1,137.15,137.15,Oceania
14994,2025-12-05,Home Appliances,KitchenAid Stand Mixer,7,472.57,3307.99,North America
14995,2025-08-16,Clothing,Puma Sports Hoodie,9,81.92,737.28,Asia
14996,2025-01-17,Beauty Products,CeraVe Hydrating Cleanser,15,18.36,275.40,Europe
14997,2025-03-18,Clothing,Vans Old Skool Sneakers,18,81.01,1458.18,Europe
14998,2024-06-10,Home Appliances,Philips Air Fryer XXL,15,253.36,3800.40,Asia
14999,2025-09-21,Sports,Callaway Golf Club Set,11,870.51,9575.61,Asia
15000,2024-06-13,Home Appliances,Blueair Classic 480i,1,602.44,602.44,Europe
15001,2024-01-27,Beauty Products,Maybelline Makeup Kit,1,45.40,45.40,Europe
15002,2025-12-06,Books,The Alchemist,18,11.95,215.10,Asia
15003,2024-10-22,Beauty Products,Dyson Supersonic Hair Dryer,10,429.15,4291.50,Oceania
15004,2025-12-24,Books,The Da Vinci Code,11,14.53,159.83,Asia
15005,2024-12-04,Books,The Da Vinci Code,7,16.49,115.43,Europe
15006,2025-07-05,Sports,Everlast Boxing Gloves,7,45.57,318.99,Africa
15007,2025-09-07,Electronics,Apple Watch Series 9,14,465.44,6516.16,Europe
15008,2024-02-10,Electronics,Samsung Galaxy Tab S8,12,791.29,9495.48,South America
15009,2025-07-22,Electronics,Dell XPS 13 Laptop,17,1179.82,20056.94,South America
15010,2025-01-16,Clothing,Calvin Klein Slim Fit Shirt,8,94.18,753.44,Middle East
15011,2024-08-07,Clothing,Patagonia Fleece Jacket,16,178.27,2852.32,Asia
15012,2024-06-29,Beauty Products,Chanel No. 5 Perfume,7,131.86,923.02,South America
15013,2024-09-08,Beauty Products,Dyson Supersonic Hair Dryer,4,441.65,1766.60,Oceania
15014,2024-04-17,Home Appliances,Blueair Classic 480i,15,623.88,9358.20,Asia
15015,2025-04-23,Books,Sapiens,4,27.08,108.32,North America
15016,2024-08-25,Sports,Everlast Boxing Gloves,7,53.26,372.82,Europe
15017,2024-03-18,Beauty Products,Olaplex Hair Repair Set,3,56.06,168.18,North America
15018,2025-11-10,Electronics,Nintendo Switch OLED,5,350.72,1753.60,North America
15019,2024-05-26,Clothing,Adidas Ultraboost Shoes,1,197.85,197.85,North America
15020,2025-01-15,Home Appliances,iRobot Roomba j7,9,595.32,5357.88,Africa
15021,2024-11-09,Books,The Alchemist,16,13.57,217.12,Oceania
15022,2024-03-31,Electronics,Samsung Galaxy Tab S8,17,702.29,11938.93,Europe
15023,2024-06-08,Books,Clean Code,15,43.71,655.65,South America
15024,2024-12-19,Home Appliances,Samsung Smart Refrigerator,13,1961.21,25495.73,Asia
15025,2024-04-16,Books,Dune by Frank Herbert,8,27.66,221.28,Middle East
15026,2025-02-08,Beauty Products,The Ordinary Serum Set,2,40.44,80.88,Africa
15027,2024-01-20,Sports,Fitbit Charge 6,17,161.49,2745.33,Africa
15028,2025-05-02,Electronics,Dell XPS 13 Laptop,1,1360.40,1360.40,South America
15029,2024-11-18,Sports,Hydro Flask Sports Bottle,12,42.67,512.04,Oceania
15030,2024-10-11,Electronics,MacBook Pro 16-inch,17,2711.84,46101.28,Middle East
15031,2025-10-12,Electronics,Google Pixel 8 Pro,13,965.47,12551.11,Middle East
15032,2024-02-02,Clothing,Patagonia Fleece Jacket,16,168.65,2698.40,Asia
15033,2024-10-29,Home Appliances,Keurig K-Elite Coffee Maker,1,188.59,188.59,South America
15034,2025-01-31,Electronics,Sony WH-1000XM5 Headphones,3,366.05,1098.15,South America
15035,2025-09-30,Beauty Products,Chanel No. 5 Perfume,16,130.83,2093.28,Middle East
15036,2024-11-10,Home Appliances,Philips Air Fryer XXL,2,245.25,490.50,South America
15037,2024-07-20,Books,Clean Code,17,38.44,653.48,Africa
15038,2024-01-13,Electronics,Google Pixel 8 Pro,8,997.98,7983.84,Middle East
15039,2024-11-07,Home Appliances,Samsung Smart Refrigerator,12,1970.46,23645.52,Middle East
15040,2025-06-21,Beauty Products,Maybelline Makeup Kit,2,46.88,93.76,Oceania
15041,2025-07-20,Electronics,MacBook Pro 16-inch,10,2351.74,23517.40,Oceania
15042,2024-08-27,Home Appliances,Philips Air Fryer XXL,20,232.82,4656.40,Europe
15043,2025-11-30,Sports,Fitbit Charge 6,1,168.52,168.52,Middle East
15044,2024-10-26,Home Appliances,Blueair Classic 480i,5,624.75,3123.75,Oceania
15045,2025-08-03,Sports,Everlast Boxing Gloves,18,47.35,852.30,South America
15046,2025-05-12,Books,The Alchemist,15,14.04,210.60,Europe
15047,2025-08-10,Home Appliances,LG Front Load Washer,10,843.25,8432.50,Africa
15048,2024-04-02,Home Appliances,Ninja Professional Blender,17,100.42,1707.14,Middle East
15049,2025-06-08,Clothing,Patagonia Fleece Jacket,3,164.94,494.82,Oceania
15050,2024-12-07,Sports,Wilson Evolution Basketball,9,27.52,247.68,Oceania
15051,2024-01-19,Beauty Products,Neutrogena Skincare Set,6,90.67,544.02,Europe
15052,2025-03-05,Home Appliances,iRobot Roomba j7,4,667.86,2671.44,North America
15053,2024-07-10,Home Appliances,iRobot Roomba j7,16,627.94,10047.04,Oceania
15054,2025-01-16,Beauty Products,CeraVe Hydrating Cleanser,13,19.27,250.51,Oceania
15055,2024-12-15,Clothing,Puma Sports Hoodie,2,74.40,148.80,Oceania
15056,2024-11-21,Electronics,iPhone 14 Pro,11,1081.00,11891.00,Oceania
15057,2025-03-28,Home Appliances,Ninja Professional Blender,20,102.43,2048.60,Europe
15058,2024-01-25,Home Appliances,Blueair Classic 480i,4,611.30,2445.20,North America
15059,2024-11-08,Beauty Products,Maybelline Makeup Kit,5,48.46,242.30,South America
15060,2025-01-03,Electronics,Garmin Forerunner 945,9,533.34,4800.06,South America
15061,2024-03-21,Books,Clean Code,9,42.33,380.97,Asia
15062,2024-12-20,Home Appliances,Ninja Professional Blender,10,101.85,1018.50,Middle East
15063,2025-11-21,Beauty Products,The Ordinary Serum Set,1,36.49,36.49,South America
15064,2025-10-26,Sports,Manduka PRO Yoga Mat,10,119.64,1196.40,Europe
15065,2024-08-31,Home Appliances,LG Front Load Washer,11,968.86,10657.46,Africa
15066,2024-05-11,Electronics,Canon EOS R10 Camera,10,953.40,9534.00,Asia
15067,2024-08-19,Sports,Fitbit Charge 6,10,157.47,1574.70,Europe
15068,2024-06-12,Books,Atomic Habits,7,20.39,142.73,Oceania
15069,2024-03-22,Beauty Products,Chanel No. 5 Perfume,9,142.87,1285.83,Oceania
15070,2024-03-05,Sports,Hydro Flask Sports Bottle,18,43.59,784.62,Africa
15071,2024-07-23,Clothing,Calvin Klein Slim Fit Shirt,10,98.46,984.60,Asia
15072,2024-11-23,Books,The Psychology of Money,14,17.78,248.92,North America
15073,2024-09-10,Beauty Products,Olaplex Hair Repair Set,12,57.80,693.60,Oceania
15074,2024-01-15,Books,Sapiens,10,27.42,274.20,Middle East
15075,2025-03-20,Sports,Bowflex Adjustable Dumbbells,4,412.32,1649.28,North America
15076,2024-09-16,Home Appliances,Blueair Classic 480i,12,596.98,7163.76,Africa
15077,2024-03-13,Home Appliances,Dyson V11 Vacuum,9,483.97,4355.73,South America
15078,2024-05-12,Clothing,Vans Old Skool Sneakers,7,84.68,592.76,Oceania
15079,2025-11-18,Clothing,Vans Old Skool Sneakers,1,72.11,72.11,North America
15080,2024-04-15,Beauty Products,CeraVe Hydrating Cleanser,6,19.37,116.22,Oceania
15081,2025-11-21,Sports,Callaway Golf Club Set,6,839.89,5039.34,Oceania
15082,2024-06-18,Clothing,Puma Sports Hoodie,7,75.68,529.76,Asia
15083,2025-08-27,Clothing,Vans Old Skool Sneakers,1,77.69,77.69,Asia
15084,2025-08-13,Sports,Everlast Boxing Gloves,19,45.34,861.46,Middle East
15085,2025-12-17,Clothing,Puma Sports Hoodie,2,80.89,161.78,Europe
15086,2024-07-28,Clothing,Puma Sports Hoodie,5,70.63,353.15,Europe
15087,2024-10-14,Sports,Wilson Evolution Basketball,15,30.16,452.40,North America
15088,2024-06-27,Electronics,MacBook Pro 16-inch,9,2616.12,23545.08,Middle East
15089,2025-01-01,Clothing,Patagonia Fleece Jacket,6,178.62,1071.72,Asia
15090,2024-01-17,Beauty Products,The Ordinary Serum Set,6,36.48,218.88,Middle East
15091,2025-06-06,Books,Dune by Frank Herbert,8,25.35,202.80,South America
15092,2025-04-04,Books,Deep Work,18,17.57,316.26,Europe
15093,2025-08-12,Home Appliances,Instant Pot Duo 7-in-1,3,129.19,387.57,Asia
15094,2025-03-29,Sports,Hydro Flask Sports Bottle,13,37.97,493.61,Europe
15095,2024-05-07,Electronics,Apple Watch Series 9,18,448.13,8066.34,Europe
15096,2024-08-20,Books,The Da Vinci Code,5,15.20,76.00,Africa
15097,2024-02-23,Beauty Products,CeraVe Hydrating Cleanser,13,17.90,232.70,Europe
15098,2025-12-06,Clothing,Puma Sports Hoodie,6,73.19,439.14,South America
15099,2024-04-25,Home Appliances,Philips Air Fryer XXL,10,257.86,2578.60,Europe
15100,2025-09-14,Books,Deep Work,10,18.35,183.50,Africa
15101,2024-09-27,Beauty Products,The Ordinary Serum Set,2,37.58,75.16,South America
15102,2024-10-07,Books,Dune by Frank Herbert,10,27.80,278.00,North America
15103,2025-12-27,Home Appliances,Ninja Professional Blender,19,105.69,2008.11,North America
15104,2025-09-07,Books,Clean Code,17,40.65,691.05,Oceania
15105,2025-03-09,Sports,Callaway Golf Club Set,8,920.34,7362.72,South America
15106,2024-10-25,Home Appliances,Keurig K-Elite Coffee Maker,18,191.59,3448.62,North America
15107,2025-02-15,Sports,Callaway Golf Club Set,11,855.51,9410.61,Oceania
15108,2024-05-22,Books,Sapiens,11,22.65,249.15,Africa
15109,2024-09-07,Sports,Adidas FIFA Soccer Ball,12,40.29,483.48,South America
15110,2024-01-24,Sports,Fitbit Charge 6,3,164.23,492.69,Europe
15111,2025-09-22,Clothing,Vans Old Skool Sneakers,5,85.06,425.30,Middle East
15112,2024-10-21,Books,The Psychology of Money,14,19.16,268.24,Europe
15113,2025-12-21,Home Appliances,Keurig K-Elite Coffee Maker,15,196.67,2950.05,Europe
15114,2025-11-09,Home Appliances,Keurig K-Elite Coffee Maker,9,200.71,1806.39,South America
15115,2024-05-12,Clothing,Under Armour Training Shirt,19,37.30,708.70,Africa
15116,2024-11-20,Beauty Products,CeraVe Hydrating Cleanser,14,20.71,289.94,Oceania
15117,2024-07-29,Clothing,Under Armour Training Shirt,6,40.80,244.80,Asia
15118,2024-11-23,Home Appliances,Samsung Smart Refrigerator,8,1843.55,14748.40,South America
15119,2024-05-18,Clothing,Under Armour Training Shirt,3,41.75,125.25,Asia
15120,2025-01-20,Sports,Spalding Volleyball,4,33.19,132.76,Europe
15121,2025-07-12,Clothing,Vans Old Skool Sneakers,6,82.64,495.84,North America
15122,2024-02-16,Beauty Products,Clinique Moisture Surge,8,40.77,326.16,Asia
15123,2024-07-10,Sports,Everlast Boxing Gloves,10,49.83,498.30,South America
15124,2024-10-26,Beauty Products,Neutrogena Skincare Set,9,98.22,883.98,Middle East
15125,2024-04-04,Sports,Bowflex Adjustable Dumbbells,18,434.52,7821.36,North America
15126,2024-06-08,Home Appliances,KitchenAid Stand Mixer,15,470.25,7053.75,Oceania
15127,2024-08-03,Electronics,Dell XPS 13 Laptop,7,1322.42,9256.94,North America
15128,2024-10-14,Sports,Adidas FIFA Soccer Ball,13,36.23,470.99,Africa
15129,2024-10-22,Clothing,Calvin Klein Slim Fit Shirt,5,96.80,484.00,Middle East
15130,2025-12-24,Books,Deep Work,1,18.54,18.54,North America
15131,2024-02-23,Books,The Alchemist,14,14.10,197.40,Africa
15132,2025-03-12,Sports,Callaway Golf Club Set,5,903.20,4516.00,North America
15133,2024-05-11,Clothing,Vans Old Skool Sneakers,5,87.03,435.15,Africa
15134,2025-07-08,Home Appliances,Philips Air Fryer XXL,20,246.55,4931.00,Europe
15135,2024-12-17,Books,Dune by Frank Herbert,16,26.00,416.00,Oceania
15136,2025-10-08,Beauty Products,CeraVe Hydrating Cleanser,19,20.67,392.73,North America
15137,2025-09-07,Beauty Products,MAC Lipstick Collection,17,79.17,1345.89,Asia
15138,2024-01-27,Home Appliances,Blueair Classic 480i,13,592.73,7705.49,Africa
15139,2025-01-18,Clothing,Patagonia Fleece Jacket,2,169.85,339.70,Asia
15140,2025-09-20,Beauty Products,The Ordinary Serum Set,7,37.79,264.53,Asia
15141,2024-05-11,Sports,Callaway Golf Club Set,17,852.04,14484.68,North America
15142,2025-02-20,Clothing,Puma Sports Hoodie,2,74.69,149.38,Europe
15143,2025-06-21,Home Appliances,Dyson V11 Vacuum,4,522.97,2091.88,Middle East
15144,2025-08-23,Home Appliances,Ninja Professional Blender,10,101.87,1018.70,South America
15145,2024-10-03,Books,The Hobbit,6,14.40,86.40,Africa
15146,2025-02-15,Sports,Wilson Evolution Basketball,10,27.70,277.00,Africa
15147,2024-10-31,Beauty Products,Maybelline Makeup Kit,14,50.12,701.68,North America
15148,2024-06-14,Electronics,MacBook Pro 16-inch,3,2390.30,7170.90,Africa
15149,2024-11-09,Sports,Callaway Golf Club Set,4,897.76,3591.04,South America
15150,2025-04-03,Electronics,Nintendo Switch OLED,18,380.55,6849.90,Oceania
15151,2024-07-15,Electronics,iPhone 14 Pro,2,1060.59,2121.18,Europe
15152,2024-10-08,Home Appliances,Philips Air Fryer XXL,18,257.96,4643.28,Africa
15153,2025-12-16,Electronics,MacBook Pro 16-inch,8,2341.54,18732.32,Middle East
15154,2025-10-28,Home Appliances,Samsung Smart Refrigerator,10,1771.44,17714.40,Europe
15155,2025-06-15,Books,Clean Code,10,36.88,368.80,Africa
15156,2025-08-01,Clothing,North Face Down Jacket,5,243.84,1219.20,Asia
15157,2024-01-24,Home Appliances,Blueair Classic 480i,11,595.97,6555.67,North America
15158,2024-01-27,Clothing,Calvin Klein Slim Fit Shirt,18,82.65,1487.70,Middle East
15159,2025-01-26,Clothing,North Face Down Jacket,15,240.69,3610.35,South America
15160,2024-07-30,Beauty Products,Maybelline Makeup Kit,5,50.35,251.75,Europe
15161,2025-07-28,Clothing,North Face Down Jacket,16,256.13,4098.08,Africa
15162,2024-03-26,Clothing,Columbia Rain Jacket,14,122.95,1721.30,North America
15163,2025-01-18,Clothing,Patagonia Fleece Jacket,3,185.77,557.31,Europe
15164,2024-09-25,Sports,Hydro Flask Sports Bottle,5,38.04,190.20,Oceania
15165,2025-01-11,Books,The Psychology of Money,12,17.64,211.68,Africa
15166,2025-05-02,Home Appliances,Ninja Professional Blender,15,101.90,1528.50,Oceania
15167,2025-07-20,Sports,Babolat Pure Drive Tennis Racket,17,190.28,3234.76,North America
15168,2025-12-12,Home Appliances,iRobot Roomba j7,3,640.29,1920.87,South America
15169,2025-04-09,Clothing,North Face Down Jacket,2,260.00,520.00,Oceania
15170,2025-04-05,Home Appliances,KitchenAid Stand Mixer,17,438.95,7462.15,Middle East
15171,2025-08-24,Home Appliances,Blueair Classic 480i,5,639.56,3197.80,North America
15172,2024-10-29,Electronics,Dell XPS 13 Laptop,16,1404.86,22477.76,North America
15173,2025-04-07,Books,Atomic Habits,6,21.14,126.84,South America
15174,2024-12-04,Sports,Adidas FIFA Soccer Ball,14,41.27,577.78,Africa
15175,2025-06-22,Home Appliances,Instant Pot Duo 7-in-1,8,139.85,1118.80,Middle East
15176,2024-05-03,Beauty Products,Chanel No. 5 Perfume,3,131.40,394.20,Europe
15177,2025-11-10,Home Appliances,LG Front Load Washer,8,834.59,6676.72,Oceania
15178,2025-09-10,Electronics,Apple Watch Series 9,10,419.91,4199.10,Middle East
15179,2025-06-16,Books,The Hobbit,11,15.29,168.19,North America
15180,2025-08-20,Electronics,MacBook Pro 16-inch,14,2578.93,36105.02,Middle East
15181,2024-01-25,Books,The Hobbit,9,14.68,132.12,North America
15182,2024-08-06,Beauty Products,The Ordinary Serum Set,11,41.86,460.46,Africa
15183,2025-12-01,Electronics,Samsung Galaxy Tab S8,8,736.42,5891.36,Africa
15184,2025-08-16,Books,The Psychology of Money,1,17.81,17.81,Middle East
15185,2025-04-07,Clothing,Columbia Rain Jacket,3,134.08,402.24,South America
15186,2024-09-08,Books,Dune by Frank Herbert,6,23.58,141.48,North America
15187,2025-09-18,Sports,Babolat Pure Drive Tennis Racket,12,205.76,2469.12,Oceania
15188,2024-02-05,Clothing,Columbia Rain Jacket,11,128.61,1414.71,Africa
15189,2025-11-30,Clothing,Calvin Klein Slim Fit Shirt,11,91.00,1001.00,Asia
15190,2025-12-15,Electronics,Dell XPS 13 Laptop,8,1389.31,11114.48,North America
15191,2024-09-15,Clothing,Levi's 501 Jeans,4,71.94,287.76,Oceania
15192,2025-03-26,Clothing,Calvin Klein Slim Fit Shirt,2,90.25,180.50,North America
15193,2024-01-11,Beauty Products,MAC Lipstick Collection,8,78.09,624.72,Oceania
15194,2025-07-02,Home Appliances,LG Front Load Washer,18,932.81,16790.58,Oceania
15195,2025-11-22,Sports,Fitbit Charge 6,3,175.94,527.82,Asia
15196,2024-04-15,Electronics,Dell XPS 13 Laptop,12,1391.94,16703.28,Asia
15197,2024-09-06,Electronics,Nintendo Switch OLED,1,337.13,337.13,Middle East
15198,2024-07-19,Books,The Psychology of Money,12,18.26,219.12,South America
15199,2025-03-08,Beauty Products,L'Oreal Revitalift Cream,12,32.44,389.28,Middle East
15200,2024-08-10,Books,The Alchemist,17,12.81,217.77,Europe
15201,2024-05-04,Beauty Products,Olaplex Hair Repair Set,15,57.48,862.20,Africa
15202,2024-03-27,Clothing,Levi's 501 Jeans,15,69.11,1036.65,South America
15203,2024-08-28,Books,The Da Vinci Code,20,17.06,341.20,Oceania
15204,2024-05-15,Home Appliances,Keurig K-Elite Coffee Maker,20,197.18,3943.60,Asia
15205,2025-12-08,Books,The Da Vinci Code,15,16.86,252.90,Europe
15206,2025-12-02,Electronics,Samsung Galaxy Tab S8,13,733.72,9538.36,South America
15207,2025-05-14,Clothing,Nike Air Force 1,7,89.68,627.76,Europe
15208,2025-08-25,Books,"Salt, Fat, Acid, Heat by Samin Nosrat",11,33.07,363.77,Oceania
15209,2024-09-02,Beauty Products,CeraVe Hydrating Cleanser,6,20.57,123.42,South America
15210,2024-03-30,Clothing,North Face Down Jacket,19,257.67,4895.73,Asia
15211,2024-12-02,Clothing,Columbia Rain Jacket,10,119.80,1198.00,Oceania
15212,2024-09-28,Sports,Adidas FIFA Soccer Ball,17,40.79,693.43,South America
15213,2025-05-24,Home Appliances,Ninja Professional Blender,7,100.65,704.55,Oceania
15214,2025-12-12,Home Appliances,Ninja Professional Blender,12,91.26,1095.12,Europe
15215,2025-08-28,Beauty Products,L'Oreal Revitalift Cream,12,32.19,386.28,North America
15216,2024-01-16,Beauty Products,Clinique Moisture Surge,15,47.74,716.10,Europe
15217,2024-08-04,Electronics,Garmin Forerunner 945,1,508.05,508.05,Middle East
15218,2025-05-27,Clothing,Columbia Rain Jacket,14,123.92,1734.88,Asia
15219,2024-06-03,Sports,Bowflex Adjustable Dumbbells,11,470.86,5179.46,Africa
15220,2025-11-01,Clothing,Columbia Rain Jacket,4,118.59,474.36,South America
15221,2024-04-07,Clothing,Puma Sports Hoodie,14,73.41,1027.74,Africa
15222,2025-02-01,Books,Dune by Frank Herbert,15,25.91,388.65,North America
15223,2024-01-23,Electronics,Sony WH-1000XM5 Headphones,17,429.44,7300.48,Europe
15224,2024-08-02,Home Appliances,Blueair Classic 480i,11,573.41,6307.51,South America
15225,2024-03-22,Clothing,North Face Down Jacket,2,245.84,491.68,Europe
15226,2024-12-20,Electronics,Apple Watch Series 9,13,409.19,5319.47,Africa
15227,2024-06-10,Beauty Products,Maybelline Makeup Kit,18,48.24,868.32,South America
15228,2025-12-12,Books,Dune by Frank Herbert,4,25.27,101.08,Europe
15229,2024-05-18,Clothing,Under Armour Training Shirt,12,43.06,516.72,North America
15230,2024-08-27,Sports,Wilson Evolution Basketball,14,27.47,384.58,Europe
15231,2024-12-10,Electronics,iPhone 14 Pro,17,1032.09,17545.53,North America
15232,2025-10-07,Clothing,Calvin Klein Slim Fit Shirt,4,97.08,388.32,North America
15233,2024-03-28,Home Appliances,Keurig K-Elite Coffee Maker,2,191.88,383.76,Oceania
15234,2024-09-05,Electronics,Dell XPS 13 Laptop,8,1285.45,10283.60,Asia
15235,2025-09-02,Clothing,Columbia Rain Jacket,1,130.58,130.58,Oceania
15236,2024-10-15,Books,Dune by Frank Herbert,2,24.68,49.36,Asia
15237,2024-07-01,Sports,Wilson Evolution Basketball,5,30.99,154.95,Africa
15238,2025-01-17,Books,The Da Vinci Code,15,17.06,255.90,South America
15239,2024-10-02,Beauty Products,CeraVe Hydrating Cleanser,4,18.60,74.40,Middle East
15240,2024-06-06,Sports,Wilson Evolution Basketball,16,28.28,452.48,Africa
15241,2024-06-17,Books,The Psychology of Money,7,19.43,136.01,North America
15242,2025-05-06,Home Appliances,iRobot Roomba j7,16,699.63,11194.08,Africa
15243,2025-10-28,Electronics,Samsung Galaxy Tab S8,17,778.57,13235.69,South America
15244,2024-01-09,Beauty Products,CeraVe Hydrating Cleanser,12,18.49,221.88,Europe
15245,2024-04-09,Clothing,Levi's 501 Jeans,1,70.46,70.46,Middle East
15246,2024-12-31,Home Appliances,Instant Pot Duo 7-in-1,7,121.86,853.02,South America
15247,2025-04-23,Beauty Products,The Ordinary Serum Set,10,39.07,390.70,Middle East
15248,2025-09-21,Clothing,Puma Sports Hoodie,20,77.36,1547.20,South America
15249,2025-11-13,Sports,Adidas FIFA Soccer Ball,16,43.84,701.44,Oceania
15250,2024-03-08,Electronics,MacBook Pro 16-inch,10,2312.24,23122.40,Oceania
15251,2025-07-12,Beauty Products,Maybelline Makeup Kit,6,49.32,295.92,North America
15252,2025-09-18,Home Appliances,Keurig K-Elite Coffee Maker,4,188.00,752.00,Africa
15253,2024-11-29,Books,Atomic Habits,15,18.48,277.20,South America
15254,2024-05-16,Beauty Products,Olaplex Hair Repair Set,10,54.47,544.70,Europe
15255,2025-08-26,Sports,Adidas FIFA Soccer Ball,6,39.94,239.64,South America
15256,2025-02-14,Electronics,Samsung Galaxy Tab S8,11,751.57,8267.27,Asia
15257,2024-01-23,Beauty Products,Chanel No. 5 Perfume,11,117.17,1288.87,North America
15258,2025-03-22,Books,Dune by Frank Herbert,7,26.34,184.38,Asia
15259,2024-03-31,Books,Sapiens,17,22.57,383.69,Africa
15260,2025-07-03,Books,Sapiens,15,25.17,377.55,Europe
15261,2024-10-30,Home Appliances,Instant Pot Duo 7-in-1,9,117.37,1056.33,Oceania
15262,2025-04-28,Home Appliances,Samsung Smart Refrigerator,4,1991.20,7964.80,North America
15263,2024-01-07,Books,The Psychology of Money,5,17.19,85.95,Asia
15264,2025-08-24,Electronics,iPhone 14 Pro,10,1036.50,10365.00,North America
15265,2025-12-30,Home Appliances,LG Front Load Washer,6,838.60,5031.60,Middle East
15266,2025-12-21,Home Appliances,Dyson V11 Vacuum,8,506.57,4052.56,Oceania
15267,2024-02-21,Books,Dune by Frank Herbert,19,24.19,459.61,Asia
15268,2025-12-27,Electronics,Canon EOS R10 Camera,15,896.61,13449.15,South America
15269,2024-03-19,Home Appliances,Dyson V11 Vacuum,13,451.04,5863.52,Middle East
15270,2024-09-09,Books,The Psychology of Money,15,18.80,282.00,Oceania
15271,2024-04-09,Home Appliances,Instant Pot Duo 7-in-1,16,141.66,2266.56,North America
15272,2025-02-03,Home Appliances,iRobot Roomba j7,6,638.36,3830.16,Asia
15273,2024-05-10,Beauty Products,MAC Lipstick Collection,13,82.79,1076.27,Asia
15274,2025-08-01,Beauty Products,CeraVe Hydrating Cleanser,6,17.24,103.44,Oceania
15275,2025-11-24,Clothing,Vans Old Skool Sneakers,13,78.29,1017.77,Oceania
15276,2025-06-14,Books,The Psychology of Money,10,17.49,174.90,North America
15277,2025-03-24,Sports,Spalding Volleyball,16,38.33,613.28,Oceania
15278,2025-04-23,Home Appliances,Ninja Professional Blender,7,102.10,714.70,Africa
15279,2024-07-13,Electronics,MacBook Pro 16-inch,15,2689.47,40342.05,South America
15280,2025-06-05,Clothing,Nike Air Force 1,9,93.42,840.78,North America
15281,2024-06-03,Sports,Everlast Boxing Gloves,5,53.90,269.50,Europe
15282,2025-11-25,Electronics,Dell XPS 13 Laptop,7,1191.82,8342.74,Asia
15283,2025-12-22,Books,Sapiens,11,26.87,295.57,Europe
15284,2025-12-13,Books,Dune by Frank Herbert,18,25.48,458.64,Africa
15285,2024-04-01,Clothing,Columbia Rain Jacket,15,128.68,1930.20,North America
15286,2025-07-22,Beauty Products,Chanel No. 5 Perfume,6,140.98,845.88,South America
15287,2024-08-18,Electronics,Samsung Galaxy Tab S8,8,735.28,5882.24,Oceania
15288,2025-09-20,Electronics,Apple Watch Series 9,2,412.67,825.34,Europe
15289,2025-06-23,Home Appliances,LG Front Load Washer,12,823.09,9877.08,North America
15290,2024-04-22,Electronics,Samsung Galaxy Tab S8,19,710.51,13499.69,Middle East
15291,2024-01-27,Electronics,Nintendo Switch OLED,10,352.98,3529.80,Africa
15292,2025-11-07,Electronics,MacBook Pro 16-inch,11,2450.04,26950.44,South America
15293,2024-11-14,Sports,Callaway Golf Club Set,2,813.38,1626.76,Europe
15294,2024-09-25,Books,Deep Work,11,19.50,214.50,Oceania
15295,2024-04-16,Beauty Products,Neutrogena Skincare Set,1,90.63,90.63,Asia
15296,2025-04-08,Books,The Psychology of Money,17,19.61,333.37,Africa
15297,2025-09-02,Clothing,North Face Down Jacket,3,274.65,823.95,Europe
15298,2024-03-23,Clothing,Nike Air Force 1,19,81.28,1544.32,Oceania
15299,2024-11-22,Clothing,Columbia Rain Jacket,15,141.11,2116.65,Middle East
15300,2024-09-11,Electronics,Canon EOS R10 Camera,10,890.65,8906.50,Oceania
15301,2024-04-07,Books,"Salt, Fat, Acid, Heat by Samin Nosrat",14,34.89,488.46,Europe
15302,2024-03-11,Sports,Callaway Golf Club Set,1,906.04,906.04,Europe
15303,2025-10-15,Sports,Adidas FIFA Soccer Ball,11,36.94,406.34,North America
15304,2025-11-03,Sports,Callaway Golf Club Set,7,986.71,6906.97,North America
15305,2024-09-14,Sports,Adidas FIFA Soccer Ball,12,37.21,446.52,Oceania
15306,2025-02-25,Electronics,MacBook Pro 16-inch,6,2467.29,14803.74,Africa
15307,2024-08-31,Beauty Products,The Ordinary Serum Set,8,38.82,310.56,Africa
15308,2024-11-29,Electronics,Garmin Forerunner 945,1,491.22,491.22,Europe
15309,2025-03-15,Sports,Spalding Volleyball,9,35.09,315.81,Africa
15310,2024-06-17,Home Appliances,Samsung Smart Refrigerator,18,2054.50,36981.00,Africa
15311,2025-06-09,Beauty Products,Dyson Supersonic Hair Dryer,12,422.06,5064.72,Oceania
15312,2025-11-17,Electronics,Canon EOS R10 Camera,16,992.36,15877.76,Asia
15313,2024-02-23,Home Appliances,Samsung Smart Refrigerator,16,1712.86,27405.76,Middle East
15314,2025-09-21,Home Appliances,LG Front Load Washer,16,836.11,13377.76,Asia
15315,2025-05-05,Clothing,Under Armour Training Shirt,15,36.70,550.50,North America
15316,2025-08-23,Sports,Everlast Boxing Gloves,20,49.92,998.40,North America
15317,2024-07-14,Books,The Alchemist,19,13.40,254.60,Oceania
15318,2024-07-13,Clothing,Vans Old Skool Sneakers,19,84.30,1601.70,Asia
15319,2024-08-26,Beauty Products,Neutrogena Skincare Set,6,91.27,547.62,Oceania
15320,2025-12-23,Clothing,Vans Old Skool Sneakers,1,84.35,84.35,South America
15321,2025-02-05,Electronics,Samsung Galaxy Tab S8,6,819.80,4918.80,Europe
15322,2024-09-18,Home Appliances,Philips Air Fryer XXL,7,228.69,1600.83,North America
15323,2025-04-17,Electronics,Samsung Galaxy Tab S8,4,792.85,3171.40,Europe
15324,2025-09-13,Sports,Spalding Volleyball,4,35.81,143.24,Africa
15325,2025-03-16,Clothing,Under Armour Training Shirt,18,39.18,705.24,Europe
15326,2024-08-12,Home Appliances,Instant Pot Duo 7-in-1,2,126.48,252.96,Europe
15327,2025-08-13,Sports,Everlast Boxing Gloves,4,52.19,208.76,Middle East
15328,2024-11-22,Electronics,Garmin Forerunner 945,16,475.33,7605.28,North America
15329,2025-01-15,Sports,Spalding Volleyball,15,32.17,482.55,Oceania
15330,2024-01-22,Sports,Spalding Volleyball,12,33.28,399.36,South America
15331,2024-02-15,Home Appliances,iRobot Roomba j7,2,650.38,1300.76,Oceania
15332,2024-05-07,Books,Deep Work,15,18.47,277.05,North America
15333,2024-09-24,Sports,Everlast Boxing Gloves,19,54.53,1036.07,Africa
15334,2024-06-29,Clothing,Under Armour Training Shirt,5,37.26,186.30,South America
15335,2025-07-25,Books,Atomic Habits,3,18.74,56.22,Middle East
15336,2024-09-15,Clothing,Patagonia Fleece Jacket,8,191.65,1533.20,Asia
15337,2025-02-13,Books,Clean Code,20,43.84,876.80,North America
15338,2025-05-29,Home Appliances,Dyson V11 Vacuum,20,457.66,9153.20,Europe
15339,2025-07-02,Electronics,Canon EOS R10 Camera,13,974.03,12662.39,Asia
15340,2025-05-10,Beauty Products,CeraVe Hydrating Cleanser,15,20.09,301.35,South America
15341,2024-11-01,Beauty Products,Chanel No. 5 Perfume,20,120.77,2415.40,North America
15342,2025-10-05,Clothing,North Face Down Jacket,15,232.54,3488.10,Africa
15343,2024-06-07,Books,Atomic Habits,16,18.04,288.64,Oceania
15344,2024-08-11,Electronics,Apple Watch Series 9,6,471.66,2829.96,Middle East
15345,2024-06-18,Home Appliances,iRobot Roomba j7,18,663.29,11939.22,North America
15346,2025-01-30,Beauty Products,Chanel No. 5 Perfume,12,135.63,1627.56,Africa
15347,2024-11-24,Clothing,Puma Sports Hoodie,3,71.23,213.69,Africa
15348,2024-10-05,Books,Dune by Frank Herbert,14,27.02,378.28,Asia
15349,2024-01-23,Home Appliances,Ninja Professional Blender,15,104.34,1565.10,Asia
15350,2024-06-18,Electronics,Canon EOS R10 Camera,19,1077.82,20478.58,North America
15351,2025-09-03,Clothing,Adidas Ultraboost Shoes,14,199.87,2798.18,Oceania
15352,2024-03-13,Beauty Products,MAC Lipstick Collection,4,77.53,310.12,Africa
15353,2024-02-09,Home Appliances,Ninja Professional Blender,16,93.58,1497.28,Middle East
15354,2025-01-30,Home Appliances,Instant Pot Duo 7-in-1,4,118.93,475.72,Middle East
15355,2024-10-16,Books,"Salt, Fat, Acid, Heat by Samin Nosrat",6,34.17,205.02,Asia
15356,2024-07-16,Electronics,Apple Watch Series 9,7,406.71,2846.97,Oceania
15357,2025-06-06,Electronics,iPhone 14 Pro,15,1033.35,15500.25,Oceania
15358,2025-08-18,Electronics,Google Pixel 8 Pro,4,1026.40,4105.60,Africa
15359,2024-05-24,Sports,Babolat Pure Drive Tennis Racket,5,200.66,1003.30,North America
15360,2025-12-01,Sports,Adidas FIFA Soccer Ball,11,37.83,416.13,Asia
15361,2025-12-27,Books,The Da Vinci Code,12,15.09,181.08,Oceania
15362,2025-01-10,Electronics,Dell XPS 13 Laptop,6,1289.93,7739.58,Asia
15363,2024-07-24,Home Appliances,Instant Pot Duo 7-in-1,16,119.56,1912.96,Europe
15364,2025-02-25,Beauty Products,MAC Lipstick Collection,2,74.80,149.60,South America
15365,2025-12-29,Electronics,iPhone 14 Pro,7,972.28,6805.96,Europe
15366,2025-10-04,Books,Atomic Habits,12,19.62,235.44,Asia
15367,2025-04-12,Books,Dune by Frank Herbert,14,23.81,333.34,Oceania
15368,2024-11-03,Home Appliances,Instant Pot Duo 7-in-1,2,135.03,270.06,North America
15369,2024-06-25,Books,The Psychology of Money,3,17.79,53.37,Asia
15370,2025-03-14,Clothing,Under Armour Training Shirt,19,40.29,765.51,South America
15371,2024-08-27,Books,Deep Work,10,19.89,198.90,South America
15372,2025-07-24,Books,The Psychology of Money,3,19.76,59.28,North America
15373,2025-11-07,Electronics,Sony WH-1000XM5 Headphones,16,435.76,6972.16,Middle East
15374,2024-03-26,Clothing,Columbia Rain Jacket,3,117.90,353.70,Oceania
15375,2025-12-09,Beauty Products,Chanel No. 5 Perfume,2,133.19,266.38,Asia
15376,2024-12-29,Electronics,Garmin Forerunner 945,12,502.36,6028.32,Oceania
15377,2025-07-08,Books,Sapiens,18,25.52,459.36,Africa
15378,2024-10-08,Beauty Products,L'Oreal Revitalift Cream,18,32.45,584.10,Middle East
15379,2025-07-11,Beauty Products,The Ordinary Serum Set,20,41.70,834.00,Oceania
15380,2024-04-03,Books,Sapiens,19,23.02,437.38,South America
15381,2024-11-19,Electronics,iPhone 14 Pro,4,947.71,3790.84,Asia
15382,2024-01-02,Clothing,Vans Old Skool Sneakers,15,86.44,1296.60,South America
15383,2024-09-01,Home Appliances,KitchenAid Stand Mixer,6,421.95,2531.70,Middle East
15384,2025-05-10,Sports,Wilson Evolution Basketball,11,27.08,297.88,Oceania
15385,2025-06-17,Books,Atomic Habits,18,19.58,352.44,Asia
15386,2025-12-08,Clothing,Vans Old Skool Sneakers,10,82.04,820.40,Middle East
15387,2024-09-21,Sports,Fitbit Charge 6,17,149.70,2544.90,Middle East
15388,2025-06-24,Sports,Fitbit Charge 6,17,165.71,2817.07,Europe
15389,2024-07-09,Beauty Products,Clinique Moisture Surge,10,48.75,487.50,Europe
15390,2024-02-08,Electronics,Dell XPS 13 Laptop,9,1213.86,10924.74,North America
15391,2024-08-31,Beauty Products,Maybelline Makeup Kit,12,54.74,656.88,Middle East
15392,2024-05-29,Home Appliances,KitchenAid Stand Mixer,9,462.95,4166.55,Middle East
15393,2025-04-15,Electronics,Google Pixel 8 Pro,6,1017.08,6102.48,Middle East
15394,2025-09-29,Home Appliances,LG Front Load Washer,8,893.34,7146.72,Europe
15395,2025-10-02,Sports,Bowflex Adjustable Dumbbells,9,470.72,4236.48,South America
15396,2024-02-26,Books,Clean Code,8,40.54,324.32,North America
15397,2025-11-30,Beauty Products,L'Oreal Revitalift Cream,3,28.05,84.15,Middle East
15398,2025-04-14,Sports,Manduka PRO Yoga Mat,6,121.36,728.16,South America
15399,2025-06-18,Sports,Hydro Flask Sports Bottle,19,41.55,789.45,Middle East
15400,2024-05-25,Home Appliances,Blueair Classic 480i,13,629.09,8178.17,Europe
15401,2024-11-29,Books,"Salt, Fat, Acid, Heat by Samin Nosrat",7,30.02,210.14,Middle East
15402,2025-08-01,Books,Atomic Habits,7,18.07,126.49,Oceania
15403,2025-11-24,Electronics,Dell XPS 13 Laptop,9,1328.77,11958.93,Middle East
15404,2024-08-04,Books,Deep Work,14,20.26,283.64,Middle East
15405,2025-02-23,Sports,Spalding Volleyball,20,36.50,730.00,Oceania
15406,2025-01-02,Beauty Products,Neutrogena Skincare Set,8,82.64,661.12,Africa
15407,2024-03-08,Clothing,Puma Sports Hoodie,14,76.15,1066.10,Europe
15408,2025-09-11,Clothing,Puma Sports Hoodie,13,72.78,946.14,Middle East
15409,2024-03-22,Home Appliances,Philips Air Fryer XXL,7,269.65,1887.55,Middle East
15410,2024-03-19,Home Appliances,Dyson V11 Vacuum,9,493.56,4442.04,Asia
15411,2025-01-01,Books,Deep Work,10,18.39,183.90,Europe
15412,2024-03-24,Home Appliances,Samsung Smart Refrigerator,11,1729.33,19022.63,Asia
15413,2025-04-09,Beauty Products,Olaplex Hair Repair Set,16,57.60,921.60,Africa
15414,2025-07-30,Home Appliances,Ninja Professional Blender,15,97.08,1456.20,Middle East
15415,2025-01-01,Books,Sapiens,11,25.02,275.22,Oceania
15416,2024-11-27,Sports,Fitbit Charge 6,14,172.11,2409.54,Middle East
15417,2024-11-02,Books,Clean Code,18,36.92,664.56,Middle East
15418,2025-11-11,Home Appliances,Blueair Classic 480i,19,563.48,10706.12,South America
15419,2025-01-08,Beauty Products,L'Oreal Revitalift Cream,15,29.05,435.75,North America
15420,2024-03-14,Beauty Products,L'Oreal Revitalift Cream,6,28.60,171.60,North America
15421,2025-09-17,Home Appliances,KitchenAid Stand Mixer,4,414.16,1656.64,South America
15422,2024-09-26,Home Appliances,LG Front Load Washer,13,979.01,12727.13,North America
15423,2025-11-03,Clothing,Calvin Klein Slim Fit Shirt,3,98.11,294.33,Europe
15424,2024-06-14,Beauty Products,Chanel No. 5 Perfume,16,121.14,1938.24,Africa
15425,2024-10-19,Home Appliances,LG Front Load Washer,2,978.65,1957.30,Middle East
15426,2025-10-29,Home Appliances,LG Front Load Washer,9,832.49,7492.41,Asia
15427,2024-08-01,Electronics,Garmin Forerunner 945,1,480.12,480.12,Asia
15428,2024-12-11,Home Appliances,Blueair Classic 480i,16,647.42,10358.72,Asia
15429,2024-05-14,Clothing,Levi's 501 Jeans,4,63.21,252.84,Africa
15430,2025-10-15,Sports,Manduka PRO Yoga Mat,6,110.11,660.66,Middle East
15431,2024-05-02,Clothing,Calvin Klein Slim Fit Shirt,1,93.04,93.04,Asia
15432,2025-06-23,Clothing,Vans Old Skool Sneakers,12,84.52,1014.24,Oceania
15433,2025-05-21,Beauty Products,Clinique Moisture Surge,20,41.01,820.20,Africa
15434,2024-06-14,Home Appliances,Ninja Professional Blender,7,96.54,675.78,North America
15435,2025-11-24,Books,Atomic Habits,3,18.68,56.04,North America
15436,2024-06-18,Home Appliances,Samsung Smart Refrigerator,18,1900.69,34212.42,Europe
15437,2025-09-21,Sports,Callaway Golf Club Set,5,848.07,4240.35,South America
15438,2025-06-10,Books,"Salt, Fat, Acid, Heat by Samin Nosrat",12,32.70,392.40,Middle East
15439,2024-05-04,Electronics,MacBook Pro 16-inch,15,2744.29,41164.35,North America
15440,2024-04-29,Books,Deep Work,8,19.95,159.60,Oceania
15441,2025-03-05,Electronics,Samsung Galaxy Tab S8,7,766.02,5362.14,Asia
15442,2024-04-06,Beauty Products,Dyson Supersonic Hair Dryer,9,421.50,3793.50,Asia
15443,2024-01-22,Sports,Babolat Pure Drive Tennis Racket,13,193.34,2513.42,Europe
15444,2024-11-13,Clothing,Under Armour Training Shirt,15,39.18,587.70,Europe
15445,2024-12-05,Sports,Manduka PRO Yoga Mat,1,118.81,118.81,Europe
15446,2024-05-20,Home Appliances,LG Front Load Washer,3,953.58,2860.74,South America
15447,2025-04-12,Beauty Products,Dyson Supersonic Hair Dryer,11,395.40,4349.40,South America
15448,2025-02-19,Clothing,Under Armour Training Shirt,14,43.66,611.24,Middle East
15449,2025-08-03,Home Appliances,KitchenAid Stand Mixer,10,484.91,4849.10,North America
15450,2024-05-06,Sports,Fitbit Charge 6,18,149.71,2694.78,South America
15451,2024-06-22,Books,Dune by Frank Herbert,20,23.81,476.20,Asia
15452,2024-12-07,Home Appliances,LG Front Load Washer,12,864.51,10374.12,Europe
15453,2024-11-17,Sports,Wilson Evolution Basketball,9,27.47,247.23,Asia
15454,2024-04-19,Books,Clean Code,7,40.49,283.43,North America
15455,2024-09-04,Clothing,Calvin Klein Slim Fit Shirt,4,84.38,337.52,Middle East
15456,2024-03-06,Beauty Products,L'Oreal Revitalift Cream,17,30.44,517.48,Africa
15457,2025-07-18,Electronics,Apple Watch Series 9,16,431.62,6905.92,Asia
15458,2025-10-12,Clothing,Calvin Klein Slim Fit Shirt,9,85.94,773.46,Middle East
15459,2024-04-19,Sports,Bowflex Adjustable Dumbbells,17,457.82,7782.94,Middle East
15460,2025-09-26,Beauty Products,Neutrogena Skincare Set,11,98.35,1081.85,Asia
15461,2025-12-10,Electronics,Google Pixel 8 Pro,17,942.24,16018.08,Oceania
15462,2025-01-13,Clothing,Under Armour Training Shirt,14,36.58,512.12,Middle East
15463,2024-06-17,Clothing,Puma Sports Hoodie,20,81.46,1629.20,North America
15464,2024-09-18,Electronics,Dell XPS 13 Laptop,7,1388.44,9719.08,Europe
15465,2024-03-02,Clothing,Nike Air Force 1,1,94.86,94.86,Asia
15466,2025-08-27,Beauty Products,Clinique Moisture Surge,2,45.77,91.54,Asia
15467,2025-11-22,Electronics,Garmin Forerunner 945,19,503.75,9571.25,South America
15468,2024-02-13,Books,The Psychology of Money,2,17.97,35.94,Africa
15469,2024-08-05,Beauty Products,MAC Lipstick Collection,6,74.16,444.96,Oceania
15470,2024-05-21,Beauty Products,MAC Lipstick Collection,4,76.60,306.40,Oceania
15471,2024-05-18,Electronics,MacBook Pro 16-inch,16,2391.77,38268.32,Europe
15472,2025-12-16,Home Appliances,KitchenAid Stand Mixer,10,441.19,4411.90,Asia
15473,2024-11-28,Sports,Callaway Golf Club Set,18,946.77,17041.86,Middle East
15474,2025-03-21,Books,Deep Work,13,19.65,255.45,Europe
15475,2024-10-27,Sports,Hydro Flask Sports Bottle,1,36.32,36.32,North America
15476,2024-10-06,Sports,Callaway Golf Club Set,8,902.55,7220.40,Europe
15477,2025-07-21,Books,The Psychology of Money,12,18.15,217.80,Asia
15478,2024-01-17,Electronics,Apple Watch Series 9,4,417.15,1668.60,Asia
15479,2024-01-07,Home Appliances,Dyson V11 Vacuum,11,496.69,5463.59,Middle East
15480,2024-10-16,Electronics,Apple Watch Series 9,1,472.39,472.39,Africa
15481,2024-11-06,Beauty Products,CeraVe Hydrating Cleanser,2,20.77,41.54,Middle East
15482,2025-01-12,Electronics,MacBook Pro 16-inch,7,2696.31,18874.17,Oceania
15483,2025-10-05,Books,Deep Work,13,18.69,242.97,Oceania
15484,2025-06-19,Home Appliances,KitchenAid Stand Mixer,4,428.91,1715.64,Europe
15485,2025-05-03,Home Appliances,iRobot Roomba j7,17,692.73,11776.41,Africa
15486,2025-08-04,Beauty Products,Neutrogena Skincare Set,19,85.86,1631.34,Europe
15487,2025-12-06,Beauty Products,The Ordinary Serum Set,2,38.29,76.58,Oceania
15488,2024-04-06,Books,Deep Work,6,17.61,105.66,Asia
15489,2025-02-05,Electronics,Apple Watch Series 9,16,450.78,7212.48,Middle East
15490,2025-12-12,Sports,Babolat Pure Drive Tennis Racket,2,213.39,426.78,North America
15491,2025-05-08,Beauty Products,Maybelline Makeup Kit,11,46.12,507.32,Asia
15492,2025-03-23,Sports,Wilson Evolution Basketball,13,30.68,398.84,South America
15493,2025-03-13,Books,The Da Vinci Code,17,14.63,248.71,Africa
15494,2025-01-08,Clothing,Calvin Klein Slim Fit Shirt,14,89.63,1254.82,North America
15495,2025-07-24,Home Appliances,Philips Air Fryer XXL,2,262.22,524.44,Middle East
15496,2025-03-23,Electronics,Apple Watch Series 9,6,417.18,2503.08,Asia
15497,2025-10-07,Electronics,Canon EOS R10 Camera,8,1046.94,8375.52,South America
15498,2024-03-11,Sports,Wilson Evolution Basketball,9,28.95,260.55,Oceania
15499,2025-02-26,Books,The Hobbit,8,16.08,128.64,Africa
15500,2025-01-14,Sports,Wilson Evolution Basketball,9,29.82,268.38,Middle East
15501,2024-07-25,Sports,Everlast Boxing Gloves,14,46.54,651.56,Asia
15502,2024-12-14,Clothing,Levi's 501 Jeans,2,69.11,138.22,North America
15503,2025-03-15,Clothing,Adidas Ultraboost Shoes,16,197.06,3152.96,Africa
15504,2024-01-28,Clothing,North Face Down Jacket,10,230.85,2308.50,Middle East
15505,2024-03-09,Books,Clean Code,16,43.86,701.76,Oceania
15506,2025-07-18,Electronics,MacBook Pro 16-inch,5,2475.92,12379.60,Oceania
15507,2024-01-01,Home Appliances,Dyson V11 Vacuum,11,450.62,4956.82,Africa
15508,2024-11-23,Clothing,Vans Old Skool Sneakers,7,82.64,578.48,Europe
15509,2024-06-15,Home Appliances,Dyson V11 Vacuum,3,521.18,1563.54,Oceania
15510,2025-08-01,Clothing,Puma Sports Hoodie,1,80.18,80.18,Asia
15511,2024-11-24,Sports,Wilson Evolution Basketball,12,31.96,383.52,North America
15512,2025-08-13,Beauty Products,Dyson Supersonic Hair Dryer,3,406.16,1218.48,Europe
15513,2025-03-23,Home Appliances,Samsung Smart Refrigerator,12,1858.19,22298.28,Africa
15514,2024-08-17,Clothing,Patagonia Fleece Jacket,4,174.13,696.52,Europe
15515,2025-10-15,Books,The Hobbit,7,14.05,98.35,Asia
15516,2024-10-19,Sports,Adidas FIFA Soccer Ball,12,39.00,468.00,Asia
15517,2024-03-29,Beauty Products,Olaplex Hair Repair Set,17,54.65,929.05,Middle East
15518,2025-10-24,Home Appliances,iRobot Roomba j7,16,689.36,11029.76,Africa
15519,2025-02-04,Clothing,Calvin Klein Slim Fit Shirt,14,88.37,1237.18,Middle East
15520,2025-07-04,Books,The Alchemist,2,14.28,28.56,Middle East
15521,2025-07-09,Electronics,Dell XPS 13 Laptop,19,1172.34,22274.46,Oceania
15522,2025-10-21,Sports,Wilson Evolution Basketball,6,28.56,171.36,North America
15523,2025-04-25,Beauty Products,CeraVe Hydrating Cleanser,7,17.19,120.33,Asia
15524,2024-05-28,Beauty Products,L'Oreal Revitalift Cream,20,30.25,605.00,Oceania
15525,2024-11-05,Sports,Everlast Boxing Gloves,2,53.44,106.88,North America
15526,2024-09-28,Home Appliances,Keurig K-Elite Coffee Maker,3,202.61,607.83,Asia
15527,2025-03-31,Home Appliances,Samsung Smart Refrigerator,17,2080.28,35364.76,Oceania
15528,2024-09-23,Home Appliances,iRobot Roomba j7,20,700.70,14014.00,Middle East
15529,2025-06-17,Beauty Products,Dyson Supersonic Hair Dryer,20,457.01,9140.20,Oceania
15530,2025-01-04,Clothing,Nike Air Force 1,9,86.15,775.35,Oceania
15531,2025-10-22,Clothing,North Face Down Jacket,9,232.86,2095.74,Africa
15532,2024-08-03,Home Appliances,Dyson V11 Vacuum,2,546.75,1093.50,Asia
15533,2025-07-24,Sports,Adidas FIFA Soccer Ball,12,39.23,470.76,Europe
15534,2024-08-19,Home Appliances,LG Front Load Washer,8,828.09,6624.72,Middle East
15535,2025-04-16,Electronics,Samsung Galaxy Tab S8,14,696.17,9746.38,Oceania
15536,2025-09-22,Sports,Spalding Volleyball,7,36.99,258.93,South America
15537,2025-06-25,Electronics,Canon EOS R10 Camera,20,1025.66,20513.20,Oceania
15538,2025-09-08,Sports,Callaway Golf Club Set,17,983.91,16726.47,Oceania
15539,2025-07-17,Home Appliances,Ninja Professional Blender,15,108.66,1629.90,Asia
15540,2025-12-14,Sports,Hydro Flask Sports Bottle,18,39.22,705.96,North America
15541,2025-06-28,Electronics,Google Pixel 8 Pro,3,925.70,2777.10,Europe
15542,2025-07-05,Clothing,Calvin Klein Slim Fit Shirt,14,87.12,1219.68,Asia
15543,2024-11-21,Electronics,Apple Watch Series 9,16,400.86,6413.76,Europe
15544,2025-03-28,Beauty Products,L'Oreal Revitalift Cream,9,28.59,257.31,Asia
15545,2024-06-01,Sports,Adidas FIFA Soccer Ball,12,36.99,443.88,Europe
15546,2024-04-01,Sports,Hydro Flask Sports Bottle,18,43.00,774.00,Africa
15547,2024-08-13,Books,The Hobbit,16,15.64,250.24,Africa
15548,2025-05-08,Books,Atomic Habits,17,20.74,352.58,Asia
15549,2025-03-19,Beauty Products,The Ordinary Serum Set,3,37.04,111.12,Middle East
15550,2024-08-23,Electronics,Apple Watch Series 9,3,444.60,1333.80,South America
15551,2025-05-12,Clothing,Puma Sports Hoodie,20,79.88,1597.60,Asia
15552,2025-10-17,Beauty Products,Neutrogena Skincare Set,4,89.56,358.24,Oceania
15553,2024-12-31,Books,Deep Work,5,20.60,103.00,South America
15554,2025-02-18,Sports,Callaway Golf Club Set,7,867.49,6072.43,Asia
15555,2024-10-07,Home Appliances,Ninja Professional Blender,12,93.09,1117.08,North America
15556,2024-07-29,Books,The Da Vinci Code,6,15.15,90.90,North America
15557,2025-07-05,Clothing,Under Armour Training Shirt,13,43.36,563.68,North America
15558,2025-11-24,Clothing,Calvin Klein Slim Fit Shirt,2,97.62,195.24,North America
15559,2024-10-30,Sports,Wilson Evolution Basketball,12,32.43,389.16,Europe
15560,2024-12-01,Books,Sapiens,1,23.06,23.06,South America
15561,2025-08-05,Books,"Salt, Fat, Acid, Heat by Samin Nosrat",7,30.01,210.07,North America
15562,2025-05-07,Electronics,Dell XPS 13 Laptop,20,1327.71,26554.20,Europe
15563,2025-06-26,Clothing,Under Armour Training Shirt,13,40.93,532.09,Asia
15564,2024-05-07,Books,Deep Work,6,18.60,111.60,North America
15565,2024-07-27,Home Appliances,LG Front Load Washer,7,979.96,6859.72,Middle East
15566,2024-06-24,Clothing,Nike Air Force 1,6,93.13,558.78,Asia
15567,2025-02-23,Clothing,Calvin Klein Slim Fit Shirt,20,89.56,1791.20,Asia
15568,2024-04-24,Electronics,Canon EOS R10 Camera,5,997.97,4989.85,Asia
15569,2025-07-20,Clothing,Adidas Ultraboost Shoes,19,203.28,3862.32,Asia
15570,2024-03-09,Beauty Products,Clinique Moisture Surge,12,46.83,561.96,Asia
15571,2025-06-07,Clothing,North Face Down Jacket,10,230.58,2305.80,Asia
15572,2024-04-02,Books,Clean Code,4,37.79,151.16,South America
15573,2025-03-12,Books,Atomic Habits,19,20.84,395.96,North America
15574,2024-03-29,Beauty Products,Maybelline Makeup Kit,15,50.47,757.05,Asia
15575,2025-12-04,Home Appliances,Samsung Smart Refrigerator,1,1737.67,1737.67,Middle East
15576,2025-09-08,Electronics,Google Pixel 8 Pro,19,994.85,18902.15,Oceania
15577,2025-11-10,Beauty Products,Chanel No. 5 Perfume,12,130.02,1560.24,Africa
15578,2025-05-20,Home Appliances,iRobot Roomba j7,15,651.46,9771.90,Oceania
15579,2025-04-24,Home Appliances,Instant Pot Duo 7-in-1,20,127.07,2541.40,Asia
15580,2025-07-19,Books,Sapiens,12,24.22,290.64,North America
15581,2024-05-16,Beauty Products,MAC Lipstick Collection,7,78.18,547.26,South America
15582,2025-12-13,Electronics,Samsung Galaxy Tab S8,10,716.78,7167.80,Africa
15583,2024-07-17,Clothing,North Face Down Jacket,17,258.61,4396.37,Middle East
15584,2024-03-18,Sports,Hydro Flask Sports Bottle,1,43.37,43.37,Europe
15585,2024-04-20,Home Appliances,Dyson V11 Vacuum,5,481.24,2406.20,South America
15586,2024-09-05,Sports,Everlast Boxing Gloves,15,52.77,791.55,Middle East
15587,2024-07-10,Clothing,Puma Sports Hoodie,9,79.04,711.36,Middle East
15588,2024-12-21,Home Appliances,Philips Air Fryer XXL,17,268.60,4566.20,South America
15589,2025-06-16,Home Appliances,Instant Pot Duo 7-in-1,7,139.49,976.43,Oceania
15590,2025-01-27,Home Appliances,Ninja Professional Blender,9,100.35,903.15,South America
15591,2024-09-29,Books,Deep Work,15,19.64,294.60,Africa
15592,2024-01-14,Clothing,Puma Sports Hoodie,5,76.96,384.80,South America
15593,2025-02-07,Beauty Products,L'Oreal Revitalift Cream,8,32.09,256.72,Middle East
15594,2025-01-27,Beauty Products,Chanel No. 5 Perfume,20,131.87,2637.40,Oceania
15595,2025-12-24,Books,Clean Code,17,39.62,673.54,Middle East
15596,2024-01-26,Home Appliances,Philips Air Fryer XXL,16,241.58,3865.28,South America
15597,2024-08-14,Books,Dune by Frank Herbert,19,26.84,509.96,North America
15598,2025-10-15,Clothing,Puma Sports Hoodie,19,75.91,1442.29,Oceania
15599,2025-09-20,Home Appliances,iRobot Roomba j7,5,604.12,3020.60,Middle East
15600,2024-04-01,Electronics,Sony WH-1000XM5 Headphones,18,419.38,7548.84,Asia
15601,2024-06-05,Beauty Products,Chanel No. 5 Perfume,18,118.40,2131.20,Asia
15602,2024-10-20,Home Appliances,Samsung Smart Refrigerator,11,2039.91,22439.01,South America
15603,2024-06-20,Clothing,Columbia Rain Jacket,12,130.09,1561.08,Europe
15604,2024-05-01,Home Appliances,Instant Pot Duo 7-in-1,15,136.04,2040.60,Asia
15605,2024-10-27,Home Appliances,Blueair Classic 480i,19,589.27,11196.13,Europe
15606,2024-12-10,Books,Clean Code,18,41.43,745.74,Middle East
15607,2024-06-17,Electronics,Canon EOS R10 Camera,10,1033.58,10335.80,Oceania
15608,2025-08-01,Sports,Manduka PRO Yoga Mat,16,122.02,1952.32,Asia
15609,2024-03-08,Beauty Products,MAC Lipstick Collection,7,78.03,546.21,Middle East
15610,2025-08-06,Beauty Products,Maybelline Makeup Kit,8,46.69,373.52,Europe
15611,2025-06-19,Clothing,Puma Sports Hoodie,5,78.19,390.95,Europe
15612,2024-02-18,Beauty Products,The Ordinary Serum Set,11,41.73,459.03,Asia
15613,2024-03-20,Books,Sapiens,17,25.16,427.72,South America
15614,2025-02-18,Home Appliances,Philips Air Fryer XXL,11,255.27,2807.97,Africa
15615,2025-03-25,Beauty Products,MAC Lipstick Collection,1,81.04,81.04,Middle East
15616,2025-03-08,Books,Dune by Frank Herbert,11,24.52,269.72,North America
15617,2024-11-01,Beauty Products,Dyson Supersonic Hair Dryer,18,449.77,8095.86,Oceania
15618,2025-08-29,Home Appliances,iRobot Roomba j7,11,599.60,6595.60,North America
15619,2024-12-29,Books,Clean Code,15,43.66,654.90,South America
15620,2024-02-20,Beauty Products,Olaplex Hair Repair Set,19,65.30,1240.70,Asia
15621,2025-03-03,Home Appliances,iRobot Roomba j7,5,585.59,2927.95,Oceania
15622,2024-09-11,Books,The Psychology of Money,17,18.20,309.40,Oceania
15623,2024-11-15,Sports,Wilson Evolution Basketball,11,30.71,337.81,Asia
15624,2025-11-10,Clothing,Calvin Klein Slim Fit Shirt,14,84.74,1186.36,Europe
15625,2025-01-23,Home Appliances,Dyson V11 Vacuum,16,480.57,7689.12,Europe
15626,2024-06-17,Books,Deep Work,10,20.20,202.00,North America
15627,2024-06-12,Clothing,Under Armour Training Shirt,11,39.98,439.78,Africa
15628,2025-12-27,Books,The Hobbit,14,15.62,218.68,Asia
15629,2024-06-08,Beauty Products,CeraVe Hydrating Cleanser,14,20.67,289.38,Asia
15630,2024-11-19,Home Appliances,LG Front Load Washer,1,926.61,926.61,South America
15631,2025-05-06,Electronics,Google Pixel 8 Pro,8,941.76,7534.08,Europe
15632,2025-12-27,Sports,Fitbit Charge 6,3,162.82,488.46,North America
15633,2025-11-16,Beauty Products,Dyson Supersonic Hair Dryer,15,392.52,5887.80,South America
15634,2025-07-31,Home Appliances,Blueair Classic 480i,3,559.61,1678.83,Asia
15635,2025-12-04,Beauty Products,MAC Lipstick Collection,18,83.76,1507.68,Oceania
15636,2025-11-26,Electronics,MacBook Pro 16-inch,10,2570.90,25709.00,Asia
15637,2025-08-08,Sports,Wilson Evolution Basketball,18,28.61,514.98,Europe
15638,2025-08-30,Electronics,Garmin Forerunner 945,12,464.31,5571.72,Europe
15639,2024-04-24,Beauty Products,The Ordinary Serum Set,4,41.16,164.64,Europe
15640,2025-08-03,Home Appliances,Philips Air Fryer XXL,8,265.23,2121.84,Asia
15641,2024-02-19,Clothing,Levi's 501 Jeans,8,74.82,598.56,Oceania
15642,2025-02-17,Clothing,Vans Old Skool Sneakers,12,83.94,1007.28,South America
15643,2024-12-02,Books,Clean Code,15,40.94,614.10,South America
15644,2025-11-19,Beauty Products,MAC Lipstick Collection,12,77.58,930.96,Europe
15645,2024-03-25,Beauty Products,MAC Lipstick Collection,19,72.37,1375.03,Europe
15646,2024-12-16,Electronics,Garmin Forerunner 945,12,457.24,5486.88,Oceania
15647,2024-04-27,Books,The Psychology of Money,11,17.74,195.14,Asia
15648,2024-05-19,Beauty Products,Olaplex Hair Repair Set,2,61.12,122.24,North America
15649,2024-03-29,Electronics,MacBook Pro 16-inch,9,2435.99,21923.91,Africa
15650,2024-05-19,Electronics,Canon EOS R10 Camera,5,1058.00,5290.00,South America
15651,2025-05-09,Electronics,Google Pixel 8 Pro,10,1015.91,10159.10,North America
15652,2024-07-29,Home Appliances,Philips Air Fryer XXL,1,227.81,227.81,Oceania
15653,2024-04-28,Clothing,Patagonia Fleece Jacket,10,194.88,1948.80,Europe
15654,2024-09-09,Beauty Products,Maybelline Makeup Kit,5,50.31,251.55,Asia
15655,2024-09-26,Clothing,Adidas Ultraboost Shoes,8,172.77,1382.16,Africa
15656,2024-04-25,Sports,Spalding Volleyball,13,36.37,472.81,Middle East
15657,2024-09-06,Clothing,Levi's 501 Jeans,2,65.95,131.90,Africa
15658,2025-10-11,Books,The Da Vinci Code,17,16.21,275.57,Africa
15659,2025-08-19,Clothing,Under Armour Training Shirt,6,40.07,240.42,Oceania
15660,2024-03-10,Sports,Callaway Golf Club Set,4,934.31,3737.24,Africa
15661,2024-12-07,Electronics,Sony WH-1000XM5 Headphones,6,439.20,2635.20,North America
15662,2024-06-01,Clothing,Levi's 501 Jeans,5,68.80,344.00,Asia
15663,2024-11-04,Sports,Adidas FIFA Soccer Ball,11,41.21,453.31,South America
15664,2025-09-25,Sports,Wilson Evolution Basketball,20,30.94,618.80,Middle East
15665,2024-06-05,Books,The Da Vinci Code,11,16.69,183.59,Asia
15666,2024-07-05,Sports,Manduka PRO Yoga Mat,2,108.42,216.84,Europe
15667,2024-10-27,Sports,Hydro Flask Sports Bottle,2,42.12,84.24,South America
15668,2024-03-27,Beauty Products,Chanel No. 5 Perfume,13,139.81,1817.53,South America
15669,2025-08-18,Books,Clean Code,8,39.80,318.40,Asia
15670,2024-07-19,Sports,Callaway Golf Club Set,16,930.46,14887.36,Asia
15671,2025-12-03,Home Appliances,Ninja Professional Blender,12,103.88,1246.56,Africa
15672,2025-06-01,Books,The Da Vinci Code,2,15.10,30.20,Asia
15673,2025-07-10,Electronics,Apple Watch Series 9,4,401.37,1605.48,Oceania
15674,2025-06-25,Electronics,iPhone 14 Pro,14,1049.72,14696.08,Asia
15675,2024-03-20,Home Appliances,LG Front Load Washer,20,816.16,16323.20,South America
15676,2024-03-11,Beauty Products,Maybelline Makeup Kit,5,51.52,257.60,Middle East
15677,2025-12-20,Books,Deep Work,19,19.39,368.41,Africa
15678,2025-10-22,Sports,Babolat Pure Drive Tennis Racket,1,182.63,182.63,Asia
15679,2025-06-01,Books,Clean Code,1,43.94,43.94,Middle East
15680,2025-06-21,Books,Sapiens,5,23.84,119.20,Asia
15681,2024-03-04,Books,Dune by Frank Herbert,5,24.08,120.40,Europe
15682,2025-07-06,Electronics,MacBook Pro 16-inch,16,2294.89,36718.24,South America
15683,2025-09-10,Home Appliances,LG Front Load Washer,6,914.41,5486.46,South America
15684,2024-04-25,Home Appliances,iRobot Roomba j7,6,597.77,3586.62,North America
15685,2025-01-15,Sports,Everlast Boxing Gloves,12,51.86,622.32,North America
15686,2024-12-18,Sports,Fitbit Charge 6,10,158.02,1580.20,Asia
15687,2024-02-18,Home Appliances,KitchenAid Stand Mixer,3,444.48,1333.44,South America
15688,2025-04-11,Electronics,iPhone 14 Pro,13,959.74,12476.62,Europe
15689,2024-09-03,Clothing,Columbia Rain Jacket,7,121.45,850.15,North America
15690,2024-03-17,Sports,Manduka PRO Yoga Mat,3,119.31,357.93,Asia
15691,2025-04-08,Books,Atomic Habits,17,21.64,367.88,South America
15692,2025-03-14,Clothing,Nike Air Force 1,7,82.62,578.34,Europe
15693,2024-05-05,Clothing,Calvin Klein Slim Fit Shirt,19,93.09,1768.71,South America
15694,2024-09-01,Beauty Products,Clinique Moisture Surge,1,48.19,48.19,Asia
15695,2025-05-24,Beauty Products,Dyson Supersonic Hair Dryer,11,409.33,4502.63,Middle East
15696,2025-03-03,Clothing,Nike Air Force 1,8,91.81,734.48,Europe
15697,2025-07-13,Home Appliances,Dyson V11 Vacuum,20,536.65,10733.00,Oceania
15698,2024-02-15,Clothing,Puma Sports Hoodie,12,79.95,959.40,South America
15699,2025-06-28,Home Appliances,iRobot Roomba j7,7,682.24,4775.68,South America
15700,2024-03-28,Electronics,MacBook Pro 16-inch,11,2649.14,29140.54,Africa
15701,2024-04-13,Home Appliances,iRobot Roomba j7,19,608.06,11553.14,Europe
15702,2024-03-13,Sports,Babolat Pure Drive Tennis Racket,6,198.70,1192.20,Middle East
15703,2025-03-14,Sports,Callaway Golf Club Set,20,917.72,18354.40,North America
15704,2024-05-15,Clothing,Patagonia Fleece Jacket,12,179.91,2158.92,Oceania
15705,2025-07-12,Clothing,Under Armour Training Shirt,11,36.05,396.55,Asia
15706,2024-07-01,Clothing,Columbia Rain Jacket,13,129.56,1684.28,Asia
15707,2024-03-14,Sports,Manduka PRO Yoga Mat,13,114.45,1487.85,Africa
15708,2024-12-20,Books,Atomic Habits,15,19.85,297.75,Europe
15709,2024-11-13,Beauty Products,Chanel No. 5 Perfume,6,135.25,811.50,North America
15710,2024-03-01,Sports,Everlast Boxing Gloves,16,45.42,726.72,South America
15711,2024-02-13,Sports,Callaway Golf Club Set,6,941.53,5649.18,Asia
15712,2024-02-21,Clothing,Vans Old Skool Sneakers,8,86.81,694.48,Europe
15713,2025-02-16,Books,The Da Vinci Code,13,17.23,223.99,Asia
15714,2025-08-26,Home Appliances,Keurig K-Elite Coffee Maker,17,201.37,3423.29,Africa
15715,2025-05-21,Beauty Products,CeraVe Hydrating Cleanser,10,20.39,203.90,Middle East
15716,2025-10-06,Beauty Products,L'Oreal Revitalift Cream,13,28.02,364.26,North America
15717,2025-09-04,Home Appliances,Keurig K-Elite Coffee Maker,6,183.89,1103.34,Asia
15718,2025-12-16,Beauty Products,Maybelline Makeup Kit,1,52.45,52.45,Africa
15719,2025-07-09,Beauty Products,MAC Lipstick Collection,3,86.76,260.28,Asia
15720,2024-07-13,Home Appliances,Instant Pot Duo 7-in-1,11,128.16,1409.76,Middle East
15721,2025-04-11,Electronics,Sony WH-1000XM5 Headphones,15,423.95,6359.25,South America
15722,2024-06-19,Books,Atomic Habits,11,19.81,217.91,South America
15723,2025-11-02,Electronics,Garmin Forerunner 945,2,457.48,914.96,Asia
15724,2025-05-10,Beauty Products,Maybelline Makeup Kit,17,50.57,859.69,Europe
15725,2024-08-09,Clothing,Patagonia Fleece Jacket,8,179.49,1435.92,Asia
15726,2024-11-10,Electronics,MacBook Pro 16-inch,4,2569.22,10276.88,Africa
15727,2025-05-12,Books,"Salt, Fat, Acid, Heat by Samin Nosrat",7,35.42,247.94,Africa
15728,2025-04-09,Clothing,Puma Sports Hoodie,9,79.73,717.57,Oceania
15729,2024-10-08,Sports,Manduka PRO Yoga Mat,17,108.56,1845.52,South America
15730,2024-06-27,Beauty Products,Clinique Moisture Surge,18,48.15,866.70,Middle East
15731,2025-09-13,Home Appliances,Dyson V11 Vacuum,8,538.84,4310.72,North America
15732,2025-11-11,Sports,Everlast Boxing Gloves,3,47.78,143.34,Middle East
15733,2025-12-18,Electronics,Canon EOS R10 Camera,3,972.31,2916.93,North America
15734,2024-02-24,Beauty Products,Neutrogena Skincare Set,5,92.18,460.90,Oceania
15735,2024-07-11,Home Appliances,Keurig K-Elite Coffee Maker,13,188.68,2452.84,Europe
15736,2025-12-11,Clothing,Columbia Rain Jacket,8,133.32,1066.56,South America
15737,2024-10-03,Clothing,Puma Sports Hoodie,17,68.62,1166.54,South America
15738,2024-03-24,Electronics,Google Pixel 8 Pro,11,935.67,10292.37,North America
15739,2024-01-08,Books,The Alchemist,19,11.85,225.15,Middle East
15740,2025-11-03,Sports,Everlast Boxing Gloves,2,51.67,103.34,North America
15741,2024-09-13,Beauty Products,Clinique Moisture Surge,11,43.42,477.62,Asia
15742,2025-10-07,Clothing,North Face Down Jacket,17,232.61,3954.37,Africa
15743,2025-10-11,Sports,Babolat Pure Drive Tennis Racket,5,187.02,935.10,North America
15744,2024-04-02,Beauty Products,Dyson Supersonic Hair Dryer,17,452.27,7688.59,Oceania
15745,2024-09-22,Electronics,Dell XPS 13 Laptop,1,1178.76,1178.76,North America
15746,2024-12-02,Electronics,Samsung Galaxy Tab S8,12,735.34,8824.08,South America
15747,2025-09-11,Sports,Babolat Pure Drive Tennis Racket,10,201.49,2014.90,Europe
15748,2025-03-17,Home Appliances,Blueair Classic 480i,9,563.15,5068.35,Europe
15749,2025-10-02,Electronics,iPhone 14 Pro,19,1015.30,19290.70,Europe
15750,2024-10-18,Books,The Alchemist,13,13.07,169.91,Europe
15751,2025-10-30,Books,Atomic Habits,5,21.74,108.70,Oceania
15752,2025-10-11,Beauty Products,Olaplex Hair Repair Set,18,60.70,1092.60,Europe
15753,2024-03-24,Books,The Psychology of Money,3,17.45,52.35,North America
15754,2025-07-23,Beauty Products,Clinique Moisture Surge,8,42.74,341.92,South America
15755,2025-04-09,Home Appliances,Instant Pot Duo 7-in-1,17,117.48,1997.16,Europe
15756,2024-10-05,Books,The Da Vinci Code,20,15.22,304.40,Oceania
15757,2024-01-01,Home Appliances,Philips Air Fryer XXL,12,231.17,2774.04,Asia
15758,2025-04-25,Beauty Products,Neutrogena Skincare Set,20,91.42,1828.40,Middle East
15759,2024-01-24,Books,Atomic Habits,7,20.35,142.45,Asia
15760,2024-10-21,Home Appliances,LG Front Load Washer,8,946.83,7574.64,Oceania
15761,2025-04-11,Home Appliances,Keurig K-Elite Coffee Maker,18,179.84,3237.12,Africa
15762,2024-06-19,Home Appliances,Dyson V11 Vacuum,6,542.59,3255.54,Oceania
15763,2025-10-28,Home Appliances,KitchenAid Stand Mixer,5,449.07,2245.35,Europe
15764,2025-01-29,Clothing,Levi's 501 Jeans,3,64.47,193.41,Middle East
15765,2025-08-20,Electronics,Sony WH-1000XM5 Headphones,16,417.09,6673.44,Asia
15766,2025-10-12,Books,The Psychology of Money,7,19.33,135.31,Europe
15767,2025-01-03,Books,The Da Vinci Code,19,16.97,322.43,Asia
15768,2024-11-04,Books,Sapiens,11,26.44,290.84,Europe
15769,2024-10-09,Electronics,Garmin Forerunner 945,5,470.64,2353.20,South America
15770,2025-10-04,Electronics,Dell XPS 13 Laptop,15,1331.82,19977.30,Middle East
15771,2024-03-29,Sports,Hydro Flask Sports Bottle,16,36.73,587.68,South America
15772,2024-06-04,Beauty Products,Olaplex Hair Repair Set,8,58.47,467.76,Oceania
15773,2024-05-16,Books,Clean Code,8,39.83,318.64,Asia
15774,2025-04-09,Home Appliances,iRobot Roomba j7,5,592.40,2962.00,South America
15775,2025-02-17,Books,Atomic Habits,6,19.76,118.56,Asia
15776,2024-05-27,Electronics,Google Pixel 8 Pro,10,922.58,9225.80,Oceania
15777,2025-06-11,Books,Atomic Habits,11,18.65,205.15,North America
15778,2024-11-04,Beauty Products,Maybelline Makeup Kit,15,45.35,680.25,Europe
15779,2024-08-01,Clothing,Puma Sports Hoodie,4,73.33,293.32,Middle East
15780,2024-12-26,Sports,Bowflex Adjustable Dumbbells,11,443.21,4875.31,Europe
15781,2025-06-03,Clothing,Levi's 501 Jeans,6,63.94,383.64,Middle East
15782,2024-03-31,Home Appliances,Dyson V11 Vacuum,11,527.73,5805.03,Oceania
15783,2024-03-01,Electronics,Dell XPS 13 Laptop,7,1394.81,9763.67,South America
15784,2025-12-07,Electronics,Dell XPS 13 Laptop,18,1321.22,23781.96,Europe
15785,2024-12-25,Sports,Manduka PRO Yoga Mat,7,109.77,768.39,North America
15786,2025-05-27,Home Appliances,Dyson V11 Vacuum,12,506.60,6079.20,North America
15787,2024-10-19,Home Appliances,iRobot Roomba j7,4,710.22,2840.88,Europe
15788,2024-04-26,Beauty Products,MAC Lipstick Collection,12,78.91,946.92,Asia
15789,2025-10-25,Sports,Hydro Flask Sports Bottle,6,36.54,219.24,North America
15790,2024-04-25,Sports,Spalding Volleyball,6,38.30,229.80,South America
15791,2025-05-13,Home Appliances,Dyson V11 Vacuum,10,464.32,4643.20,North America
15792,2025-08-07,Beauty Products,The Ordinary Serum Set,6,41.25,247.50,Asia
15793,2025-04-18,Home Appliances,Keurig K-Elite Coffee Maker,2,195.33,390.66,North America
15794,2025-07-13,Electronics,iPhone 14 Pro,13,1085.08,14106.04,North America
15795,2025-12-12,Books,Sapiens,8,26.51,212.08,Africa
15796,2025-04-26,Clothing,Vans Old Skool Sneakers,8,87.62,700.96,Middle East
15797,2024-02-04,Beauty Products,The Ordinary Serum Set,11,39.35,432.85,Africa
15798,2024-10-01,Books,The Hobbit,19,15.06,286.14,South America
15799,2024-06-17,Electronics,Dell XPS 13 Laptop,3,1246.50,3739.50,Africa
15800,2025-03-25,Books,The Psychology of Money,14,19.38,271.32,Europe
15801,2024-12-27,Clothing,Levi's 501 Jeans,1,68.62,68.62,Africa
15802,2024-04-12,Home Appliances,LG Front Load Washer,7,894.76,6263.32,North America
15803,2024-11-19,Books,"Salt, Fat, Acid, Heat by Samin Nosrat",6,34.23,205.38,Europe
15804,2024-03-27,Clothing,North Face Down Jacket,18,273.57,4924.26,Middle East
15805,2024-01-04,Beauty Products,Chanel No. 5 Perfume,16,137.91,2206.56,South America
15806,2024-06-07,Home Appliances,Keurig K-Elite Coffee Maker,17,173.52,2949.84,North America
15807,2025-03-01,Beauty Products,The Ordinary Serum Set,18,36.23,652.14,Europe
15808,2025-07-04,Electronics,Garmin Forerunner 945,11,480.73,5288.03,South America
15809,2024-05-13,Clothing,Nike Air Force 1,8,97.57,780.56,Oceania
15810,2025-09-26,Beauty Products,Maybelline Makeup Kit,2,50.91,101.82,Africa
15811,2025-03-17,Electronics,Apple Watch Series 9,12,399.78,4797.36,Middle East
15812,2024-09-05,Electronics,iPhone 14 Pro,8,1010.66,8085.28,South America
15813,2025-11-17,Sports,Spalding Volleyball,7,34.02,238.14,North America
15814,2024-05-18,Home Appliances,Samsung Smart Refrigerator,9,1954.87,17593.83,North America
15815,2025-01-30,Electronics,Samsung Galaxy Tab S8,15,817.66,12264.90,North America
15816,2025-09-05,Books,The Hobbit,13,13.58,176.54,North America
15817,2024-08-04,Clothing,Nike Air Force 1,10,87.32,873.20,Oceania
15818,2024-09-28,Beauty Products,Neutrogena Skincare Set,10,85.67,856.70,Oceania
15819,2024-09-14,Beauty Products,Maybelline Makeup Kit,3,50.98,152.94,Oceania
15820,2025-10-14,Electronics,MacBook Pro 16-inch,14,2674.98,37449.72,South America
15821,2025-02-03,Books,The Alchemist,5,11.74,58.70,Oceania
15822,2024-06-05,Sports,Callaway Golf Club Set,20,908.24,18164.80,South America
15823,2024-08-22,Sports,Wilson Evolution Basketball,15,30.03,450.45,Asia
15824,2025-04-21,Beauty Products,Clinique Moisture Surge,2,47.71,95.42,Africa
15825,2025-02-04,Beauty Products,The Ordinary Serum Set,19,40.08,761.52,Oceania
15826,2024-10-04,Beauty Products,Neutrogena Skincare Set,8,90.22,721.76,Oceania
15827,2024-04-05,Books,Dune by Frank Herbert,4,25.49,101.96,Oceania
15828,2024-06-15,Sports,Adidas FIFA Soccer Ball,15,38.79,581.85,Asia
15829,2024-05-03,Home Appliances,LG Front Load Washer,8,973.28,7786.24,South America
15830,2025-04-08,Sports,Everlast Boxing Gloves,19,45.02,855.38,Oceania
15831,2025-06-19,Books,Atomic Habits,4,19.41,77.64,Asia
15832,2025-11-17,Sports,Babolat Pure Drive Tennis Racket,15,217.02,3255.30,Africa
15833,2025-11-09,Electronics,Samsung Galaxy Tab S8,18,772.82,13910.76,Asia
15834,2024-11-12,Electronics,Samsung Galaxy Tab S8,7,782.46,5477.22,Middle East
15835,2025-01-23,Clothing,Vans Old Skool Sneakers,16,73.37,1173.92,Europe
15836,2024-09-01,Beauty Products,Chanel No. 5 Perfume,5,119.35,596.75,South America
15837,2024-01-22,Books,Atomic Habits,3,18.04,54.12,North America
15838,2024-02-04,Electronics,Apple Watch Series 9,17,454.29,7722.93,Oceania
15839,2024-04-29,Beauty Products,Neutrogena Skincare Set,15,93.79,1406.85,Europe
15840,2024-09-03,Electronics,Sony WH-1000XM5 Headphones,12,417.62,5011.44,Middle East
15841,2024-09-17,Electronics,Apple Watch Series 9,16,411.38,6582.08,South America
15842,2024-12-16,Home Appliances,LG Front Load Washer,12,950.37,11404.44,North America
15843,2024-07-30,Home Appliances,Ninja Professional Blender,9,108.10,972.90,Africa
15844,2025-08-30,Books,Sapiens,7,24.81,173.67,Asia
15845,2025-11-24,Beauty Products,Clinique Moisture Surge,9,47.85,430.65,South America
15846,2024-12-30,Sports,Spalding Volleyball,16,34.86,557.76,Oceania
15847,2024-06-27,Beauty Products,Maybelline Makeup Kit,13,47.97,623.61,Middle East
15848,2024-11-07,Clothing,Nike Air Force 1,5,84.51,422.55,Asia
15849,2024-09-08,Clothing,Levi's 501 Jeans,15,71.25,1068.75,Africa
15850,2025-09-15,Home Appliances,Blueair Classic 480i,9,553.63,4982.67,Oceania
15851,2024-08-07,Beauty Products,MAC Lipstick Collection,17,78.76,1338.92,Asia
15852,2025-06-25,Clothing,Patagonia Fleece Jacket,12,180.48,2165.76,Oceania
15853,2025-12-25,Sports,Manduka PRO Yoga Mat,19,122.82,2333.58,Oceania
15854,2024-11-24,Beauty Products,Clinique Moisture Surge,8,43.83,350.64,Asia
15855,2025-10-04,Sports,Manduka PRO Yoga Mat,9,114.80,1033.20,Oceania
15856,2025-01-24,Sports,Hydro Flask Sports Bottle,18,42.92,772.56,Oceania
15857,2024-08-01,Electronics,iPhone 14 Pro,18,911.89,16414.02,Middle East
15858,2024-05-09,Beauty Products,MAC Lipstick Collection,9,84.05,756.45,Oceania
15859,2024-09-14,Beauty Products,L'Oreal Revitalift Cream,7,30.92,216.44,Africa
15860,2025-06-12,Clothing,Vans Old Skool Sneakers,4,73.28,293.12,North America
15861,2025-11-25,Sports,Babolat Pure Drive Tennis Racket,10,201.86,2018.60,North America
15862,2024-07-21,Electronics,Apple Watch Series 9,3,428.26,1284.78,South America
15863,2024-07-02,Clothing,Patagonia Fleece Jacket,4,180.57,722.28,North America
15864,2024-01-27,Beauty Products,Dyson Supersonic Hair Dryer,9,438.53,3946.77,Europe
15865,2024-02-08,Home Appliances,LG Front Load Washer,7,901.25,6308.75,North America
15866,2025-08-27,Books,Sapiens,6,23.29,139.74,Asia
15867,2025-12-09,Clothing,Under Armour Training Shirt,16,39.33,629.28,North America
15868,2025-06-15,Clothing,Patagonia Fleece Jacket,9,165.47,1489.23,Europe
15869,2024-10-10,Home Appliances,LG Front Load Washer,14,961.73,13464.22,Asia
15870,2024-05-04,Books,Deep Work,1,18.09,18.09,North America
15871,2024-02-21,Electronics,Garmin Forerunner 945,2,489.78,979.56,South America
15872,2024-08-05,Beauty Products,Dyson Supersonic Hair Dryer,13,402.50,5232.50,Oceania
15873,2025-04-06,Beauty Products,Clinique Moisture Surge,15,47.16,707.40,Asia
15874,2025-08-21,Clothing,Patagonia Fleece Jacket,13,193.58,2516.54,South America
15875,2025-04-11,Books,"Salt, Fat, Acid, Heat by Samin Nosrat",16,32.88,526.08,Asia
15876,2024-11-19,Sports,Babolat Pure Drive Tennis Racket,3,183.27,549.81,Asia
15877,2024-02-19,Sports,Babolat Pure Drive Tennis Racket,3,198.85,596.55,Asia
15878,2024-02-09,Electronics,MacBook Pro 16-inch,14,2570.82,35991.48,Africa
15879,2025-04-25,Clothing,Puma Sports Hoodie,7,69.46,486.22,Middle East
15880,2024-10-03,Home Appliances,Instant Pot Duo 7-in-1,17,119.70,2034.90,North America
15881,2025-10-02,Beauty Products,L'Oreal Revitalift Cream,16,31.88,510.08,Oceania
15882,2024-12-27,Electronics,iPhone 14 Pro,17,1094.78,18611.26,Asia
15883,2024-10-06,Home Appliances,Samsung Smart Refrigerator,4,2079.73,8318.92,North America
15884,2025-07-11,Books,The Psychology of Money,15,18.17,272.55,North America
15885,2024-12-15,Electronics,Garmin Forerunner 945,8,488.57,3908.56,Middle East
15886,2024-12-26,Clothing,Vans Old Skool Sneakers,8,74.61,596.88,Middle East
15887,2024-03-09,Clothing,Adidas Ultraboost Shoes,5,208.81,1044.05,Middle East
15888,2025-01-29,Electronics,Google Pixel 8 Pro,8,901.33,7210.64,Asia
15889,2025-09-28,Clothing,Adidas Ultraboost Shoes,9,197.69,1779.21,Asia
15890,2024-08-04,Home Appliances,Keurig K-Elite Coffee Maker,20,196.48,3929.60,Oceania
15891,2025-12-26,Beauty Products,MAC Lipstick Collection,7,82.06,574.42,Africa
15892,2025-09-29,Books,"Salt, Fat, Acid, Heat by Samin Nosrat",19,29.79,566.01,Africa
15893,2024-09-13,Sports,Hydro Flask Sports Bottle,1,40.09,40.09,Middle East
15894,2025-11-16,Home Appliances,Philips Air Fryer XXL,12,270.96,3251.52,Europe
15895,2024-05-31,Electronics,Apple Watch Series 9,4,406.98,1627.92,Africa
15896,2024-11-19,Sports,Babolat Pure Drive Tennis Racket,16,216.47,3463.52,Asia
15897,2025-03-20,Home Appliances,Dyson V11 Vacuum,20,476.12,9522.40,Middle East
15898,2025-06-05,Clothing,Calvin Klein Slim Fit Shirt,20,90.32,1806.40,North America
15899,2025-04-11,Clothing,Columbia Rain Jacket,19,122.40,2325.60,Europe
15900,2025-05-28,Books,The Hobbit,18,15.90,286.20,Middle East
15901,2025-11-07,Home Appliances,LG Front Load Washer,3,923.56,2770.68,South America
15902,2024-04-17,Sports,Fitbit Charge 6,2,174.70,349.40,South America
15903,2025-07-30,Clothing,Calvin Klein Slim Fit Shirt,6,87.79,526.74,North America
15904,2024-01-23,Electronics,Dell XPS 13 Laptop,12,1253.00,15036.00,South America
15905,2025-08-24,Books,Dune by Frank Herbert,8,23.63,189.04,South America
15906,2025-10-05,Home Appliances,Ninja Professional Blender,19,97.35,1849.65,Asia
15907,2025-09-09,Clothing,Nike Air Force 1,11,93.42,1027.62,Africa
15908,2025-04-09,Beauty Products,Maybelline Makeup Kit,9,52.83,475.47,Oceania
15909,2025-04-04,Electronics,Garmin Forerunner 945,8,475.27,3802.16,Oceania
15910,2024-07-30,Clothing,Levi's 501 Jeans,13,65.79,855.27,South America
15911,2024-01-23,Sports,Everlast Boxing Gloves,3,48.12,144.36,South America
15912,2024-03-17,Books,"Salt, Fat, Acid, Heat by Samin Nosrat",20,32.09,641.80,Oceania
15913,2024-09-24,Electronics,Nintendo Switch OLED,16,329.88,5278.08,Africa
15914,2024-08-11,Home Appliances,Keurig K-Elite Coffee Maker,16,202.67,3242.72,Middle East
15915,2024-08-08,Home Appliances,Keurig K-Elite Coffee Maker,1,205.98,205.98,Africa
15916,2025-01-07,Sports,Bowflex Adjustable Dumbbells,6,458.33,2749.98,North America
15917,2024-01-21,Beauty Products,Olaplex Hair Repair Set,9,61.32,551.88,North America
15918,2025-09-10,Beauty Products,Maybelline Makeup Kit,19,49.57,941.83,North America
15919,2025-05-25,Home Appliances,Instant Pot Duo 7-in-1,13,141.46,1838.98,North America
15920,2024-04-30,Electronics,MacBook Pro 16-inch,9,2532.00,22788.00,South America
15921,2024-04-18,Books,Deep Work,11,18.40,202.40,Africa
15922,2025-04-15,Home Appliances,KitchenAid Stand Mixer,1,423.07,423.07,South America
15923,2024-09-19,Clothing,Patagonia Fleece Jacket,1,181.34,181.34,North America
15924,2025-06-22,Beauty Products,Maybelline Makeup Kit,10,46.38,463.80,Asia
15925,2024-04-13,Home Appliances,Instant Pot Duo 7-in-1,4,138.87,555.48,Oceania
15926,2024-01-20,Books,The Da Vinci Code,9,16.79,151.11,South America
15927,2025-10-16,Electronics,Google Pixel 8 Pro,18,1024.87,18447.66,Asia
15928,2025-10-01,Beauty Products,Maybelline Makeup Kit,19,49.11,933.09,Africa
15929,2024-12-24,Home Appliances,KitchenAid Stand Mixer,15,423.98,6359.70,Oceania
15930,2025-12-13,Home Appliances,KitchenAid Stand Mixer,4,433.68,1734.72,Africa
15931,2024-06-21,Clothing,Under Armour Training Shirt,13,42.13,547.69,North America
15932,2025-02-20,Books,The Hobbit,19,16.30,309.70,Europe
15933,2024-12-31,Home Appliances,Philips Air Fryer XXL,18,271.20,4881.60,North America
15934,2025-10-08,Beauty Products,Olaplex Hair Repair Set,3,65.04,195.12,Asia
15935,2025-04-28,Electronics,Sony WH-1000XM5 Headphones,8,382.75,3062.00,Europe
15936,2025-08-17,Home Appliances,Ninja Professional Blender,12,108.97,1307.64,North America
15937,2024-05-07,Books,The Alchemist,3,11.84,35.52,Oceania
15938,2024-10-29,Beauty Products,L'Oreal Revitalift Cream,7,32.79,229.53,North America
15939,2025-04-03,Home Appliances,Keurig K-Elite Coffee Maker,4,204.48,817.92,Middle East
15940,2025-11-16,Clothing,Vans Old Skool Sneakers,11,76.85,845.35,Africa
15941,2024-07-16,Beauty Products,Clinique Moisture Surge,8,43.71,349.68,North America
15942,2024-02-17,Home Appliances,KitchenAid Stand Mixer,3,437.15,1311.45,Asia
15943,2025-02-18,Home Appliances,Instant Pot Duo 7-in-1,9,138.00,1242.00,South America
15944,2025-11-22,Home Appliances,Philips Air Fryer XXL,14,234.28,3279.92,Middle East
15945,2025-08-19,Clothing,Patagonia Fleece Jacket,4,197.87,791.48,South America
15946,2025-05-07,Books,The Da Vinci Code,13,16.50,214.50,Oceania
15947,2024-01-31,Books,The Psychology of Money,16,19.13,306.08,Asia
15948,2025-09-05,Beauty Products,Olaplex Hair Repair Set,7,62.11,434.77,Asia
15949,2024-10-15,Electronics,Garmin Forerunner 945,10,469.60,4696.00,Middle East
15950,2024-04-17,Beauty Products,Neutrogena Skincare Set,4,86.31,345.24,Asia
15951,2024-04-15,Beauty Products,Neutrogena Skincare Set,16,97.78,1564.48,Oceania
15952,2024-02-29,Sports,Bowflex Adjustable Dumbbells,14,409.92,5738.88,Middle East
15953,2024-08-14,Sports,Hydro Flask Sports Bottle,13,42.47,552.11,Oceania
15954,2025-08-15,Home Appliances,LG Front Load Washer,15,981.58,14723.70,North America
15955,2024-09-22,Sports,Fitbit Charge 6,18,149.58,2692.44,North America
15956,2025-10-23,Books,Clean Code,7,40.05,280.35,Middle East
15957,2025-03-11,Books,Deep Work,8,17.80,142.40,Africa
15958,2025-11-26,Books,"Salt, Fat, Acid, Heat by Samin Nosrat",5,30.50,152.50,Middle East
15959,2025-10-30,Clothing,Vans Old Skool Sneakers,2,77.99,155.98,Asia
15960,2025-06-18,Clothing,Puma Sports Hoodie,14,77.89,1090.46,Oceania
15961,2024-09-24,Electronics,Canon EOS R10 Camera,2,1000.51,2001.02,Oceania
15962,2024-09-05,Electronics,MacBook Pro 16-inch,1,2661.53,2661.53,Oceania
15963,2025-04-17,Electronics,Dell XPS 13 Laptop,19,1249.60,23742.40,Europe
15964,2025-08-01,Electronics,Nintendo Switch OLED,9,367.66,3308.94,Middle East
15965,2024-04-06,Beauty Products,L'Oreal Revitalift Cream,3,28.03,84.09,Europe
15966,2024-10-11,Sports,Spalding Volleyball,1,31.67,31.67,Africa
15967,2024-09-21,Home Appliances,Keurig K-Elite Coffee Maker,17,197.21,3352.57,South America
15968,2025-09-29,Beauty Products,Chanel No. 5 Perfume,7,141.94,993.58,North America
15969,2024-06-10,Beauty Products,Neutrogena Skincare Set,10,96.84,968.40,Asia
15970,2025-12-17,Home Appliances,Dyson V11 Vacuum,8,542.25,4338.00,North America
15971,2024-01-19,Clothing,Levi's 501 Jeans,5,69.91,349.55,Middle East
15972,2024-08-16,Books,The Hobbit,6,16.24,97.44,South America
15973,2024-01-23,Home Appliances,Keurig K-Elite Coffee Maker,3,184.37,553.11,Europe
15974,2024-12-07,Beauty Products,Chanel No. 5 Perfume,17,125.43,2132.31,Oceania
15975,2024-04-11,Electronics,MacBook Pro 16-inch,11,2710.51,29815.61,Africa
15976,2025-09-15,Beauty Products,The Ordinary Serum Set,5,39.94,199.70,South America
15977,2025-04-29,Electronics,Canon EOS R10 Camera,1,1029.81,1029.81,South America
15978,2025-08-19,Electronics,Canon EOS R10 Camera,10,973.49,9734.90,Middle East
15979,2024-04-27,Beauty Products,L'Oreal Revitalift Cream,1,28.34,28.34,Europe
15980,2025-05-12,Electronics,Canon EOS R10 Camera,7,992.88,6950.16,Middle East
15981,2025-09-11,Home Appliances,KitchenAid Stand Mixer,8,486.32,3890.56,Europe
15982,2024-12-01,Home Appliances,KitchenAid Stand Mixer,13,455.51,5921.63,Middle East
15983,2024-04-26,Sports,Fitbit Charge 6,1,152.76,152.76,South America
15984,2025-05-18,Electronics,Apple Watch Series 9,12,455.37,5464.44,Europe
15985,2025-06-09,Electronics,Samsung Galaxy Tab S8,19,755.51,14354.69,South America
15986,2025-11-02,Electronics,Garmin Forerunner 945,10,542.88,5428.80,Europe
15987,2025-01-27,Home Appliances,Dyson V11 Vacuum,16,495.82,7933.12,Asia
15988,2024-08-08,Home Appliances,Blueair Classic 480i,12,625.84,7510.08,Europe
15989,2025-02-16,Electronics,Google Pixel 8 Pro,18,1056.41,19015.38,North America
15990,2025-09-06,Clothing,Calvin Klein Slim Fit Shirt,19,87.45,1661.55,Asia
15991,2025-08-03,Books,"Salt, Fat, Acid, Heat by Samin Nosrat",10,35.39,353.90,Oceania
15992,2024-04-07,Sports,Manduka PRO Yoga Mat,4,128.20,512.80,South America
15993,2025-04-17,Beauty Products,MAC Lipstick Collection,19,73.39,1394.41,South America
15994,2024-07-01,Home Appliances,LG Front Load Washer,11,830.91,9140.01,Africa
15995,2025-09-15,Beauty Products,CeraVe Hydrating Cleanser,8,17.77,142.16,North America
15996,2025-04-11,Books,Atomic Habits,17,20.20,343.40,Oceania
15997,2024-01-04,Books,Clean Code,16,40.08,641.28,Africa
15998,2024-03-07,Beauty Products,Dyson Supersonic Hair Dryer,4,418.53,1674.12,Asia
15999,2024-04-29,Books,Dune by Frank Herbert,5,28.42,142.10,North America
16000,2025-02-05,Clothing,Adidas Ultraboost Shoes,6,205.53,1233.18,Europe
16001,2024-10-12,Home Appliances,Dyson V11 Vacuum,13,481.31,6257.03,Asia
16002,2025-12-09,Books,Atomic Habits,11,19.71,216.81,Africa
16003,2025-06-10,Books,The Hobbit,14,13.74,192.36,Middle East
16004,2025-04-24,Clothing,Nike Air Force 1,13,87.54,1138.02,Middle East
16005,2024-11-28,Books,Dune by Frank Herbert,15,27.52,412.80,South America
16006,2025-03-02,Books,Atomic Habits,14,19.36,271.04,Africa
16007,2025-08-17,Electronics,iPhone 14 Pro,16,1057.74,16923.84,North America
16008,2025-01-23,Clothing,Vans Old Skool Sneakers,12,82.93,995.16,Asia
16009,2025-06-12,Books,Deep Work,11,18.74,206.14,Middle East
16010,2025-06-04,Electronics,Sony WH-1000XM5 Headphones,14,429.44,6012.16,North America
16011,2024-10-29,Beauty Products,CeraVe Hydrating Cleanser,19,17.68,335.92,Africa
16012,2024-10-17,Electronics,MacBook Pro 16-inch,8,2664.66,21317.28,Oceania
16013,2024-03-17,Clothing,Vans Old Skool Sneakers,6,80.02,480.12,Middle East
16014,2024-05-31,Clothing,Nike Air Force 1,5,85.97,429.85,Asia
16015,2025-12-21,Home Appliances,Dyson V11 Vacuum,5,525.07,2625.35,North America
16016,2024-12-13,Sports,Callaway Golf Club Set,11,941.19,10353.09,Europe
16017,2025-09-13,Clothing,Patagonia Fleece Jacket,16,177.52,2840.32,Europe
16018,2025-06-26,Clothing,Puma Sports Hoodie,19,79.71,1514.49,Africa
16019,2025-04-16,Home Appliances,iRobot Roomba j7,7,624.73,4373.11,Middle East
16020,2024-02-24,Sports,Spalding Volleyball,11,37.39,411.29,Middle East
16021,2025-11-21,Sports,Spalding Volleyball,15,33.29,499.35,Oceania
16022,2024-01-04,Electronics,Apple Watch Series 9,17,439.73,7475.41,Oceania
16023,2024-11-30,Sports,Everlast Boxing Gloves,9,53.95,485.55,Middle East
16024,2025-12-09,Electronics,Google Pixel 8 Pro,18,1021.95,18395.10,Africa
16025,2024-04-30,Sports,Wilson Evolution Basketball,13,29.15,378.95,South America
16026,2025-01-27,Books,"Salt, Fat, Acid, Heat by Samin Nosrat",16,35.14,562.24,Europe
16027,2024-01-04,Books,Atomic Habits,16,19.01,304.16,South America
16028,2024-03-13,Beauty Products,Maybelline Makeup Kit,12,45.28,543.36,Asia
16029,2025-08-07,Beauty Products,Clinique Moisture Surge,2,48.01,96.02,South America
16030,2025-09-06,Books,Deep Work,20,17.17,343.40,Oceania
16031,2024-01-26,Electronics,Garmin Forerunner 945,20,477.29,9545.80,Asia
16032,2025-10-22,Electronics,Dell XPS 13 Laptop,14,1202.07,16828.98,Africa
16033,2024-01-28,Clothing,Adidas Ultraboost Shoes,5,171.54,857.70,Middle East
16034,2025-06-25,Books,Dune by Frank Herbert,8,25.91,207.28,South America
16035,2025-06-21,Home Appliances,iRobot Roomba j7,8,695.81,5566.48,Europe
16036,2025-07-16,Beauty Products,The Ordinary Serum Set,4,39.72,158.88,Africa
16037,2025-04-19,Books,Atomic Habits,1,20.55,20.55,Europe
16038,2024-11-06,Electronics,Garmin Forerunner 945,3,491.42,1474.26,Europe
16039,2024-01-02,Sports,Babolat Pure Drive Tennis Racket,8,182.18,1457.44,South America
16040,2025-10-30,Books,The Da Vinci Code,4,16.41,65.64,South America
16041,2024-08-27,Sports,Babolat Pure Drive Tennis Racket,8,210.49,1683.92,Oceania
16042,2025-12-01,Books,The Psychology of Money,20,18.63,372.60,Europe
16043,2024-04-21,Books,The Da Vinci Code,12,14.68,176.16,Asia
16044,2025-05-08,Home Appliances,Philips Air Fryer XXL,6,252.53,1515.18,North America
16045,2025-04-24,Clothing,Adidas Ultraboost Shoes,12,204.65,2455.80,South America
16046,2025-09-11,Books,Atomic Habits,7,18.36,128.52,South America
16047,2024-04-29,Home Appliances,Dyson V11 Vacuum,9,464.54,4180.86,Oceania
16048,2024-06-29,Sports,Callaway Golf Club Set,20,916.85,18337.00,Africa
16049,2025-12-17,Electronics,Dell XPS 13 Laptop,7,1393.28,9752.96,Asia
16050,2024-10-19,Beauty Products,Clinique Moisture Surge,8,48.73,389.84,South America
16051,2024-08-02,Beauty Products,MAC Lipstick Collection,9,78.98,710.82,Africa
16052,2025-04-14,Electronics,Samsung Galaxy Tab S8,16,822.72,13163.52,South America
16053,2025-06-21,Clothing,Under Armour Training Shirt,20,41.24,824.80,Africa
16054,2025-04-30,Beauty Products,Maybelline Makeup Kit,17,52.49,892.33,North America
16055,2025-06-07,Clothing,Patagonia Fleece Jacket,20,193.60,3872.00,Middle East
16056,2025-08-29,Clothing,Puma Sports Hoodie,9,67.76,609.84,Asia
16057,2025-11-18,Beauty Products,MAC Lipstick Collection,1,77.03,77.03,Middle East
16058,2024-06-01,Home Appliances,Keurig K-Elite Coffee Maker,16,174.15,2786.40,Oceania
16059,2025-06-12,Home Appliances,Philips Air Fryer XXL,17,274.18,4661.06,Africa
16060,2025-08-23,Books,Sapiens,13,24.15,313.95,North America
16061,2025-11-30,Beauty Products,Chanel No. 5 Perfume,17,141.59,2407.03,Africa
16062,2025-09-28,Books,Sapiens,17,23.18,394.06,Middle East
16063,2024-08-03,Sports,Wilson Evolution Basketball,6,30.27,181.62,Asia
16064,2025-01-02,Electronics,Canon EOS R10 Camera,14,888.91,12444.74,South America
16065,2024-01-10,Beauty Products,Maybelline Makeup Kit,10,51.80,518.00,Asia
16066,2025-08-19,Clothing,North Face Down Jacket,16,268.24,4291.84,Africa
16067,2024-10-07,Books,The Psychology of Money,9,16.73,150.57,Europe
16068,2025-03-05,Home Appliances,Blueair Classic 480i,19,583.48,11086.12,Europe
16069,2024-08-10,Sports,Babolat Pure Drive Tennis Racket,4,204.61,818.44,Oceania
16070,2024-04-20,Books,The Alchemist,3,13.25,39.75,Oceania
16071,2024-11-10,Electronics,Garmin Forerunner 945,5,456.51,2282.55,South America
16072,2024-05-01,Clothing,Puma Sports Hoodie,15,75.89,1138.35,Europe
16073,2024-01-28,Home Appliances,Blueair Classic 480i,4,592.18,2368.72,Europe
16074,2024-05-13,Electronics,Samsung Galaxy Tab S8,13,708.06,9204.78,Asia
16075,2025-01-23,Electronics,Garmin Forerunner 945,15,530.48,7957.20,Asia
16076,2025-03-21,Beauty Products,Maybelline Makeup Kit,17,51.70,878.90,Europe
16077,2024-02-24,Home Appliances,Dyson V11 Vacuum,11,528.98,5818.78,Africa
16078,2024-09-05,Sports,Everlast Boxing Gloves,20,45.25,905.00,Europe
16079,2025-11-05,Clothing,Nike Air Force 1,14,90.35,1264.90,North America
16080,2025-06-30,Electronics,Garmin Forerunner 945,13,458.79,5964.27,Asia
16081,2024-04-18,Clothing,Nike Air Force 1,11,85.24,937.64,Oceania
16082,2024-10-12,Beauty Products,Chanel No. 5 Perfume,3,121.93,365.79,Middle East
16083,2024-07-31,Sports,Adidas FIFA Soccer Ball,7,42.28,295.96,North America
16084,2025-01-28,Clothing,Levi's 501 Jeans,17,70.88,1204.96,Africa
16085,2024-07-31,Home Appliances,Dyson V11 Vacuum,8,527.90,4223.20,Oceania
16086,2024-02-09,Books,Atomic Habits,18,21.90,394.20,Europe
16087,2024-09-11,Clothing,Patagonia Fleece Jacket,3,181.05,543.15,Oceania
16088,2024-07-15,Home Appliances,Blueair Classic 480i,10,592.52,5925.20,Africa
16089,2025-03-17,Sports,Hydro Flask Sports Bottle,9,36.20,325.80,Europe
16090,2024-03-26,Electronics,Garmin Forerunner 945,20,535.86,10717.20,Africa
16091,2025-02-21,Electronics,Nintendo Switch OLED,2,379.03,758.06,Oceania
16092,2024-05-17,Beauty Products,Olaplex Hair Repair Set,17,56.40,958.80,Europe
16093,2025-12-29,Clothing,Patagonia Fleece Jacket,16,182.76,2924.16,South America
16094,2024-09-19,Books,"Salt, Fat, Acid, Heat by Samin Nosrat",12,30.02,360.24,North America
16095,2024-12-14,Clothing,Levi's 501 Jeans,19,66.08,1255.52,Europe
16096,2024-05-09,Clothing,Vans Old Skool Sneakers,9,75.74,681.66,Oceania
16097,2025-11-01,Books,Sapiens,15,23.48,352.20,Middle East
16098,2024-07-23,Clothing,Columbia Rain Jacket,4,128.64,514.56,Europe
16099,2024-02-16,Home Appliances,KitchenAid Stand Mixer,16,439.19,7027.04,Europe
16100,2025-02-16,Sports,Bowflex Adjustable Dumbbells,18,396.16,7130.88,Oceania
16101,2025-12-09,Beauty Products,MAC Lipstick Collection,2,83.15,166.30,North America
16102,2024-07-11,Sports,Bowflex Adjustable Dumbbells,10,421.18,4211.80,Oceania
16103,2025-02-22,Books,Sapiens,10,27.10,271.00,South America
16104,2024-10-07,Sports,Hydro Flask Sports Bottle,10,43.95,439.50,Middle East
16105,2024-10-26,Sports,Spalding Volleyball,5,33.44,167.20,Europe
16106,2024-08-15,Books,Dune by Frank Herbert,5,25.38,126.90,Asia
16107,2024-06-28,Sports,Fitbit Charge 6,11,153.25,1685.75,Middle East
16108,2025-06-05,Beauty Products,CeraVe Hydrating Cleanser,8,20.59,164.72,Asia
16109,2025-03-01,Home Appliances,Philips Air Fryer XXL,20,236.02,4720.40,Asia
16110,2025-04-25,Sports,Manduka PRO Yoga Mat,20,122.05,2441.00,North America
16111,2024-11-06,Electronics,Samsung Galaxy Tab S8,16,752.95,12047.20,Oceania
16112,2024-04-08,Sports,Bowflex Adjustable Dumbbells,13,469.09,6098.17,Africa
16113,2024-11-21,Home Appliances,iRobot Roomba j7,4,692.55,2770.20,Middle East
16114,2025-05-20,Clothing,Under Armour Training Shirt,9,37.30,335.70,Europe
16115,2024-05-29,Books,Deep Work,3,17.20,51.60,Oceania
16116,2024-01-10,Home Appliances,Instant Pot Duo 7-in-1,8,117.85,942.80,Middle East
16117,2024-09-12,Home Appliances,iRobot Roomba j7,1,698.98,698.98,Africa
16118,2025-09-27,Home Appliances,Philips Air Fryer XXL,2,235.92,471.84,Asia
16119,2024-12-15,Electronics,Canon EOS R10 Camera,19,917.57,17433.83,South America
16120,2025-01-10,Books,The Alchemist,20,13.37,267.40,Middle East
16121,2024-07-21,Books,The Da Vinci Code,12,16.43,197.16,North America
16122,2025-07-15,Books,The Da Vinci Code,17,16.59,282.03,Africa
16123,2025-01-21,Books,Clean Code,10,41.15,411.50,Oceania
16124,2025-03-01,Clothing,North Face Down Jacket,9,229.18,2062.62,Oceania
16125,2024-04-28,Clothing,Levi's 501 Jeans,15,70.51,1057.65,Asia
16126,2025-09-29,Beauty Products,L'Oreal Revitalift Cream,20,31.56,631.20,South America
16127,2024-12-18,Sports,Babolat Pure Drive Tennis Racket,6,219.91,1319.46,Oceania
16128,2025-05-27,Home Appliances,Dyson V11 Vacuum,9,469.51,4225.59,Asia
16129,2025-11-09,Sports,Babolat Pure Drive Tennis Racket,7,201.24,1408.68,Europe
16130,2025-10-02,Books,Clean Code,20,42.37,847.40,Europe
16131,2024-04-08,Clothing,Columbia Rain Jacket,16,122.05,1952.80,Europe
16132,2024-04-20,Books,The Da Vinci Code,6,17.32,103.92,North America
16133,2024-12-12,Electronics,Apple Watch Series 9,20,439.02,8780.40,Oceania
16134,2025-08-22,Electronics,iPhone 14 Pro,4,1075.92,4303.68,North America
16135,2025-05-09,Books,Sapiens,16,23.85,381.60,Africa
16136,2024-07-05,Home Appliances,Philips Air Fryer XXL,13,251.18,3265.34,Asia
16137,2025-12-06,Electronics,Apple Watch Series 9,3,446.80,1340.40,South America
16138,2024-07-14,Beauty Products,Clinique Moisture Surge,7,47.34,331.38,Asia
16139,2024-11-17,Clothing,Columbia Rain Jacket,3,117.08,351.24,Middle East
16140,2025-11-18,Home Appliances,LG Front Load Washer,6,891.03,5346.18,South America
16141,2024-12-13,Home Appliances,Ninja Professional Blender,14,106.28,1487.92,Asia
16142,2024-04-10,Sports,Wilson Evolution Basketball,2,30.67,61.34,Europe
16143,2025-04-23,Home Appliances,Philips Air Fryer XXL,13,265.88,3456.44,Oceania
16144,2024-01-05,Home Appliances,KitchenAid Stand Mixer,4,420.60,1682.40,Africa
16145,2025-04-05,Sports,Bowflex Adjustable Dumbbells,4,398.34,1593.36,Oceania
16146,2025-10-19,Sports,Babolat Pure Drive Tennis Racket,19,212.09,4029.71,North America
16147,2024-06-21,Home Appliances,LG Front Load Washer,17,903.61,15361.37,Europe
16148,2024-01-30,Electronics,Samsung Galaxy Tab S8,3,740.35,2221.05,Oceania
16149,2025-09-06,Beauty Products,Maybelline Makeup Kit,15,51.12,766.80,Asia
16150,2025-01-17,Home Appliances,Dyson V11 Vacuum,7,535.29,3747.03,Asia
16151,2025-04-07,Beauty Products,MAC Lipstick Collection,2,78.63,157.26,Africa
16152,2024-09-06,Books,Sapiens,20,22.82,456.40,South America
16153,2024-01-26,Books,The Da Vinci Code,15,16.97,254.55,Oceania
16154,2025-01-28,Books,The Hobbit,12,16.32,195.84,South America
16155,2024-08-14,Electronics,iPhone 14 Pro,16,972.13,15554.08,Asia
16156,2024-09-08,Electronics,Garmin Forerunner 945,17,464.31,7893.27,Africa
16157,2025-03-16,Sports,Everlast Boxing Gloves,10,54.33,543.30,Middle East
16158,2025-04-05,Beauty Products,Chanel No. 5 Perfume,10,129.90,1299.00,North America
16159,2025-10-16,Sports,Wilson Evolution Basketball,20,30.97,619.40,North America
16160,2024-07-28,Sports,Wilson Evolution Basketball,14,32.09,449.26,Asia
16161,2025-04-11,Beauty Products,MAC Lipstick Collection,19,85.36,1621.84,Middle East
16162,2024-12-02,Books,Deep Work,7,18.81,131.67,Oceania
16163,2025-11-09,Beauty Products,Neutrogena Skincare Set,18,94.53,1701.54,Asia
16164,2025-11-05,Electronics,Dell XPS 13 Laptop,14,1185.49,16596.86,Middle East
16165,2025-05-18,Electronics,Dell XPS 13 Laptop,10,1279.16,12791.60,Middle East
16166,2024-04-16,Books,Sapiens,9,24.67,222.03,Africa
16167,2024-04-20,Clothing,Nike Air Force 1,20,92.64,1852.80,Africa
16168,2025-04-26,Clothing,Patagonia Fleece Jacket,8,166.82,1334.56,Africa
16169,2024-05-02,Beauty Products,Chanel No. 5 Perfume,8,125.07,1000.56,Asia
16170,2024-08-24,Electronics,iPhone 14 Pro,20,1047.45,20949.00,Asia
16171,2024-12-20,Electronics,Dell XPS 13 Laptop,18,1341.21,24141.78,South America
16172,2025-03-06,Home Appliances,Philips Air Fryer XXL,5,258.86,1294.30,North America
16173,2025-02-19,Sports,Manduka PRO Yoga Mat,8,111.21,889.68,Oceania
16174,2025-09-09,Clothing,Vans Old Skool Sneakers,12,73.92,887.04,Asia
16175,2025-01-30,Electronics,Canon EOS R10 Camera,17,1020.01,17340.17,North America
16176,2024-01-03,Clothing,Nike Air Force 1,19,97.31,1848.89,North America
16177,2025-10-13,Books,"Salt, Fat, Acid, Heat by Samin Nosrat",18,34.96,629.28,South America
16178,2024-08-04,Beauty Products,Chanel No. 5 Perfume,10,142.36,1423.60,Africa
16179,2024-01-03,Home Appliances,KitchenAid Stand Mixer,11,428.20,4710.20,Oceania
16180,2025-12-22,Beauty Products,MAC Lipstick Collection,5,74.78,373.90,South America
16181,2024-03-21,Beauty Products,Clinique Moisture Surge,2,45.53,91.06,North America
16182,2025-10-20,Beauty Products,MAC Lipstick Collection,2,84.91,169.82,Middle East
16183,2025-07-13,Books,Sapiens,14,26.75,374.50,Europe
16184,2024-06-05,Books,"Salt, Fat, Acid, Heat by Samin Nosrat",18,29.82,536.76,Europe
16185,2025-05-23,Books,Dune by Frank Herbert,10,24.05,240.50,Europe
16186,2024-10-12,Books,The Da Vinci Code,15,15.73,235.95,Oceania
16187,2025-08-16,Clothing,Nike Air Force 1,5,96.37,481.85,Middle East
16188,2025-10-22,Books,Atomic Habits,1,19.15,19.15,Africa
16189,2025-08-11,Beauty Products,MAC Lipstick Collection,17,83.54,1420.18,South America
16190,2024-01-29,Books,Atomic Habits,5,20.82,104.10,North America
16191,2024-05-23,Books,Sapiens,5,26.69,133.45,Asia
16192,2024-03-19,Home Appliances,Samsung Smart Refrigerator,16,1982.31,31716.96,South America
16193,2024-04-16,Beauty Products,Clinique Moisture Surge,16,42.40,678.40,Asia
16194,2024-10-22,Home Appliances,Philips Air Fryer XXL,16,229.61,3673.76,Africa
16195,2024-11-08,Books,The Hobbit,3,15.26,45.78,Africa
16196,2024-10-23,Home Appliances,Philips Air Fryer XXL,9,249.15,2242.35,Europe
16197,2025-05-24,Sports,Spalding Volleyball,13,32.57,423.41,Oceania
16198,2025-10-06,Electronics,Canon EOS R10 Camera,15,906.68,13600.20,Europe
16199,2024-05-21,Clothing,Calvin Klein Slim Fit Shirt,12,94.63,1135.56,Middle East
16200,2024-11-23,Clothing,Vans Old Skool Sneakers,19,81.08,1540.52,Asia
16201,2025-03-22,Books,Atomic Habits,2,20.89,41.78,Middle East
16202,2024-12-05,Home Appliances,Samsung Smart Refrigerator,10,1840.16,18401.60,Middle East
16203,2025-10-27,Beauty Products,CeraVe Hydrating Cleanser,11,18.32,201.52,Asia
16204,2024-10-27,Electronics,Samsung Galaxy Tab S8,7,680.59,4764.13,North America
16205,2025-08-13,Sports,Babolat Pure Drive Tennis Racket,2,210.03,420.06,Middle East
16206,2025-01-02,Home Appliances,KitchenAid Stand Mixer,2,412.22,824.44,Europe
16207,2024-11-22,Clothing,North Face Down Jacket,12,272.75,3273.00,Europe
16208,2025-07-18,Beauty Products,Clinique Moisture Surge,6,40.69,244.14,Oceania
16209,2025-04-11,Sports,Everlast Boxing Gloves,15,49.72,745.80,Africa
16210,2024-07-27,Beauty Products,Maybelline Makeup Kit,1,53.77,53.77,South America
16211,2024-06-06,Beauty Products,Neutrogena Skincare Set,16,85.45,1367.20,Oceania
16212,2024-04-27,Clothing,Puma Sports Hoodie,2,73.95,147.90,Africa
16213,2024-12-10,Clothing,Patagonia Fleece Jacket,1,181.25,181.25,Middle East
16214,2025-02-15,Home Appliances,Blueair Classic 480i,11,549.54,6044.94,Middle East
16215,2025-06-25,Home Appliances,Blueair Classic 480i,8,600.38,4803.04,South America
16216,2025-05-25,Clothing,Calvin Klein Slim Fit Shirt,14,84.45,1182.30,Asia
16217,2024-08-07,Home Appliances,LG Front Load Washer,3,930.58,2791.74,Asia
16218,2024-02-03,Electronics,Google Pixel 8 Pro,2,1088.35,2176.70,Middle East
16219,2025-12-02,Sports,Manduka PRO Yoga Mat,17,127.84,2173.28,Asia
16220,2024-04-19,Beauty Products,Neutrogena Skincare Set,6,95.69,574.14,Middle East
16221,2024-08-11,Books,Clean Code,19,42.40,805.60,Oceania
16222,2024-12-05,Beauty Products,Clinique Moisture Surge,8,48.81,390.48,North America
16223,2025-08-09,Clothing,Calvin Klein Slim Fit Shirt,14,95.24,1333.36,Europe
16224,2025-06-09,Sports,Fitbit Charge 6,18,163.44,2941.92,Middle East
16225,2025-07-09,Home Appliances,Keurig K-Elite Coffee Maker,20,187.34,3746.80,South America
16226,2024-03-19,Electronics,Canon EOS R10 Camera,3,994.06,2982.18,Asia
16227,2024-07-26,Electronics,Apple Watch Series 9,6,413.37,2480.22,Europe
16228,2025-05-14,Clothing,Puma Sports Hoodie,14,70.50,987.00,Africa
16229,2024-01-31,Clothing,Patagonia Fleece Jacket,5,174.24,871.20,Oceania
16230,2025-12-07,Electronics,iPhone 14 Pro,13,1004.25,13055.25,North America
16231,2024-09-15,Electronics,Sony WH-1000XM5 Headphones,12,368.66,4423.92,Asia
16232,2024-01-30,Clothing,Nike Air Force 1,11,81.57,897.27,Asia
16233,2024-04-30,Books,The Hobbit,13,15.91,206.83,North America
16234,2024-08-05,Beauty Products,Chanel No. 5 Perfume,12,141.54,1698.48,North America
16235,2025-08-29,Home Appliances,Instant Pot Duo 7-in-1,7,136.18,953.26,North America
16236,2024-12-11,Clothing,Columbia Rain Jacket,14,118.43,1658.02,Europe
16237,2025-11-08,Clothing,Under Armour Training Shirt,9,41.89,377.01,Europe
16238,2025-07-08,Sports,Adidas FIFA Soccer Ball,3,42.98,128.94,South America
16239,2025-05-24,Books,Deep Work,15,20.80,312.00,North America
16240,2025-05-16,Home Appliances,Ninja Professional Blender,15,104.04,1560.60,Europe
16241,2024-10-28,Home Appliances,Keurig K-Elite Coffee Maker,18,189.84,3417.12,Europe
16242,2024-04-26,Sports,Everlast Boxing Gloves,2,48.60,97.20,Africa
16243,2024-10-04,Beauty Products,Neutrogena Skincare Set,11,96.97,1066.67,Africa
16244,2025-04-15,Beauty Products,Chanel No. 5 Perfume,13,141.54,1840.02,Africa
16245,2025-09-26,Clothing,Patagonia Fleece Jacket,13,194.76,2531.88,North America
16246,2024-04-19,Clothing,Columbia Rain Jacket,4,117.14,468.56,North America
16247,2025-09-23,Sports,Wilson Evolution Basketball,11,30.34,333.74,Oceania
16248,2025-09-30,Beauty Products,Neutrogena Skincare Set,7,89.97,629.79,Europe
16249,2025-02-24,Home Appliances,Instant Pot Duo 7-in-1,18,123.12,2216.16,Europe
16250,2024-01-06,Home Appliances,Instant Pot Duo 7-in-1,15,124.56,1868.40,Oceania
16251,2024-06-29,Books,Deep Work,15,19.70,295.50,Asia
16252,2025-11-21,Books,Clean Code,3,40.85,122.55,South America
16253,2024-02-14,Home Appliances,Samsung Smart Refrigerator,9,1889.91,17009.19,South America
16254,2024-03-10,Electronics,Sony WH-1000XM5 Headphones,1,369.23,369.23,Europe
16255,2024-01-11,Electronics,Samsung Galaxy Tab S8,11,805.22,8857.42,Oceania
16256,2024-03-20,Beauty Products,Maybelline Makeup Kit,15,52.17,782.55,Middle East
16257,2024-08-05,Books,"Salt, Fat, Acid, Heat by Samin Nosrat",20,31.19,623.80,Europe
16258,2024-09-10,Electronics,Apple Watch Series 9,16,402.51,6440.16,North America
16259,2025-03-02,Beauty Products,Maybelline Makeup Kit,18,49.60,892.80,North America
16260,2024-02-29,Home Appliances,Blueair Classic 480i,14,648.34,9076.76,North America
16261,2024-11-15,Sports,Spalding Volleyball,17,32.89,559.13,Europe
16262,2025-04-28,Home Appliances,Instant Pot Duo 7-in-1,18,135.63,2441.34,South America
16263,2025-11-23,Sports,Spalding Volleyball,17,31.79,540.43,Asia
16264,2025-07-05,Beauty Products,Maybelline Makeup Kit,17,46.33,787.61,Africa
16265,2025-10-04,Beauty Products,L'Oreal Revitalift Cream,20,30.45,609.00,Middle East
16266,2025-07-06,Sports,Everlast Boxing Gloves,5,48.10,240.50,Asia
16267,2024-07-27,Books,Atomic Habits,11,19.56,215.16,Middle East
16268,2025-06-21,Electronics,MacBook Pro 16-inch,2,2561.61,5123.22,Middle East
16269,2024-02-11,Books,The Hobbit,8,14.55,116.40,South America
16270,2025-09-14,Beauty Products,The Ordinary Serum Set,5,36.17,180.85,Europe
16271,2025-03-07,Books,Dune by Frank Herbert,9,24.77,222.93,Africa
16272,2025-08-01,Electronics,Apple Watch Series 9,8,450.49,3603.92,Europe
16273,2024-07-02,Home Appliances,Keurig K-Elite Coffee Maker,20,178.89,3577.80,Oceania
16274,2024-02-27,Clothing,Columbia Rain Jacket,14,132.39,1853.46,Asia
16275,2025-05-14,Books,The Hobbit,12,14.43,173.16,South America
16276,2024-10-05,Sports,Hydro Flask Sports Bottle,19,39.43,749.17,South America
16277,2024-08-12,Books,The Hobbit,15,14.20,213.00,Oceania
16278,2025-03-22,Electronics,iPhone 14 Pro,17,977.35,16614.95,North America
16279,2024-11-19,Books,"Salt, Fat, Acid, Heat by Samin Nosrat",5,35.02,175.10,Africa
16280,2025-06-08,Sports,Callaway Golf Club Set,3,937.95,2813.85,Africa
16281,2024-08-22,Beauty Products,The Ordinary Serum Set,11,37.76,415.36,South America
16282,2025-09-14,Sports,Wilson Evolution Basketball,4,28.77,115.08,Europe
16283,2025-04-08,Books,The Hobbit,7,16.22,113.54,Oceania
16284,2024-07-08,Beauty Products,Clinique Moisture Surge,20,48.83,976.60,Middle East
16285,2024-05-25,Clothing,Vans Old Skool Sneakers,10,85.58,855.80,South America
16286,2024-01-12,Clothing,Levi's 501 Jeans,20,63.62,1272.40,Oceania
16287,2025-04-17,Sports,Hydro Flask Sports Bottle,8,40.00,320.00,Europe
16288,2025-08-08,Books,The Da Vinci Code,2,14.84,29.68,Middle East
16289,2025-06-16,Clothing,Columbia Rain Jacket,18,121.23,2182.14,Middle East
16290,2024-07-28,Clothing,Adidas Ultraboost Shoes,4,189.40,757.60,Europe
16291,2024-01-01,Clothing,Calvin Klein Slim Fit Shirt,19,93.82,1782.58,Europe
16292,2025-10-06,Sports,Hydro Flask Sports Bottle,15,43.61,654.15,South America
16293,2024-04-16,Beauty Products,Chanel No. 5 Perfume,13,131.45,1708.85,Oceania
16294,2024-08-16,Books,Deep Work,7,19.68,137.76,South America
16295,2025-04-29,Beauty Products,Dyson Supersonic Hair Dryer,2,461.74,923.48,Middle East
16296,2025-09-05,Sports,Everlast Boxing Gloves,15,49.83,747.45,Asia
16297,2024-11-21,Books,Deep Work,1,17.71,17.71,South America
16298,2024-02-02,Beauty Products,The Ordinary Serum Set,18,38.41,691.38,North America
16299,2025-04-25,Electronics,Nintendo Switch OLED,4,322.67,1290.68,South America
16300,2024-10-08,Books,Atomic Habits,20,19.06,381.20,Asia
16301,2024-09-15,Electronics,iPhone 14 Pro,10,996.11,9961.10,Middle East
16302,2024-07-13,Home Appliances,Philips Air Fryer XXL,13,241.65,3141.45,Middle East
16303,2024-10-24,Electronics,Sony WH-1000XM5 Headphones,3,403.19,1209.57,Asia
16304,2024-02-03,Home Appliances,Philips Air Fryer XXL,20,253.44,5068.80,Oceania
16305,2024-02-16,Clothing,Calvin Klein Slim Fit Shirt,13,81.36,1057.68,Middle East
16306,2024-02-28,Beauty Products,The Ordinary Serum Set,18,43.15,776.70,North America
16307,2024-06-06,Electronics,Samsung Galaxy Tab S8,2,718.18,1436.36,Asia
16308,2024-06-20,Home Appliances,Keurig K-Elite Coffee Maker,5,181.53,907.65,South America
16309,2024-05-19,Beauty Products,Olaplex Hair Repair Set,12,63.61,763.32,South America
16310,2025-09-09,Electronics,iPhone 14 Pro,3,1010.65,3031.95,Middle East
16311,2025-09-05,Books,Deep Work,10,20.87,208.70,Africa
16312,2024-05-09,Home Appliances,Ninja Professional Blender,13,92.52,1202.76,Asia
16313,2025-11-15,Home Appliances,Philips Air Fryer XXL,18,266.30,4793.40,Asia
16314,2024-07-08,Clothing,Vans Old Skool Sneakers,16,74.86,1197.76,Africa
16315,2024-12-25,Beauty Products,The Ordinary Serum Set,13,38.11,495.43,Oceania
16316,2025-05-15,Sports,Callaway Golf Club Set,3,816.24,2448.72,Europe
16317,2025-10-11,Sports,Callaway Golf Club Set,15,874.80,13122.00,Middle East
16318,2025-08-19,Beauty Products,Maybelline Makeup Kit,14,50.50,707.00,South America
16319,2024-02-25,Clothing,Columbia Rain Jacket,18,141.90,2554.20,Asia
16320,2025-12-19,Books,"Salt, Fat, Acid, Heat by Samin Nosrat",6,32.38,194.28,Africa
16321,2025-04-24,Books,Dune by Frank Herbert,20,24.74,494.80,Middle East
16322,2024-04-13,Clothing,Under Armour Training Shirt,16,39.73,635.68,Middle East
16323,2024-11-07,Home Appliances,Instant Pot Duo 7-in-1,19,120.40,2287.60,Oceania
16324,2024-06-24,Sports,Spalding Volleyball,16,34.64,554.24,Middle East
16325,2024-11-12,Sports,Manduka PRO Yoga Mat,15,116.45,1746.75,South America
16326,2024-05-07,Books,Dune by Frank Herbert,16,28.30,452.80,Europe
16327,2024-10-19,Books,The Hobbit,4,15.99,63.96,Middle East
16328,2024-07-31,Clothing,Nike Air Force 1,5,84.97,424.85,South America
16329,2024-06-24,Electronics,Garmin Forerunner 945,5,481.95,2409.75,Asia
16330,2024-01-14,Books,Clean Code,19,36.17,687.23,Asia
16331,2025-12-30,Clothing,Patagonia Fleece Jacket,17,168.43,2863.31,Asia
16332,2024-11-02,Books,Atomic Habits,13,18.39,239.07,Africa
16333,2024-12-24,Home Appliances,Blueair Classic 480i,4,581.15,2324.60,Europe
16334,2025-02-11,Clothing,Patagonia Fleece Jacket,3,169.95,509.85,Middle East
16335,2024-06-18,Clothing,Under Armour Training Shirt,9,37.53,337.77,South America
16336,2024-03-14,Beauty Products,CeraVe Hydrating Cleanser,9,20.66,185.94,Oceania
16337,2024-04-18,Home Appliances,Samsung Smart Refrigerator,12,2040.45,24485.40,Asia
16338,2025-06-10,Electronics,Nintendo Switch OLED,2,370.51,741.02,South America
16339,2024-02-09,Clothing,Adidas Ultraboost Shoes,13,192.16,2498.08,Asia
16340,2024-11-12,Electronics,Apple Watch Series 9,2,388.59,777.18,South America
16341,2025-08-01,Beauty Products,Neutrogena Skincare Set,15,91.20,1368.00,Africa
16342,2025-01-29,Books,The Psychology of Money,4,17.63,70.52,Middle East
16343,2024-10-08,Electronics,Sony WH-1000XM5 Headphones,5,407.21,2036.05,Asia
16344,2025-12-27,Home Appliances,iRobot Roomba j7,19,706.13,13416.47,South America
16345,2025-09-18,Books,Dune by Frank Herbert,6,27.88,167.28,Europe
16346,2024-10-05,Electronics,Apple Watch Series 9,2,391.74,783.48,North America
16347,2025-06-11,Books,Deep Work,15,18.77,281.55,Middle East
16348,2025-08-22,Electronics,Dell XPS 13 Laptop,1,1340.45,1340.45,Africa
16349,2025-03-11,Clothing,Puma Sports Hoodie,15,73.99,1109.85,Oceania
16350,2024-08-09,Sports,Wilson Evolution Basketball,20,29.58,591.60,Europe
16351,2024-04-28,Electronics,Samsung Galaxy Tab S8,14,760.81,10651.34,South America
16352,2024-05-08,Home Appliances,Dyson V11 Vacuum,10,454.79,4547.90,South America
16353,2025-12-29,Electronics,MacBook Pro 16-inch,17,2703.37,45957.29,North America
16354,2024-02-17,Sports,Everlast Boxing Gloves,4,53.07,212.28,Asia
16355,2025-05-14,Clothing,Columbia Rain Jacket,10,129.37,1293.70,Europe
16356,2025-03-12,Books,The Hobbit,16,15.12,241.92,Middle East
16357,2025-05-22,Electronics,Google Pixel 8 Pro,10,919.87,9198.70,South America
16358,2024-01-11,Electronics,Google Pixel 8 Pro,20,928.82,18576.40,South America
16359,2024-11-19,Home Appliances,iRobot Roomba j7,19,594.03,11286.57,Oceania
16360,2024-05-13,Clothing,Vans Old Skool Sneakers,20,86.64,1732.80,Oceania
16361,2024-08-05,Sports,Babolat Pure Drive Tennis Racket,5,216.58,1082.90,Middle East
16362,2024-01-22,Home Appliances,Blueair Classic 480i,17,614.12,10440.04,Africa
16363,2024-05-01,Home Appliances,iRobot Roomba j7,16,688.51,11016.16,Asia
16364,2024-05-12,Electronics,Samsung Galaxy Tab S8,9,781.36,7032.24,South America
16365,2025-10-08,Home Appliances,Dyson V11 Vacuum,20,534.90,10698.00,North America
16366,2024-12-06,Clothing,Levi's 501 Jeans,19,73.94,1404.86,Europe
16367,2025-01-13,Sports,Spalding Volleyball,1,37.33,37.33,Europe
16368,2024-02-14,Books,Sapiens,14,25.78,360.92,South America
16369,2024-09-26,Electronics,iPhone 14 Pro,9,992.63,8933.67,North America
16370,2025-12-30,Sports,Fitbit Charge 6,15,154.48,2317.20,Middle East
16371,2025-06-19,Home Appliances,Dyson V11 Vacuum,10,542.02,5420.20,Asia
16372,2024-11-27,Clothing,Nike Air Force 1,1,83.82,83.82,South America
16373,2025-01-04,Books,The Hobbit,18,15.62,281.16,Europe
16374,2024-12-23,Clothing,Nike Air Force 1,4,94.43,377.72,North America
16375,2025-05-06,Home Appliances,LG Front Load Washer,16,903.16,14450.56,Europe
16376,2024-09-11,Clothing,Patagonia Fleece Jacket,6,174.36,1046.16,South America
16377,2024-04-03,Beauty Products,Neutrogena Skincare Set,6,88.01,528.06,South America
16378,2024-07-26,Books,Dune by Frank Herbert,11,28.56,314.16,Oceania
16379,2025-08-21,Sports,Spalding Volleyball,13,36.14,469.82,Oceania
16380,2024-10-18,Electronics,MacBook Pro 16-inch,11,2612.02,28732.22,Africa
16381,2025-09-02,Electronics,Samsung Galaxy Tab S8,16,740.73,11851.68,Europe
16382,2024-02-21,Home Appliances,Philips Air Fryer XXL,17,259.46,4410.82,Middle East
16383,2025-04-21,Beauty Products,Olaplex Hair Repair Set,20,55.41,1108.20,Middle East
16384,2024-01-31,Electronics,Nintendo Switch OLED,9,373.84,3364.56,Middle East
16385,2024-08-30,Beauty Products,Chanel No. 5 Perfume,8,122.24,977.92,South America
16386,2025-07-08,Beauty Products,Clinique Moisture Surge,15,49.38,740.70,Oceania
16387,2025-09-28,Books,Sapiens,3,24.42,73.26,Europe
16388,2024-10-05,Sports,Babolat Pure Drive Tennis Racket,14,205.46,2876.44,Oceania
16389,2025-03-21,Sports,Adidas FIFA Soccer Ball,6,41.72,250.32,Africa
16390,2025-12-02,Sports,Fitbit Charge 6,2,151.36,302.72,Middle East
16391,2025-12-27,Clothing,Levi's 501 Jeans,17,66.25,1126.25,North America
16392,2025-04-24,Books,The Psychology of Money,17,19.74,335.58,Middle East
16393,2024-10-18,Sports,Spalding Volleyball,9,37.00,333.00,Africa
16394,2025-06-04,Beauty Products,Dyson Supersonic Hair Dryer,12,472.11,5665.32,Oceania
16395,2025-09-16,Beauty Products,Dyson Supersonic Hair Dryer,5,458.26,2291.30,Africa
16396,2024-04-10,Sports,Hydro Flask Sports Bottle,12,37.77,453.24,Asia
16397,2024-07-09,Books,The Alchemist,15,13.61,204.15,South America
16398,2025-01-08,Home Appliances,Instant Pot Duo 7-in-1,20,121.48,2429.60,Asia
16399,2025-05-17,Electronics,Garmin Forerunner 945,3,506.80,1520.40,North America
16400,2024-10-05,Beauty Products,Maybelline Makeup Kit,1,53.67,53.67,Oceania
16401,2025-04-04,Home Appliances,Blueair Classic 480i,14,543.18,7604.52,Africa
16402,2025-04-06,Home Appliances,Dyson V11 Vacuum,2,495.05,990.10,Middle East
16403,2024-05-25,Beauty Products,Neutrogena Skincare Set,3,89.13,267.39,Asia
16404,2024-08-06,Beauty Products,Olaplex Hair Repair Set,10,65.27,652.70,North America
16405,2025-06-13,Beauty Products,Dyson Supersonic Hair Dryer,16,462.62,7401.92,Europe
16406,2024-02-20,Sports,Fitbit Charge 6,18,166.99,3005.82,Europe
16407,2025-01-17,Clothing,Adidas Ultraboost Shoes,5,207.26,1036.30,South America
16408,2024-04-27,Books,Clean Code,16,37.89,606.24,Europe
16409,2024-04-29,Home Appliances,Samsung Smart Refrigerator,8,1772.24,14177.92,Europe
16410,2025-04-30,Home Appliances,iRobot Roomba j7,20,657.74,13154.80,North America
16411,2025-06-21,Clothing,Vans Old Skool Sneakers,15,76.91,1153.65,Africa
16412,2024-05-03,Sports,Babolat Pure Drive Tennis Racket,6,208.09,1248.54,Asia
16413,2024-03-17,Clothing,Calvin Klein Slim Fit Shirt,9,82.27,740.43,Asia
16414,2025-02-04,Sports,Spalding Volleyball,1,35.68,35.68,Oceania
16415,2024-08-14,Beauty Products,MAC Lipstick Collection,3,74.95,224.85,North America
16416,2024-08-19,Clothing,Under Armour Training Shirt,4,37.40,149.60,South America
16417,2024-02-03,Electronics,Nintendo Switch OLED,13,319.85,4158.05,Middle East
16418,2025-08-20,Sports,Callaway Golf Club Set,17,945.77,16078.09,Oceania
16419,2024-10-02,Sports,Everlast Boxing Gloves,5,52.29,261.45,North America
16420,2025-03-04,Clothing,Puma Sports Hoodie,2,72.12,144.24,Oceania
16421,2025-09-02,Sports,Bowflex Adjustable Dumbbells,1,388.93,388.93,North America
16422,2024-04-10,Home Appliances,iRobot Roomba j7,4,614.04,2456.16,Middle East
16423,2024-09-15,Clothing,Under Armour Training Shirt,8,39.74,317.92,Asia
16424,2025-06-15,Books,The Alchemist,16,13.64,218.24,Oceania
16425,2024-10-30,Clothing,Adidas Ultraboost Shoes,6,171.70,1030.20,North America
16426,2024-05-23,Home Appliances,KitchenAid Stand Mixer,15,471.19,7067.85,Africa
16427,2025-09-07,Sports,Wilson Evolution Basketball,14,30.50,427.00,Africa
16428,2024-10-28,Electronics,Dell XPS 13 Laptop,7,1291.42,9039.94,North America
16429,2025-07-07,Clothing,Calvin Klein Slim Fit Shirt,1,81.16,81.16,North America
16430,2025-01-21,Clothing,Patagonia Fleece Jacket,6,165.51,993.06,North America
16431,2024-01-20,Home Appliances,Philips Air Fryer XXL,17,249.49,4241.33,Asia
16432,2025-10-01,Home Appliances,Dyson V11 Vacuum,2,469.84,939.68,Middle East
16433,2025-09-12,Electronics,Sony WH-1000XM5 Headphones,4,377.18,1508.72,Asia
16434,2024-06-15,Clothing,Vans Old Skool Sneakers,19,76.16,1447.04,Europe
16435,2024-10-30,Beauty Products,The Ordinary Serum Set,5,41.84,209.20,Middle East
16436,2025-04-01,Home Appliances,Samsung Smart Refrigerator,16,1889.83,30237.28,South America
16437,2024-12-15,Home Appliances,Instant Pot Duo 7-in-1,2,130.19,260.38,Oceania
16438,2024-07-27,Books,Sapiens,16,26.43,422.88,South America
16439,2025-11-14,Electronics,Canon EOS R10 Camera,13,1066.87,13869.31,South America
16440,2025-09-03,Sports,Spalding Volleyball,3,36.03,108.09,North America
16441,2025-03-13,Home Appliances,Blueair Classic 480i,5,634.33,3171.65,Middle East
16442,2025-05-11,Electronics,iPhone 14 Pro,13,922.17,11988.21,Europe
16443,2024-05-25,Clothing,Patagonia Fleece Jacket,19,193.67,3679.73,South America
16444,2024-12-14,Books,Atomic Habits,3,18.26,54.78,Europe
16445,2025-04-25,Books,Atomic Habits,11,18.07,198.77,Africa
16446,2025-11-25,Books,Dune by Frank Herbert,9,25.43,228.87,Africa
16447,2024-05-26,Beauty Products,Olaplex Hair Repair Set,5,65.00,325.00,Africa
16448,2025-05-05,Sports,Wilson Evolution Basketball,11,31.61,347.71,Asia
16449,2024-11-24,Beauty Products,Neutrogena Skincare Set,15,88.73,1330.95,Africa
16450,2024-04-18,Home Appliances,KitchenAid Stand Mixer,16,460.00,7360.00,Middle East
16451,2024-06-26,Sports,Fitbit Charge 6,15,162.13,2431.95,Middle East
16452,2024-02-04,Clothing,Levi's 501 Jeans,15,64.84,972.60,Oceania
16453,2025-03-27,Clothing,Under Armour Training Shirt,2,43.62,87.24,Europe
16454,2024-04-28,Beauty Products,Dyson Supersonic Hair Dryer,16,424.77,6796.32,Europe
16455,2025-11-17,Electronics,Samsung Galaxy Tab S8,12,706.18,8474.16,Europe
16456,2025-10-10,Electronics,Canon EOS R10 Camera,14,970.57,13587.98,North America
16457,2025-07-22,Beauty Products,Olaplex Hair Repair Set,9,56.08,504.72,Middle East
16458,2025-02-11,Electronics,MacBook Pro 16-inch,15,2664.24,39963.60,North America
16459,2025-12-05,Home Appliances,Ninja Professional Blender,20,102.05,2041.00,North America
16460,2025-08-30,Sports,Callaway Golf Club Set,3,920.76,2762.28,Africa
16461,2025-02-10,Sports,Fitbit Charge 6,19,154.85,2942.15,Oceania
16462,2024-02-19,Electronics,Sony WH-1000XM5 Headphones,9,377.46,3397.14,Middle East
16463,2025-10-04,Books,Clean Code,1,37.02,37.02,Oceania
16464,2024-12-22,Clothing,Adidas Ultraboost Shoes,3,201.48,604.44,North America
16465,2024-01-11,Electronics,Dell XPS 13 Laptop,2,1418.55,2837.10,Europe
16466,2025-08-19,Beauty Products,MAC Lipstick Collection,8,85.56,684.48,North America
16467,2025-01-07,Sports,Bowflex Adjustable Dumbbells,13,454.65,5910.45,Europe
16468,2025-11-08,Electronics,iPhone 14 Pro,6,981.55,5889.30,South America
16469,2025-01-04,Sports,Babolat Pure Drive Tennis Racket,6,191.04,1146.24,Asia
16470,2025-01-12,Clothing,Levi's 501 Jeans,8,65.15,521.20,Europe
16471,2024-05-13,Sports,Callaway Golf Club Set,1,945.24,945.24,Oceania
16472,2025-11-15,Electronics,Google Pixel 8 Pro,16,991.21,15859.36,Asia
16473,2025-12-08,Books,The Psychology of Money,14,19.41,271.74,North America
16474,2025-02-26,Clothing,North Face Down Jacket,19,271.62,5160.78,Oceania
16475,2024-02-01,Home Appliances,LG Front Load Washer,2,981.12,1962.24,Africa
16476,2025-09-12,Home Appliances,iRobot Roomba j7,7,665.92,4661.44,South America
16477,2025-05-27,Books,The Alchemist,4,13.63,54.52,South America
16478,2025-12-08,Books,The Psychology of Money,17,18.02,306.34,South America
16479,2024-01-19,Clothing,Puma Sports Hoodie,12,76.13,913.56,Europe
16480,2024-07-21,Beauty Products,Maybelline Makeup Kit,1,54.47,54.47,Oceania
16481,2025-04-08,Beauty Products,CeraVe Hydrating Cleanser,6,17.27,103.62,South America
16482,2025-10-25,Sports,Everlast Boxing Gloves,2,47.82,95.64,Asia
16483,2024-11-10,Sports,Wilson Evolution Basketball,10,29.12,291.20,North America
16484,2025-06-17,Electronics,Garmin Forerunner 945,7,532.75,3729.25,Asia
16485,2025-06-04,Beauty Products,Neutrogena Skincare Set,9,84.20,757.80,Middle East
16486,2025-07-26,Electronics,Samsung Galaxy Tab S8,3,771.54,2314.62,Africa
16487,2025-06-27,Electronics,Apple Watch Series 9,17,451.51,7675.67,South America
16488,2024-10-16,Electronics,Google Pixel 8 Pro,19,1064.84,20231.96,Europe
16489,2024-09-24,Beauty Products,The Ordinary Serum Set,6,41.07,246.42,Europe
16490,2024-08-04,Sports,Fitbit Charge 6,6,152.04,912.24,North America
16491,2025-06-12,Clothing,Patagonia Fleece Jacket,9,173.66,1562.94,South America
16492,2025-06-15,Sports,Manduka PRO Yoga Mat,14,119.72,1676.08,Middle East
16493,2025-05-09,Clothing,North Face Down Jacket,8,259.22,2073.76,Middle East
16494,2025-02-14,Home Appliances,LG Front Load Washer,8,919.06,7352.48,North America
16495,2024-01-01,Sports,Adidas FIFA Soccer Ball,4,41.25,165.00,North America
16496,2024-01-25,Electronics,MacBook Pro 16-inch,3,2425.82,7277.46,Africa
16497,2025-03-15,Home Appliances,Instant Pot Duo 7-in-1,4,129.78,519.12,Oceania
16498,2024-03-03,Beauty Products,Maybelline Makeup Kit,4,48.15,192.60,Europe
16499,2024-05-15,Books,The Psychology of Money,10,18.00,180.00,North America
16500,2024-09-08,Clothing,Under Armour Training Shirt,20,43.54,870.80,Middle East
16501,2025-12-13,Sports,Spalding Volleyball,8,34.68,277.44,Asia
16502,2024-12-19,Home Appliances,Keurig K-Elite Coffee Maker,14,197.66,2767.24,Oceania
16503,2025-01-02,Clothing,Levi's 501 Jeans,18,76.63,1379.34,Middle East
16504,2025-05-06,Home Appliances,Samsung Smart Refrigerator,17,2062.02,35054.34,South America
16505,2024-05-04,Books,The Alchemist,12,13.80,165.60,Asia
16506,2024-01-02,Books,Atomic Habits,1,21.20,21.20,Europe
16507,2025-11-02,Home Appliances,Instant Pot Duo 7-in-1,2,117.84,235.68,Middle East
16508,2025-07-26,Home Appliances,Blueair Classic 480i,9,651.03,5859.27,Oceania
16509,2025-11-09,Electronics,Samsung Galaxy Tab S8,16,680.47,10887.52,North America
16510,2025-09-16,Beauty Products,MAC Lipstick Collection,7,80.75,565.25,Middle East
16511,2025-07-08,Home Appliances,Keurig K-Elite Coffee Maker,5,200.23,1001.15,Oceania
16512,2024-04-17,Books,The Hobbit,2,15.23,30.46,South America
16513,2025-12-14,Sports,Adidas FIFA Soccer Ball,6,41.37,248.22,Middle East
16514,2024-11-17,Electronics,Garmin Forerunner 945,9,498.09,4482.81,North America
16515,2024-11-11,Books,Deep Work,11,18.90,207.90,Middle East
16516,2025-05-07,Sports,Hydro Flask Sports Bottle,1,41.95,41.95,North America
16517,2024-12-30,Books,Dune by Frank Herbert,19,27.56,523.64,North America
16518,2025-12-06,Electronics,Apple Watch Series 9,10,396.30,3963.00,Oceania
16519,2025-03-08,Beauty Products,Neutrogena Skincare Set,12,95.58,1146.96,Asia
16520,2024-07-01,Electronics,Canon EOS R10 Camera,20,894.07,17881.40,South America
16521,2024-10-16,Beauty Products,Neutrogena Skincare Set,10,85.27,852.70,South America
16522,2025-05-11,Home Appliances,KitchenAid Stand Mixer,2,471.23,942.46,Africa
16523,2024-11-27,Home Appliances,iRobot Roomba j7,8,619.74,4957.92,North America
16524,2024-06-18,Electronics,Samsung Galaxy Tab S8,1,747.85,747.85,Middle East
16525,2024-03-28,Home Appliances,Instant Pot Duo 7-in-1,20,142.38,2847.60,Middle East
16526,2024-12-13,Electronics,Garmin Forerunner 945,3,489.78,1469.34,Europe
16527,2024-01-08,Books,The Da Vinci Code,6,14.58,87.48,South America
16528,2024-06-03,Books,"Salt, Fat, Acid, Heat by Samin Nosrat",12,34.09,409.08,Middle East
16529,2024-08-19,Beauty Products,Olaplex Hair Repair Set,20,65.39,1307.80,Europe
16530,2025-03-04,Clothing,Columbia Rain Jacket,13,131.14,1704.82,Middle East
16531,2025-05-08,Books,Atomic Habits,5,20.80,104.00,Africa
16532,2025-04-28,Clothing,Under Armour Training Shirt,6,39.90,239.40,Oceania
16533,2025-07-21,Sports,Babolat Pure Drive Tennis Racket,3,190.90,572.70,South America
16534,2024-12-27,Clothing,Patagonia Fleece Jacket,19,165.85,3151.15,Europe
16535,2024-02-01,Books,Deep Work,4,17.55,70.20,Asia
16536,2024-05-01,Electronics,Apple Watch Series 9,19,438.92,8339.48,Oceania
16537,2025-05-18,Clothing,Patagonia Fleece Jacket,4,180.46,721.84,Oceania
16538,2024-07-20,Electronics,Apple Watch Series 9,13,472.88,6147.44,Asia
16539,2025-03-21,Clothing,Patagonia Fleece Jacket,12,192.72,2312.64,South America
16540,2025-07-21,Home Appliances,Dyson V11 Vacuum,6,452.30,2713.80,Africa
16541,2024-10-07,Electronics,Google Pixel 8 Pro,19,1040.94,19777.86,Europe
16542,2025-06-26,Sports,Manduka PRO Yoga Mat,18,119.87,2157.66,North America
16543,2025-11-01,Home Appliances,Instant Pot Duo 7-in-1,20,132.01,2640.20,South America
16544,2025-11-30,Beauty Products,Chanel No. 5 Perfume,2,124.03,248.06,Africa
16545,2025-02-27,Books,The Da Vinci Code,13,15.95,207.35,Middle East
16546,2024-12-13,Home Appliances,LG Front Load Washer,12,837.68,10052.16,North America
16547,2025-07-25,Clothing,Puma Sports Hoodie,7,75.85,530.95,Middle East
16548,2025-12-03,Home Appliances,LG Front Load Washer,13,984.54,12799.02,South America
16549,2024-02-23,Electronics,Canon EOS R10 Camera,5,997.86,4989.30,South America
16550,2024-02-03,Home Appliances,LG Front Load Washer,1,820.00,820.00,Africa
16551,2025-10-16,Home Appliances,iRobot Roomba j7,3,608.81,1826.43,South America
16552,2024-03-27,Electronics,Sony WH-1000XM5 Headphones,14,420.76,5890.64,North America
16553,2025-03-08,Electronics,Canon EOS R10 Camera,3,1001.77,3005.31,South America
16554,2024-06-29,Electronics,Canon EOS R10 Camera,5,933.99,4669.95,Africa
16555,2025-09-28,Sports,Bowflex Adjustable Dumbbells,2,413.69,827.38,South America
16556,2024-09-10,Clothing,Under Armour Training Shirt,12,39.63,475.56,Africa
16557,2025-04-26,Beauty Products,Maybelline Makeup Kit,1,49.74,49.74,Africa
16558,2025-09-27,Home Appliances,Instant Pot Duo 7-in-1,11,129.65,1426.15,North America
16559,2025-10-29,Sports,Wilson Evolution Basketball,7,27.20,190.40,Europe
16560,2024-03-30,Clothing,Under Armour Training Shirt,12,43.20,518.40,Asia
16561,2025-09-25,Clothing,Levi's 501 Jeans,11,73.24,805.64,Middle East
16562,2025-02-23,Electronics,Samsung Galaxy Tab S8,1,696.95,696.95,Middle East
16563,2024-02-28,Clothing,Nike Air Force 1,18,84.21,1515.78,Middle East
16564,2024-10-01,Home Appliances,Dyson V11 Vacuum,7,461.17,3228.19,North America
16565,2025-04-07,Beauty Products,Chanel No. 5 Perfume,5,117.96,589.80,Africa
16566,2025-05-28,Sports,Spalding Volleyball,13,33.43,434.59,South America
16567,2025-10-26,Sports,Everlast Boxing Gloves,15,48.66,729.90,North America
16568,2024-03-12,Home Appliances,Dyson V11 Vacuum,11,509.23,5601.53,Africa
16569,2025-01-15,Electronics,Sony WH-1000XM5 Headphones,16,390.84,6253.44,Europe
16570,2024-02-27,Home Appliances,KitchenAid Stand Mixer,2,421.44,842.88,Europe
16571,2025-05-31,Sports,Spalding Volleyball,10,37.36,373.60,Asia
16572,2025-09-27,Electronics,iPhone 14 Pro,7,952.93,6670.51,Asia
16573,2024-02-21,Home Appliances,KitchenAid Stand Mixer,15,465.91,6988.65,North America
16574,2025-09-04,Books,"Salt, Fat, Acid, Heat by Samin Nosrat",9,32.96,296.64,Middle East
16575,2024-01-24,Clothing,Under Armour Training Shirt,12,38.18,458.16,Asia
16576,2025-02-27,Sports,Spalding Volleyball,8,34.64,277.12,North America
16577,2025-11-06,Books,Atomic Habits,13,18.72,243.36,Europe
16578,2024-08-06,Beauty Products,MAC Lipstick Collection,16,80.53,1288.48,Asia
16579,2025-10-01,Books,Sapiens,10,25.79,257.90,Asia
16580,2024-10-09,Books,The Psychology of Money,13,18.68,242.84,Europe
16581,2024-04-14,Books,Sapiens,7,25.94,181.58,Europe
16582,2025-07-28,Home Appliances,Blueair Classic 480i,18,631.61,11368.98,Oceania
16583,2024-12-30,Beauty Products,Maybelline Makeup Kit,19,50.49,959.31,South America
16584,2025-04-04,Beauty Products,Olaplex Hair Repair Set,17,61.47,1044.99,Oceania
16585,2025-08-01,Beauty Products,Maybelline Makeup Kit,20,52.29,1045.80,Oceania
16586,2024-06-14,Books,"Salt, Fat, Acid, Heat by Samin Nosrat",10,35.22,352.20,South America
16587,2025-03-07,Sports,Wilson Evolution Basketball,13,27.18,353.34,South America
16588,2024-03-24,Beauty Products,Olaplex Hair Repair Set,1,57.69,57.69,South America
16589,2025-07-18,Sports,Spalding Volleyball,7,36.23,253.61,Asia
16590,2025-04-12,Books,Sapiens,8,23.07,184.56,Oceania
16591,2025-09-17,Books,The Da Vinci Code,10,17.23,172.30,South America
16592,2025-08-31,Sports,Hydro Flask Sports Bottle,10,36.71,367.10,Asia
16593,2024-01-14,Sports,Manduka PRO Yoga Mat,16,114.64,1834.24,South America
16594,2025-06-05,Electronics,Canon EOS R10 Camera,1,1061.96,1061.96,Oceania
16595,2024-09-18,Clothing,Columbia Rain Jacket,15,118.35,1775.25,Oceania
16596,2024-11-14,Clothing,Under Armour Training Shirt,10,41.68,416.80,Africa
16597,2024-05-30,Home Appliances,iRobot Roomba j7,11,628.92,6918.12,Europe
16598,2024-02-20,Beauty Products,MAC Lipstick Collection,14,86.51,1211.14,Africa
16599,2025-11-19,Home Appliances,Samsung Smart Refrigerator,5,2039.34,10196.70,South America
16600,2025-12-12,Home Appliances,Philips Air Fryer XXL,4,242.75,971.00,Asia
16601,2025-03-17,Beauty Products,Clinique Moisture Surge,6,42.44,254.64,South America
16602,2025-11-18,Home Appliances,iRobot Roomba j7,18,709.18,12765.24,Middle East
16603,2024-01-15,Books,The Alchemist,19,14.05,266.95,Africa
16604,2025-03-22,Beauty Products,L'Oreal Revitalift Cream,17,29.57,502.69,Oceania
16605,2024-07-27,Electronics,Dell XPS 13 Laptop,7,1236.28,8653.96,Africa
16606,2025-12-30,Clothing,Nike Air Force 1,4,89.02,356.08,South America
16607,2025-12-15,Clothing,North Face Down Jacket,3,230.04,690.12,North America
16608,2024-05-05,Electronics,Nintendo Switch OLED,11,345.11,3796.21,North America
16609,2024-01-09,Books,Dune by Frank Herbert,9,28.02,252.18,Asia
16610,2025-05-17,Home Appliances,Dyson V11 Vacuum,16,464.47,7431.52,South America
16611,2025-09-07,Sports,Everlast Boxing Gloves,12,48.64,583.68,Oceania
16612,2024-10-02,Electronics,Canon EOS R10 Camera,1,884.66,884.66,Oceania
16613,2025-10-16,Home Appliances,Philips Air Fryer XXL,18,251.44,4525.92,Europe
16614,2025-04-02,Books,The Hobbit,1,16.22,16.22,Middle East
16615,2024-03-13,Home Appliances,Instant Pot Duo 7-in-1,13,141.21,1835.73,North America
16616,2025-04-13,Home Appliances,KitchenAid Stand Mixer,15,474.94,7124.10,North America
16617,2025-07-29,Sports,Everlast Boxing Gloves,9,53.36,480.24,Europe
16618,2025-12-08,Beauty Products,Neutrogena Skincare Set,1,96.07,96.07,Middle East
16619,2025-04-25,Home Appliances,Blueair Classic 480i,19,659.78,12535.82,Asia
16620,2025-01-10,Home Appliances,Samsung Smart Refrigerator,6,1989.68,11938.08,South America
16621,2024-03-25,Home Appliances,Blueair Classic 480i,15,571.51,8572.65,Middle East
16622,2025-08-29,Books,Sapiens,19,27.31,518.89,Asia
16623,2025-11-25,Clothing,Columbia Rain Jacket,14,137.74,1928.36,South America
16624,2024-12-30,Sports,Manduka PRO Yoga Mat,17,116.50,1980.50,North America
16625,2024-01-05,Home Appliances,Ninja Professional Blender,7,96.35,674.45,Oceania
16626,2025-02-21,Books,"Salt, Fat, Acid, Heat by Samin Nosrat",1,34.68,34.68,North America
16627,2025-03-16,Books,Deep Work,4,19.90,79.60,North America
16628,2025-11-30,Sports,Bowflex Adjustable Dumbbells,20,418.34,8366.80,Middle East
16629,2025-09-27,Home Appliances,Dyson V11 Vacuum,17,495.93,8430.81,Oceania
16630,2024-09-09,Sports,Everlast Boxing Gloves,19,49.87,947.53,North America
16631,2025-05-04,Home Appliances,Keurig K-Elite Coffee Maker,12,186.38,2236.56,Europe
16632,2025-02-27,Beauty Products,Chanel No. 5 Perfume,14,137.33,1922.62,Africa
16633,2024-12-31,Home Appliances,Instant Pot Duo 7-in-1,16,133.79,2140.64,Asia
16634,2024-12-01,Home Appliances,KitchenAid Stand Mixer,10,488.64,4886.40,North America
16635,2025-07-26,Home Appliances,iRobot Roomba j7,9,700.29,6302.61,Oceania
16636,2024-08-29,Sports,Callaway Golf Club Set,13,918.42,11939.46,South America
16637,2024-09-04,Books,The Psychology of Money,11,19.60,215.60,Europe
16638,2024-02-24,Home Appliances,Samsung Smart Refrigerator,10,1833.11,18331.10,Oceania
16639,2025-08-16,Sports,Bowflex Adjustable Dumbbells,20,435.65,8713.00,North America
16640,2025-03-07,Sports,Manduka PRO Yoga Mat,3,123.19,369.57,Africa
16641,2024-08-06,Clothing,Vans Old Skool Sneakers,12,81.33,975.96,Oceania
16642,2024-11-08,Books,Deep Work,4,20.17,80.68,South America
16643,2024-07-28,Beauty Products,Clinique Moisture Surge,10,45.26,452.60,South America
16644,2024-05-01,Sports,Fitbit Charge 6,20,155.16,3103.20,Middle East
16645,2024-01-09,Sports,Everlast Boxing Gloves,11,45.80,503.80,South America
16646,2025-07-26,Books,The Da Vinci Code,19,16.88,320.72,Africa
16647,2025-09-08,Beauty Products,MAC Lipstick Collection,3,82.62,247.86,Europe
16648,2025-01-09,Clothing,Adidas Ultraboost Shoes,10,208.91,2089.10,South America
16649,2024-05-29,Books,Atomic Habits,7,18.39,128.73,Europe
16650,2024-11-24,Sports,Babolat Pure Drive Tennis Racket,11,187.83,2066.13,Africa
16651,2024-06-12,Clothing,Adidas Ultraboost Shoes,6,176.76,1060.56,Middle East
16652,2025-08-03,Sports,Everlast Boxing Gloves,19,47.19,896.61,Africa
16653,2024-06-19,Beauty Products,Dyson Supersonic Hair Dryer,20,407.96,8159.20,Europe
16654,2025-12-24,Home Appliances,LG Front Load Washer,14,908.18,12714.52,Oceania
16655,2025-06-10,Home Appliances,Ninja Professional Blender,4,107.78,431.12,South America
16656,2025-01-18,Electronics,Dell XPS 13 Laptop,1,1395.54,1395.54,North America
16657,2025-06-17,Sports,Wilson Evolution Basketball,16,31.81,508.96,Asia
16658,2024-08-03,Clothing,Vans Old Skool Sneakers,4,85.23,340.92,Middle East
16659,2025-11-22,Beauty Products,Olaplex Hair Repair Set,4,58.89,235.56,South America
16660,2024-08-03,Home Appliances,Blueair Classic 480i,9,568.91,5120.19,Asia
16661,2024-07-03,Electronics,Google Pixel 8 Pro,13,1030.18,13392.34,South America
16662,2024-03-06,Home Appliances,LG Front Load Washer,7,957.88,6705.16,Oceania
16663,2025-04-01,Electronics,Apple Watch Series 9,17,420.53,7149.01,Middle East
16664,2025-09-06,Sports,Everlast Boxing Gloves,12,49.54,594.48,Asia
16665,2025-01-07,Beauty Products,Dyson Supersonic Hair Dryer,12,400.73,4808.76,South America
16666,2024-04-18,Electronics,Samsung Galaxy Tab S8,2,751.81,1503.62,North America
16667,2024-12-02,Beauty Products,CeraVe Hydrating Cleanser,6,18.92,113.52,Asia
16668,2025-02-09,Clothing,Nike Air Force 1,11,90.26,992.86,Middle East
16669,2024-02-17,Home Appliances,iRobot Roomba j7,19,655.16,12448.04,Africa
16670,2024-04-19,Sports,Spalding Volleyball,11,35.95,395.45,Europe
16671,2024-05-09,Sports,Wilson Evolution Basketball,15,28.92,433.80,North America
16672,2024-11-29,Home Appliances,Blueair Classic 480i,12,545.35,6544.20,North America
16673,2025-02-21,Electronics,Canon EOS R10 Camera,9,1056.05,9504.45,South America
16674,2024-07-20,Sports,Hydro Flask Sports Bottle,3,40.38,121.14,North America
16675,2024-10-25,Books,The Psychology of Money,3,19.72,59.16,Asia
16676,2025-10-26,Electronics,iPhone 14 Pro,16,1080.90,17294.40,Africa
16677,2025-08-08,Home Appliances,Dyson V11 Vacuum,9,486.06,4374.54,Asia
16678,2025-07-02,Electronics,MacBook Pro 16-inch,16,2577.27,41236.32,Europe
16679,2024-06-11,Electronics,Garmin Forerunner 945,6,473.45,2840.70,Africa
16680,2025-05-03,Home Appliances,Instant Pot Duo 7-in-1,12,142.31,1707.72,South America
16681,2024-10-09,Beauty Products,The Ordinary Serum Set,12,39.14,469.68,Asia
16682,2025-08-28,Home Appliances,iRobot Roomba j7,2,659.19,1318.38,Middle East
16683,2025-10-28,Sports,Babolat Pure Drive Tennis Racket,8,206.88,1655.04,Asia
16684,2024-09-12,Beauty Products,L'Oreal Revitalift Cream,12,29.95,359.40,Africa
16685,2025-07-18,Beauty Products,MAC Lipstick Collection,2,82.00,164.00,Oceania
16686,2024-06-29,Electronics,iPhone 14 Pro,17,958.88,16300.96,Oceania
16687,2025-01-19,Clothing,North Face Down Jacket,19,266.85,5070.15,Africa
16688,2025-04-26,Home Appliances,Keurig K-Elite Coffee Maker,19,178.36,3388.84,North America
16689,2024-09-17,Sports,Wilson Evolution Basketball,17,27.08,460.36,Oceania
16690,2025-05-15,Beauty Products,Neutrogena Skincare Set,18,88.52,1593.36,Africa
16691,2024-10-20,Beauty Products,Maybelline Makeup Kit,14,54.43,762.02,Africa
16692,2024-10-06,Sports,Everlast Boxing Gloves,17,48.43,823.31,Europe
16693,2025-01-15,Electronics,Sony WH-1000XM5 Headphones,19,370.73,7043.87,Asia
16694,2025-10-09,Sports,Fitbit Charge 6,5,162.23,811.15,Africa
16695,2024-07-23,Beauty Products,CeraVe Hydrating Cleanser,2,19.38,38.76,Europe
16696,2024-12-20,Books,"Salt, Fat, Acid, Heat by Samin Nosrat",5,34.51,172.55,Europe
16697,2024-12-24,Books,Sapiens,6,25.22,151.32,Oceania
16698,2024-03-19,Home Appliances,KitchenAid Stand Mixer,14,417.76,5848.64,Asia
16699,2024-08-01,Beauty Products,L'Oreal Revitalift Cream,7,31.60,221.20,South America
16700,2025-10-11,Home Appliances,iRobot Roomba j7,19,617.73,11736.87,Middle East
16701,2024-07-01,Beauty Products,L'Oreal Revitalift Cream,6,28.49,170.94,North America
16702,2025-05-08,Electronics,iPhone 14 Pro,19,1011.92,19226.48,Oceania
16703,2025-11-08,Electronics,Sony WH-1000XM5 Headphones,11,366.65,4033.15,Middle East
16704,2025-07-17,Clothing,Under Armour Training Shirt,7,37.39,261.73,Middle East
16705,2024-02-22,Home Appliances,iRobot Roomba j7,13,625.44,8130.72,Africa
16706,2024-12-25,Books,Deep Work,1,20.48,20.48,Africa
16707,2024-03-02,Electronics,Sony WH-1000XM5 Headphones,4,431.91,1727.64,Oceania
16708,2025-07-06,Books,Atomic Habits,10,18.54,185.40,Europe
16709,2024-09-21,Beauty Products,Dyson Supersonic Hair Dryer,10,470.83,4708.30,Europe
16710,2025-05-23,Home Appliances,Samsung Smart Refrigerator,10,1788.70,17887.00,South America
16711,2025-08-28,Home Appliances,Keurig K-Elite Coffee Maker,17,199.12,3385.04,Middle East
16712,2025-03-27,Home Appliances,Instant Pot Duo 7-in-1,8,125.63,1005.04,Oceania
16713,2024-01-24,Books,Dune by Frank Herbert,1,28.15,28.15,South America
16714,2024-09-08,Beauty Products,Maybelline Makeup Kit,18,52.71,948.78,Africa
16715,2025-02-18,Home Appliances,Ninja Professional Blender,2,104.99,209.98,North America
16716,2025-04-23,Books,The Da Vinci Code,3,14.54,43.62,Europe
16717,2025-04-11,Beauty Products,L'Oreal Revitalift Cream,19,27.30,518.70,North America
16718,2025-10-05,Electronics,MacBook Pro 16-inch,12,2440.35,29284.20,Middle East
16719,2025-10-19,Sports,Wilson Evolution Basketball,9,29.03,261.27,Asia
16720,2024-05-01,Electronics,Sony WH-1000XM5 Headphones,2,398.89,797.78,Europe
16721,2025-07-12,Home Appliances,Keurig K-Elite Coffee Maker,9,186.31,1676.79,Asia
16722,2024-02-03,Electronics,Sony WH-1000XM5 Headphones,10,375.46,3754.60,Europe
16723,2024-03-09,Home Appliances,KitchenAid Stand Mixer,3,476.25,1428.75,Europe
16724,2025-09-13,Books,Sapiens,1,23.16,23.16,Africa
16725,2025-09-16,Books,The Da Vinci Code,4,16.26,65.04,Oceania
16726,2024-04-29,Sports,Wilson Evolution Basketball,8,29.44,235.52,Africa
16727,2025-03-27,Beauty Products,L'Oreal Revitalift Cream,20,31.95,639.00,South America
16728,2024-05-30,Books,The Alchemist,13,14.19,184.47,Asia
16729,2025-03-21,Beauty Products,CeraVe Hydrating Cleanser,10,18.76,187.60,Asia
16730,2025-03-20,Beauty Products,Maybelline Makeup Kit,6,47.00,282.00,North America
16731,2025-01-01,Electronics,Samsung Galaxy Tab S8,8,743.10,5944.80,Asia
16732,2025-04-07,Home Appliances,Blueair Classic 480i,8,615.45,4923.60,Africa
16733,2024-01-28,Books,The Alchemist,10,12.41,124.10,Europe
16734,2024-01-31,Beauty Products,L'Oreal Revitalift Cream,3,31.61,94.83,North America
16735,2025-03-22,Beauty Products,CeraVe Hydrating Cleanser,9,19.03,171.27,North America
16736,2025-02-18,Clothing,Calvin Klein Slim Fit Shirt,11,93.66,1030.26,Europe
16737,2025-04-22,Home Appliances,Ninja Professional Blender,12,102.07,1224.84,Asia
16738,2024-11-28,Electronics,Sony WH-1000XM5 Headphones,15,388.09,5821.35,Asia
16739,2024-12-26,Beauty Products,CeraVe Hydrating Cleanser,20,17.43,348.60,Oceania
16740,2025-05-25,Sports,Everlast Boxing Gloves,17,52.26,888.42,Europe
16741,2025-03-18,Books,Clean Code,14,37.19,520.66,Oceania
16742,2024-07-29,Sports,Adidas FIFA Soccer Ball,20,36.29,725.80,Oceania
16743,2024-10-26,Beauty Products,Dyson Supersonic Hair Dryer,9,411.40,3702.60,Asia
16744,2024-11-17,Sports,Bowflex Adjustable Dumbbells,2,426.53,853.06,Africa
16745,2025-08-24,Books,Atomic Habits,15,21.65,324.75,Africa
16746,2025-06-08,Books,The Da Vinci Code,9,16.01,144.09,Europe
16747,2024-05-29,Beauty Products,CeraVe Hydrating Cleanser,8,20.21,161.68,Middle East
16748,2025-06-30,Home Appliances,Dyson V11 Vacuum,3,488.85,1466.55,South America
16749,2025-03-22,Books,Clean Code,1,41.12,41.12,Asia
16750,2024-04-07,Electronics,Sony WH-1000XM5 Headphones,12,426.27,5115.24,North America
16751,2024-11-26,Sports,Manduka PRO Yoga Mat,1,128.76,128.76,Oceania
16752,2024-02-26,Electronics,Sony WH-1000XM5 Headphones,12,405.74,4868.88,Europe
16753,2025-11-25,Sports,Callaway Golf Club Set,9,981.68,8835.12,Middle East
16754,2024-10-08,Home Appliances,Samsung Smart Refrigerator,9,1874.77,16872.93,Asia
16755,2025-11-21,Clothing,Adidas Ultraboost Shoes,19,176.66,3356.54,Europe
16756,2025-04-18,Electronics,Samsung Galaxy Tab S8,19,715.75,13599.25,Middle East
16757,2024-11-16,Books,Deep Work,2,18.22,36.44,Oceania
16758,2025-11-24,Sports,Hydro Flask Sports Bottle,16,36.64,586.24,Middle East
16759,2024-08-25,Electronics,Dell XPS 13 Laptop,5,1365.74,6828.70,Africa
16760,2024-10-08,Clothing,Puma Sports Hoodie,20,74.45,1489.00,South America
16761,2025-07-12,Sports,Wilson Evolution Basketball,13,27.49,357.37,Middle East
16762,2024-03-19,Electronics,Garmin Forerunner 945,3,517.57,1552.71,Africa
16763,2025-10-05,Clothing,Nike Air Force 1,13,97.16,1263.08,Middle East
16764,2024-02-11,Beauty Products,CeraVe Hydrating Cleanser,16,17.91,286.56,Africa
16765,2025-03-09,Home Appliances,Dyson V11 Vacuum,3,542.37,1627.11,North America
16766,2025-03-11,Home Appliances,Philips Air Fryer XXL,1,235.23,235.23,Middle East
16767,2025-05-31,Home Appliances,Ninja Professional Blender,2,96.70,193.40,South America
16768,2025-09-16,Books,Deep Work,13,20.46,265.98,Asia
16769,2024-05-18,Books,The Da Vinci Code,19,16.05,304.95,Middle East
16770,2025-07-10,Sports,Spalding Volleyball,6,33.08,198.48,Europe
16771,2025-05-26,Beauty Products,Dyson Supersonic Hair Dryer,3,395.00,1185.00,Oceania
16772,2024-04-28,Sports,Fitbit Charge 6,1,157.30,157.30,Africa
16773,2025-08-14,Electronics,Apple Watch Series 9,15,465.15,6977.25,Africa
16774,2025-06-05,Home Appliances,Dyson V11 Vacuum,10,472.95,4729.50,South America
16775,2024-06-30,Electronics,MacBook Pro 16-inch,16,2692.08,43073.28,Asia
16776,2024-05-30,Electronics,Google Pixel 8 Pro,10,1055.23,10552.30,South America
16777,2025-12-08,Sports,Callaway Golf Club Set,17,823.11,13992.87,Africa
16778,2024-12-13,Electronics,Nintendo Switch OLED,20,325.20,6504.00,South America
16779,2024-05-29,Clothing,Nike Air Force 1,5,98.61,493.05,Middle East
16780,2025-10-11,Books,The Alchemist,20,13.10,262.00,Asia
16781,2025-08-01,Clothing,Under Armour Training Shirt,10,36.30,363.00,Asia
16782,2025-09-26,Clothing,North Face Down Jacket,20,250.52,5010.40,South America
16783,2025-11-08,Home Appliances,LG Front Load Washer,8,832.18,6657.44,North America
16784,2025-12-12,Home Appliances,Blueair Classic 480i,15,588.48,8827.20,South America
16785,2025-07-01,Clothing,Vans Old Skool Sneakers,5,86.96,434.80,South America
16786,2024-01-15,Sports,Bowflex Adjustable Dumbbells,4,444.19,1776.76,North America
16787,2024-03-16,Books,"Salt, Fat, Acid, Heat by Samin Nosrat",19,35.89,681.91,Europe
16788,2025-01-20,Sports,Bowflex Adjustable Dumbbells,20,472.23,9444.60,Oceania
16789,2024-02-13,Books,Atomic Habits,4,21.29,85.16,Africa
16790,2025-03-15,Clothing,Patagonia Fleece Jacket,7,164.17,1149.19,Asia
16791,2025-06-01,Electronics,Apple Watch Series 9,13,451.38,5867.94,Europe
16792,2025-11-21,Clothing,Levi's 501 Jeans,6,72.21,433.26,South America
16793,2025-09-04,Electronics,Nintendo Switch OLED,4,376.30,1505.20,South America
16794,2024-09-27,Clothing,Under Armour Training Shirt,11,42.81,470.91,Europe
16795,2025-07-14,Electronics,Nintendo Switch OLED,7,323.98,2267.86,North America
16796,2024-02-01,Electronics,Apple Watch Series 9,19,411.95,7827.05,South America
16797,2024-01-01,Clothing,Vans Old Skool Sneakers,8,85.20,681.60,Africa
16798,2024-08-22,Beauty Products,The Ordinary Serum Set,16,38.55,616.80,Europe
16799,2024-08-04,Books,Dune by Frank Herbert,18,24.92,448.56,South America
16800,2024-06-05,Sports,Wilson Evolution Basketball,2,31.09,62.18,South America
16801,2025-08-09,Beauty Products,The Ordinary Serum Set,1,40.78,40.78,Europe
16802,2024-06-13,Sports,Bowflex Adjustable Dumbbells,20,437.10,8742.00,Africa
16803,2024-05-09,Beauty Products,The Ordinary Serum Set,4,39.16,156.64,South America
16804,2024-10-01,Clothing,Patagonia Fleece Jacket,1,196.41,196.41,South America
16805,2025-01-21,Books,Atomic Habits,10,20.43,204.30,Middle East
16806,2025-08-19,Electronics,Dell XPS 13 Laptop,12,1410.77,16929.24,Africa
16807,2025-06-23,Electronics,Samsung Galaxy Tab S8,20,717.68,14353.60,Africa
16808,2024-10-12,Beauty Products,Clinique Moisture Surge,5,49.35,246.75,South America
16809,2025-03-26,Books,The Alchemist,6,11.93,71.58,South America
16810,2024-04-10,Home Appliances,Blueair Classic 480i,11,652.83,7181.13,Oceania
16811,2024-09-23,Books,Clean Code,4,43.75,175.00,Middle East
16812,2025-03-20,Electronics,Canon EOS R10 Camera,6,901.26,5407.56,South America
16813,2025-02-15,Home Appliances,Keurig K-Elite Coffee Maker,20,188.00,3760.00,North America
16814,2024-07-04,Sports,Fitbit Charge 6,7,171.73,1202.11,North America
16815,2024-07-21,Sports,Spalding Volleyball,8,31.64,253.12,Oceania
16816,2024-01-18,Books,Sapiens,2,24.60,49.20,Oceania
16817,2024-11-09,Home Appliances,Dyson V11 Vacuum,12,455.23,5462.76,Africa
16818,2025-09-10,Beauty Products,The Ordinary Serum Set,13,40.03,520.39,Oceania
16819,2025-08-04,Books,Clean Code,17,40.58,689.86,Oceania
16820,2025-01-29,Electronics,Apple Watch Series 9,13,416.31,5412.03,South America
16821,2024-06-25,Clothing,Columbia Rain Jacket,18,134.66,2423.88,Asia
16822,2025-08-10,Sports,Bowflex Adjustable Dumbbells,14,453.90,6354.60,Middle East
16823,2025-02-26,Sports,Manduka PRO Yoga Mat,4,116.76,467.04,Europe
16824,2025-01-30,Sports,Spalding Volleyball,8,34.20,273.60,Oceania
16825,2025-03-23,Electronics,Dell XPS 13 Laptop,4,1291.76,5167.04,Europe
16826,2025-11-18,Clothing,Calvin Klein Slim Fit Shirt,4,87.34,349.36,Oceania
16827,2025-12-06,Beauty Products,Maybelline Makeup Kit,9,47.82,430.38,Asia
16828,2024-12-05,Home Appliances,iRobot Roomba j7,13,704.41,9157.33,Oceania
16829,2024-11-12,Home Appliances,LG Front Load Washer,17,851.18,14470.06,Oceania
16830,2024-01-25,Electronics,Canon EOS R10 Camera,10,1024.49,10244.90,Africa
16831,2025-12-15,Books,Dune by Frank Herbert,14,24.00,336.00,Middle East
16832,2024-10-20,Clothing,Columbia Rain Jacket,12,123.00,1476.00,North America
16833,2025-05-20,Sports,Babolat Pure Drive Tennis Racket,1,187.37,187.37,Middle East
16834,2025-06-05,Electronics,Sony WH-1000XM5 Headphones,8,387.18,3097.44,Middle East
16835,2024-06-02,Books,Clean Code,17,41.30,702.10,Middle East
16836,2025-10-16,Sports,Wilson Evolution Basketball,13,28.29,367.77,South America
16837,2025-06-18,Books,"Salt, Fat, Acid, Heat by Samin Nosrat",2,33.23,66.46,Oceania
16838,2024-08-22,Beauty Products,L'Oreal Revitalift Cream,10,29.35,293.50,Africa
16839,2024-05-04,Home Appliances,KitchenAid Stand Mixer,13,445.26,5788.38,Oceania
16840,2025-06-21,Beauty Products,CeraVe Hydrating Cleanser,12,18.25,219.00,South America
16841,2024-06-06,Beauty Products,Maybelline Makeup Kit,20,52.12,1042.40,Middle East
16842,2025-06-27,Books,Deep Work,10,19.21,192.10,Europe
16843,2025-05-09,Sports,Spalding Volleyball,4,34.78,139.12,North America
16844,2024-07-17,Books,Clean Code,5,37.78,188.90,Europe
16845,2024-10-20,Beauty Products,The Ordinary Serum Set,3,41.02,123.06,Asia
16846,2024-07-14,Beauty Products,Maybelline Makeup Kit,14,54.95,769.30,Asia
16847,2024-12-10,Home Appliances,Philips Air Fryer XXL,13,274.32,3566.16,Africa
16848,2024-11-28,Home Appliances,Philips Air Fryer XXL,2,270.17,540.34,Middle East
16849,2024-05-21,Clothing,Puma Sports Hoodie,19,77.71,1476.49,North America
16850,2024-11-26,Books,Dune by Frank Herbert,18,26.10,469.80,Africa
16851,2024-04-03,Books,Clean Code,4,39.76,159.04,Oceania
16852,2025-11-25,Beauty Products,Dyson Supersonic Hair Dryer,2,459.45,918.90,Europe
16853,2024-10-30,Books,The Alchemist,9,13.12,118.08,Africa
16854,2024-01-01,Electronics,Apple Watch Series 9,11,461.24,5073.64,South America
16855,2025-09-07,Sports,Bowflex Adjustable Dumbbells,16,439.28,7028.48,Africa
16856,2025-07-16,Home Appliances,Samsung Smart Refrigerator,14,1967.45,27544.30,South America
16857,2024-10-04,Beauty Products,Olaplex Hair Repair Set,19,61.47,1167.93,Oceania
16858,2024-03-24,Books,Clean Code,8,39.33,314.64,Oceania
16859,2025-11-16,Clothing,Puma Sports Hoodie,12,74.72,896.64,Africa
16860,2025-07-20,Clothing,Puma Sports Hoodie,4,75.75,303.00,Europe
16861,2024-05-29,Books,Clean Code,8,37.45,299.60,Asia
16862,2025-03-01,Books,Clean Code,12,36.15,433.80,South America
16863,2025-11-19,Electronics,Garmin Forerunner 945,11,506.65,5573.15,Oceania
16864,2025-03-01,Clothing,Puma Sports Hoodie,18,80.03,1440.54,Africa
16865,2025-11-11,Beauty Products,CeraVe Hydrating Cleanser,14,20.49,286.86,Middle East
16866,2024-11-20,Clothing,Adidas Ultraboost Shoes,19,178.14,3384.66,South America
16867,2024-05-25,Beauty Products,Neutrogena Skincare Set,13,81.82,1063.66,Oceania
16868,2025-04-19,Beauty Products,MAC Lipstick Collection,9,86.39,777.51,Africa
16869,2025-12-22,Beauty Products,L'Oreal Revitalift Cream,1,30.20,30.20,South America
16870,2025-03-06,Electronics,Google Pixel 8 Pro,1,1089.98,1089.98,Africa
16871,2024-11-02,Books,Sapiens,11,25.36,278.96,South America
16872,2025-11-23,Clothing,Nike Air Force 1,14,86.88,1216.32,Asia
16873,2024-09-21,Clothing,Columbia Rain Jacket,3,131.76,395.28,North America
16874,2025-05-10,Books,The Psychology of Money,15,18.04,270.60,Africa
16875,2025-02-03,Clothing,Nike Air Force 1,7,84.04,588.28,South America
16876,2024-05-12,Sports,Hydro Flask Sports Bottle,9,41.17,370.53,Africa
16877,2024-02-11,Sports,Hydro Flask Sports Bottle,1,40.80,40.80,Middle East
16878,2025-06-24,Sports,Bowflex Adjustable Dumbbells,8,445.57,3564.56,Africa
16879,2025-07-12,Clothing,Nike Air Force 1,8,97.78,782.24,Oceania
16880,2024-04-04,Home Appliances,Samsung Smart Refrigerator,12,1716.00,20592.00,Africa
16881,2024-12-14,Books,Clean Code,16,40.98,655.68,Asia
16882,2025-08-30,Electronics,Sony WH-1000XM5 Headphones,8,411.65,3293.20,Oceania
16883,2025-11-16,Books,The Da Vinci Code,6,16.55,99.30,Middle East
16884,2025-07-19,Books,Dune by Frank Herbert,7,26.79,187.53,North America
16885,2025-09-22,Electronics,Canon EOS R10 Camera,3,987.56,2962.68,Africa
16886,2025-03-25,Sports,Fitbit Charge 6,11,159.12,1750.32,Asia
16887,2025-12-01,Books,Clean Code,5,41.02,205.10,North America
16888,2024-10-12,Electronics,Canon EOS R10 Camera,1,930.91,930.91,Oceania
16889,2024-03-29,Home Appliances,Keurig K-Elite Coffee Maker,10,175.94,1759.40,Africa
16890,2025-08-13,Sports,Bowflex Adjustable Dumbbells,2,397.90,795.80,Middle East
16891,2024-11-17,Clothing,Nike Air Force 1,11,89.57,985.27,Europe
16892,2025-02-13,Home Appliances,Dyson V11 Vacuum,1,516.58,516.58,Europe
16893,2025-06-02,Beauty Products,Maybelline Makeup Kit,3,46.00,138.00,Oceania
16894,2024-07-23,Sports,Wilson Evolution Basketball,12,31.40,376.80,Africa
16895,2024-10-18,Electronics,Apple Watch Series 9,12,424.95,5099.40,Africa
16896,2025-02-17,Books,Clean Code,9,42.74,384.66,North America
16897,2024-02-16,Books,The Hobbit,8,15.09,120.72,Middle East
16898,2024-12-12,Home Appliances,KitchenAid Stand Mixer,8,456.72,3653.76,Europe
16899,2025-07-21,Clothing,Adidas Ultraboost Shoes,2,201.18,402.36,Africa
16900,2024-03-08,Clothing,North Face Down Jacket,4,253.24,1012.96,South America
16901,2025-01-05,Sports,Spalding Volleyball,14,34.57,483.98,North America
16902,2025-01-31,Home Appliances,Instant Pot Duo 7-in-1,15,119.55,1793.25,Oceania
16903,2025-06-17,Books,Dune by Frank Herbert,11,24.79,272.69,Africa
16904,2024-12-18,Clothing,Levi's 501 Jeans,19,72.33,1374.27,Middle East
16905,2024-02-07,Books,Deep Work,14,20.39,285.46,Africa
16906,2024-07-23,Clothing,North Face Down Jacket,9,248.61,2237.49,South America
16907,2025-07-26,Beauty Products,The Ordinary Serum Set,4,37.13,148.52,North America
16908,2025-02-27,Electronics,Google Pixel 8 Pro,15,1072.92,16093.80,Middle East
16909,2024-09-24,Books,Atomic Habits,5,19.09,95.45,Middle East
16910,2024-03-19,Sports,Hydro Flask Sports Bottle,18,39.76,715.68,Middle East
16911,2025-06-22,Electronics,Apple Watch Series 9,7,392.04,2744.28,Europe
16912,2024-10-04,Books,"Salt, Fat, Acid, Heat by Samin Nosrat",13,31.19,405.47,Oceania
16913,2025-11-07,Home Appliances,Ninja Professional Blender,16,105.80,1692.80,North America
16914,2024-02-29,Books,Sapiens,10,23.49,234.90,Middle East
16915,2024-11-21,Clothing,Vans Old Skool Sneakers,12,73.15,877.80,Asia
16916,2025-10-02,Electronics,Sony WH-1000XM5 Headphones,12,404.36,4852.32,Oceania
16917,2024-02-19,Sports,Everlast Boxing Gloves,6,48.87,293.22,Middle East
16918,2024-05-21,Clothing,Calvin Klein Slim Fit Shirt,6,94.30,565.80,Africa
16919,2025-12-19,Books,The Psychology of Money,9,18.21,163.89,North America
16920,2025-11-07,Clothing,Under Armour Training Shirt,8,36.00,288.00,North America
16921,2025-09-21,Home Appliances,Samsung Smart Refrigerator,19,1888.23,35876.37,Middle East
16922,2024-10-15,Home Appliances,Dyson V11 Vacuum,1,505.17,505.17,South America
16923,2025-01-04,Books,Clean Code,5,42.55,212.75,Middle East
16924,2025-02-01,Beauty Products,L'Oreal Revitalift Cream,11,27.29,300.19,Oceania
16925,2024-04-14,Home Appliances,iRobot Roomba j7,1,601.76,601.76,North America
16926,2025-11-03,Electronics,Apple Watch Series 9,3,413.50,1240.50,Asia
16927,2024-01-29,Books,"Salt, Fat, Acid, Heat by Samin Nosrat",19,32.36,614.84,Oceania
16928,2024-12-09,Electronics,Google Pixel 8 Pro,12,1031.72,12380.64,Middle East
16929,2024-02-03,Clothing,North Face Down Jacket,7,263.42,1843.94,North America
16930,2025-03-15,Home Appliances,KitchenAid Stand Mixer,17,485.61,8255.37,South America
16931,2024-11-26,Clothing,Vans Old Skool Sneakers,16,78.55,1256.80,Middle East
16932,2024-11-20,Electronics,Canon EOS R10 Camera,7,1029.22,7204.54,Middle East
16933,2024-12-06,Sports,Adidas FIFA Soccer Ball,19,39.83,756.77,North America
16934,2024-12-16,Electronics,Nintendo Switch OLED,6,381.06,2286.36,South America
16935,2024-12-22,Electronics,Samsung Galaxy Tab S8,16,782.88,12526.08,Middle East
16936,2024-09-22,Home Appliances,iRobot Roomba j7,20,643.87,12877.40,Europe
16937,2024-11-26,Beauty Products,L'Oreal Revitalift Cream,16,27.25,436.00,Africa
16938,2024-01-28,Clothing,Under Armour Training Shirt,1,39.57,39.57,Asia
16939,2025-10-06,Home Appliances,LG Front Load Washer,2,849.57,1699.14,South America
16940,2025-06-14,Electronics,Google Pixel 8 Pro,5,1028.34,5141.70,Africa
16941,2024-11-24,Beauty Products,Maybelline Makeup Kit,8,49.27,394.16,Africa
16942,2025-03-16,Clothing,Patagonia Fleece Jacket,18,163.44,2941.92,Oceania
16943,2024-11-29,Home Appliances,Philips Air Fryer XXL,20,254.44,5088.80,North America
16944,2024-01-31,Beauty Products,Maybelline Makeup Kit,1,50.40,50.40,Asia
16945,2024-06-20,Sports,Callaway Golf Club Set,8,826.56,6612.48,Middle East
16946,2025-01-13,Sports,Fitbit Charge 6,2,163.09,326.18,Middle East
16947,2024-10-17,Books,"Salt, Fat, Acid, Heat by Samin Nosrat",12,33.38,400.56,North America
16948,2024-12-03,Clothing,North Face Down Jacket,3,268.42,805.26,Oceania
16949,2024-01-09,Beauty Products,The Ordinary Serum Set,9,36.82,331.38,Oceania
16950,2024-03-08,Home Appliances,iRobot Roomba j7,15,673.05,10095.75,Middle East
16951,2024-09-20,Sports,Wilson Evolution Basketball,8,32.59,260.72,South America
16952,2025-01-20,Electronics,Samsung Galaxy Tab S8,7,821.48,5750.36,North America
16953,2024-08-21,Books,The Psychology of Money,11,16.69,183.59,Oceania
16954,2024-10-29,Electronics,Nintendo Switch OLED,7,353.43,2474.01,South America
16955,2025-10-05,Sports,Callaway Golf Club Set,3,912.57,2737.71,Europe
16956,2024-09-20,Home Appliances,Keurig K-Elite Coffee Maker,13,207.23,2693.99,North America
16957,2024-04-14,Home Appliances,Ninja Professional Blender,11,90.06,990.66,North America
16958,2024-07-05,Books,The Da Vinci Code,12,16.29,195.48,North America
16959,2025-05-15,Home Appliances,Instant Pot Duo 7-in-1,14,133.73,1872.22,Middle East
16960,2024-09-18,Home Appliances,Instant Pot Duo 7-in-1,12,140.45,1685.40,Oceania
16961,2025-07-15,Electronics,Nintendo Switch OLED,16,377.99,6047.84,South America
16962,2024-11-26,Electronics,Samsung Galaxy Tab S8,13,814.64,10590.32,Middle East
16963,2024-07-20,Books,The Psychology of Money,19,19.30,366.70,Middle East
16964,2025-09-28,Home Appliances,Blueair Classic 480i,12,638.82,7665.84,South America
16965,2025-07-22,Clothing,North Face Down Jacket,1,269.03,269.03,South America
16966,2024-06-09,Sports,Fitbit Charge 6,7,157.94,1105.58,South America
16967,2024-04-01,Books,The Da Vinci Code,18,17.50,315.00,Middle East
16968,2025-08-21,Home Appliances,LG Front Load Washer,17,912.92,15519.64,Africa
16969,2024-02-29,Electronics,Sony WH-1000XM5 Headphones,2,412.64,825.28,Europe
16970,2024-07-27,Home Appliances,Ninja Professional Blender,14,95.62,1338.68,Oceania
16971,2024-02-04,Electronics,Sony WH-1000XM5 Headphones,6,399.55,2397.30,Oceania
16972,2025-04-13,Electronics,Sony WH-1000XM5 Headphones,10,394.83,3948.30,Africa
16973,2024-11-05,Sports,Fitbit Charge 6,17,170.01,2890.17,Middle East
16974,2024-07-02,Beauty Products,Olaplex Hair Repair Set,10,65.71,657.10,Asia
16975,2025-10-24,Electronics,Dell XPS 13 Laptop,6,1258.25,7549.50,Europe
16976,2024-02-07,Home Appliances,LG Front Load Washer,9,946.10,8514.90,Asia
16977,2025-09-03,Clothing,Vans Old Skool Sneakers,20,75.46,1509.20,Oceania
16978,2025-07-28,Beauty Products,Olaplex Hair Repair Set,3,63.83,191.49,South America
16979,2025-03-13,Clothing,Calvin Klein Slim Fit Shirt,19,94.05,1786.95,Africa
16980,2025-01-16,Electronics,Garmin Forerunner 945,18,519.70,9354.60,Africa
16981,2024-05-07,Home Appliances,KitchenAid Stand Mixer,1,491.25,491.25,Middle East
16982,2025-11-08,Electronics,Sony WH-1000XM5 Headphones,10,364.31,3643.10,North America
16983,2025-08-24,Clothing,Calvin Klein Slim Fit Shirt,18,85.62,1541.16,North America
16984,2025-05-26,Beauty Products,Maybelline Makeup Kit,9,45.85,412.65,Europe
16985,2025-11-26,Sports,Spalding Volleyball,1,32.91,32.91,Europe
16986,2024-03-08,Electronics,Google Pixel 8 Pro,1,1023.84,1023.84,Africa
16987,2024-02-22,Sports,Fitbit Charge 6,11,153.61,1689.71,Africa
16988,2025-02-03,Beauty Products,MAC Lipstick Collection,10,80.57,805.70,Africa
16989,2024-11-09,Books,The Alchemist,6,12.55,75.30,Africa
16990,2025-06-02,Sports,Fitbit Charge 6,12,171.17,2054.04,Africa
16991,2024-11-20,Home Appliances,Samsung Smart Refrigerator,5,2036.38,10181.90,Europe
16992,2025-09-10,Home Appliances,Keurig K-Elite Coffee Maker,7,178.54,1249.78,South America
16993,2025-07-24,Clothing,Puma Sports Hoodie,6,80.03,480.18,Middle East
16994,2024-05-24,Sports,Adidas FIFA Soccer Ball,20,42.60,852.00,Oceania
16995,2024-10-01,Home Appliances,iRobot Roomba j7,10,585.68,5856.80,North America
16996,2024-04-20,Books,Clean Code,17,43.74,743.58,Asia
16997,2025-04-30,Home Appliances,Dyson V11 Vacuum,10,545.32,5453.20,Middle East
16998,2025-09-11,Beauty Products,Olaplex Hair Repair Set,4,58.98,235.92,Europe
16999,2024-04-04,Home Appliances,Samsung Smart Refrigerator,2,1774.23,3548.46,Africa
17000,2025-09-19,Beauty Products,The Ordinary Serum Set,19,39.57,751.83,North America
17001,2024-02-02,Beauty Products,MAC Lipstick Collection,13,72.77,946.01,Middle East
17002,2024-02-07,Sports,Wilson Evolution Basketball,2,27.40,54.80,South America
17003,2025-12-25,Beauty Products,The Ordinary Serum Set,15,40.26,603.90,Oceania
17004,2025-10-21,Beauty Products,The Ordinary Serum Set,18,41.27,742.86,Africa
17005,2024-06-24,Home Appliances,Samsung Smart Refrigerator,7,1926.80,13487.60,South America
17006,2024-06-03,Clothing,Calvin Klein Slim Fit Shirt,5,83.08,415.40,Oceania
17007,2025-02-05,Clothing,Patagonia Fleece Jacket,6,172.66,1035.96,South America
17008,2025-03-26,Beauty Products,Neutrogena Skincare Set,14,91.32,1278.48,Africa
17009,2024-09-19,Sports,Bowflex Adjustable Dumbbells,16,470.68,7530.88,Africa
17010,2025-10-03,Electronics,Nintendo Switch OLED,4,377.30,1509.20,Europe
17011,2024-10-13,Books,Atomic Habits,13,20.17,262.21,Oceania
17012,2025-06-06,Home Appliances,Ninja Professional Blender,6,99.88,599.28,Africa
17013,2024-08-18,Sports,Callaway Golf Club Set,13,964.87,12543.31,South America
17014,2024-02-24,Home Appliances,iRobot Roomba j7,8,627.07,5016.56,Oceania
17015,2024-11-07,Home Appliances,KitchenAid Stand Mixer,14,485.82,6801.48,Asia
17016,2024-11-16,Home Appliances,Philips Air Fryer XXL,14,245.36,3435.04,North America
17017,2025-06-18,Electronics,Nintendo Switch OLED,12,340.87,4090.44,Oceania
17018,2025-10-11,Books,The Hobbit,6,14.58,87.48,Middle East
17019,2024-01-27,Electronics,Dell XPS 13 Laptop,5,1181.95,5909.75,Africa
17020,2024-05-14,Books,Atomic Habits,12,19.13,229.56,Middle East
17021,2025-08-30,Sports,Adidas FIFA Soccer Ball,8,39.17,313.36,South America
17022,2024-05-27,Beauty Products,Olaplex Hair Repair Set,1,63.13,63.13,Asia
17023,2025-04-17,Home Appliances,Instant Pot Duo 7-in-1,19,120.40,2287.60,Oceania
17024,2025-09-11,Beauty Products,The Ordinary Serum Set,15,37.40,561.00,Europe
17025,2024-06-12,Clothing,Columbia Rain Jacket,4,138.57,554.28,South America
17026,2024-03-24,Clothing,Columbia Rain Jacket,1,125.33,125.33,Africa
17027,2025-06-17,Sports,Manduka PRO Yoga Mat,6,130.41,782.46,Oceania
17028,2024-02-18,Sports,Everlast Boxing Gloves,14,51.36,719.04,Africa
17029,2024-11-29,Electronics,Google Pixel 8 Pro,5,1037.53,5187.65,Africa
17030,2025-08-15,Beauty Products,Maybelline Makeup Kit,13,50.21,652.73,Europe
17031,2025-04-10,Home Appliances,Blueair Classic 480i,19,601.19,11422.61,Africa
17032,2025-10-04,Electronics,Google Pixel 8 Pro,10,971.29,9712.90,North America
17033,2025-12-16,Sports,Spalding Volleyball,12,36.43,437.16,Europe
17034,2024-05-31,Sports,Everlast Boxing Gloves,18,47.09,847.62,North America
17035,2025-05-16,Electronics,Dell XPS 13 Laptop,15,1188.90,17833.50,Africa
17036,2025-03-09,Home Appliances,KitchenAid Stand Mixer,1,480.39,480.39,North America
17037,2024-12-28,Books,The Alchemist,17,14.11,239.87,North America
17038,2025-05-03,Home Appliances,LG Front Load Washer,1,912.22,912.22,Asia
17039,2025-02-14,Books,The Alchemist,9,13.53,121.77,Oceania
17040,2024-11-14,Beauty Products,Neutrogena Skincare Set,2,98.91,197.82,South America
17041,2024-07-25,Clothing,Patagonia Fleece Jacket,7,176.81,1237.67,Oceania
17042,2025-07-10,Sports,Hydro Flask Sports Bottle,16,36.37,581.92,Oceania
17043,2025-05-23,Home Appliances,KitchenAid Stand Mixer,12,476.41,5716.92,South America
17044,2024-09-14,Books,The Alchemist,16,12.24,195.84,Asia
17045,2024-05-31,Books,The Psychology of Money,16,18.24,291.84,Asia
17046,2024-05-17,Beauty Products,Maybelline Makeup Kit,17,52.73,896.41,Europe
17047,2024-07-12,Sports,Manduka PRO Yoga Mat,4,113.95,455.80,Middle East
17048,2024-04-13,Clothing,Columbia Rain Jacket,1,141.75,141.75,South America
17049,2024-02-12,Clothing,Vans Old Skool Sneakers,3,76.30,228.90,South America
17050,2025-09-01,Beauty Products,Dyson Supersonic Hair Dryer,14,447.16,6260.24,Asia
17051,2024-05-10,Sports,Wilson Evolution Basketball,6,28.31,169.86,Africa
17052,2025-10-16,Home Appliances,Instant Pot Duo 7-in-1,8,123.10,984.80,Africa
17053,2025-11-24,Home Appliances,LG Front Load Washer,14,930.14,13021.96,Europe
17054,2024-01-17,Books,Dune by Frank Herbert,7,24.35,170.45,South America
17055,2024-10-15,Books,Atomic Habits,8,18.89,151.12,Europe
17056,2024-09-07,Sports,Manduka PRO Yoga Mat,7,115.65,809.55,North America
17057,2025-09-06,Home Appliances,LG Front Load Washer,3,953.27,2859.81,Middle East
17058,2025-10-15,Sports,Adidas FIFA Soccer Ball,9,36.03,324.27,Europe
17059,2025-04-03,Beauty Products,Maybelline Makeup Kit,7,49.22,344.54,Europe
17060,2025-10-24,Sports,Wilson Evolution Basketball,16,32.88,526.08,South America
17061,2024-06-22,Clothing,Calvin Klein Slim Fit Shirt,3,86.58,259.74,Asia
17062,2024-05-23,Books,The Alchemist,7,12.06,84.42,Europe
17063,2025-09-29,Electronics,Nintendo Switch OLED,19,365.63,6946.97,Middle East
17064,2024-01-10,Clothing,Columbia Rain Jacket,8,126.04,1008.32,Africa
17065,2025-08-31,Electronics,Dell XPS 13 Laptop,15,1223.33,18349.95,Africa
17066,2025-07-18,Clothing,Adidas Ultraboost Shoes,17,181.64,3087.88,Oceania
17067,2024-10-02,Electronics,Dell XPS 13 Laptop,12,1250.63,15007.56,Middle East
17068,2025-01-09,Electronics,Google Pixel 8 Pro,12,922.55,11070.60,North America
17069,2024-03-29,Clothing,Calvin Klein Slim Fit Shirt,9,85.67,771.03,Asia
17070,2025-03-08,Electronics,Sony WH-1000XM5 Headphones,3,374.78,1124.34,Middle East
17071,2024-02-09,Beauty Products,Chanel No. 5 Perfume,17,118.44,2013.48,South America
17072,2025-12-11,Home Appliances,Dyson V11 Vacuum,9,546.17,4915.53,Middle East
17073,2024-10-28,Beauty Products,Olaplex Hair Repair Set,8,58.26,466.08,Asia
17074,2024-07-20,Clothing,Puma Sports Hoodie,4,71.02,284.08,Middle East
17075,2024-07-11,Sports,Babolat Pure Drive Tennis Racket,1,191.13,191.13,Europe
17076,2025-10-09,Electronics,Dell XPS 13 Laptop,8,1401.87,11214.96,Asia
17077,2024-09-19,Books,Clean Code,18,41.37,744.66,Oceania
17078,2024-06-05,Beauty Products,Maybelline Makeup Kit,7,50.63,354.41,Europe
17079,2024-04-24,Clothing,Levi's 501 Jeans,2,66.86,133.72,North America
17080,2024-03-18,Clothing,Adidas Ultraboost Shoes,20,208.61,4172.20,North America
17081,2024-11-26,Beauty Products,Clinique Moisture Surge,15,47.54,713.10,Asia
17082,2025-10-19,Sports,Adidas FIFA Soccer Ball,10,41.14,411.40,North America
17083,2024-07-19,Clothing,Nike Air Force 1,12,92.69,1112.28,Asia
17084,2025-03-25,Electronics,Dell XPS 13 Laptop,16,1414.10,22625.60,Oceania
17085,2024-04-17,Clothing,Calvin Klein Slim Fit Shirt,13,85.00,1105.00,South America
17086,2025-03-23,Books,Dune by Frank Herbert,19,27.30,518.70,Asia
17087,2024-09-16,Sports,Manduka PRO Yoga Mat,4,124.44,497.76,Africa
17088,2024-09-25,Clothing,Puma Sports Hoodie,1,71.28,71.28,Asia
17089,2024-02-16,Books,Atomic Habits,4,21.09,84.36,Europe
17090,2024-10-17,Books,The Hobbit,14,15.02,210.28,Middle East
17091,2025-09-05,Sports,Hydro Flask Sports Bottle,19,37.76,717.44,Middle East
17092,2024-06-23,Clothing,Levi's 501 Jeans,14,69.26,969.64,Europe
17093,2024-12-18,Electronics,Canon EOS R10 Camera,15,1034.81,15522.15,Oceania
17094,2025-08-03,Clothing,Calvin Klein Slim Fit Shirt,10,98.35,983.50,Europe
17095,2024-06-11,Clothing,Columbia Rain Jacket,19,119.78,2275.82,South America
17096,2024-09-25,Electronics,Dell XPS 13 Laptop,19,1207.18,22936.42,Africa
17097,2024-01-17,Clothing,Under Armour Training Shirt,16,43.34,693.44,Europe
17098,2024-03-06,Clothing,Levi's 501 Jeans,18,73.58,1324.44,North America
17099,2024-11-20,Books,The Hobbit,1,14.25,14.25,North America
17100,2024-10-09,Electronics,Canon EOS R10 Camera,9,990.55,8914.95,Africa
17101,2024-10-21,Beauty Products,Maybelline Makeup Kit,17,47.32,804.44,North America
17102,2025-10-20,Books,The Alchemist,16,14.09,225.44,North America
17103,2024-07-05,Beauty Products,Maybelline Makeup Kit,6,53.92,323.52,Africa
17104,2025-08-21,Beauty Products,Chanel No. 5 Perfume,7,138.34,968.38,Asia
17105,2024-06-04,Books,Sapiens,16,26.75,428.00,Middle East
17106,2025-02-04,Clothing,Adidas Ultraboost Shoes,13,191.19,2485.47,Asia
17107,2025-05-31,Clothing,Columbia Rain Jacket,12,136.70,1640.40,Africa
17108,2025-12-16,Sports,Babolat Pure Drive Tennis Racket,11,182.20,2004.20,Middle East
17109,2024-01-29,Beauty Products,Maybelline Makeup Kit,19,52.15,990.85,Oceania
17110,2024-07-21,Beauty Products,The Ordinary Serum Set,2,42.42,84.84,Asia
17111,2024-10-26,Clothing,Columbia Rain Jacket,12,128.00,1536.00,Africa
17112,2025-06-17,Beauty Products,CeraVe Hydrating Cleanser,10,20.26,202.60,Europe
17113,2025-01-21,Books,Clean Code,13,37.23,483.99,Africa
17114,2024-07-20,Electronics,iPhone 14 Pro,17,968.94,16471.98,Africa
17115,2025-04-01,Home Appliances,Blueair Classic 480i,4,627.49,2509.96,Middle East
17116,2025-07-06,Sports,Manduka PRO Yoga Mat,4,122.51,490.04,Oceania
17117,2025-12-08,Home Appliances,Instant Pot Duo 7-in-1,18,130.71,2352.78,North America
17118,2025-10-11,Home Appliances,iRobot Roomba j7,6,594.61,3567.66,Africa
17119,2024-09-22,Beauty Products,Maybelline Makeup Kit,8,46.84,374.72,Oceania
17120,2025-05-03,Home Appliances,Samsung Smart Refrigerator,2,1958.28,3916.56,Europe
17121,2024-12-31,Home Appliances,Dyson V11 Vacuum,6,531.36,3188.16,South America
17122,2025-05-01,Beauty Products,Maybelline Makeup Kit,18,46.35,834.30,Africa
17123,2024-12-03,Clothing,Calvin Klein Slim Fit Shirt,8,93.85,750.80,Middle East
17124,2025-12-26,Clothing,North Face Down Jacket,14,231.74,3244.36,North America
17125,2024-06-05,Books,"Salt, Fat, Acid, Heat by Samin Nosrat",3,31.69,95.07,North America
17126,2024-07-14,Books,Clean Code,2,42.29,84.58,South America
17127,2025-10-26,Clothing,Nike Air Force 1,20,89.25,1785.00,Africa
17128,2025-06-28,Electronics,Apple Watch Series 9,15,467.97,7019.55,Middle East
17129,2024-08-19,Clothing,Under Armour Training Shirt,10,38.66,386.60,South America
17130,2025-10-20,Sports,Hydro Flask Sports Bottle,2,43.03,86.06,North America
17131,2025-08-20,Home Appliances,Samsung Smart Refrigerator,12,1922.53,23070.36,Oceania
17132,2024-12-25,Books,The Hobbit,3,14.33,42.99,Middle East
17133,2025-09-05,Sports,Babolat Pure Drive Tennis Racket,8,194.26,1554.08,South America
17134,2024-02-05,Clothing,Levi's 501 Jeans,16,63.50,1016.00,North America
17135,2024-07-18,Sports,Wilson Evolution Basketball,4,31.86,127.44,Africa
17136,2024-06-21,Home Appliances,Keurig K-Elite Coffee Maker,4,194.37,777.48,Africa
17137,2024-05-11,Beauty Products,Dyson Supersonic Hair Dryer,16,428.00,6848.00,Europe
17138,2025-05-05,Sports,Everlast Boxing Gloves,13,49.06,637.78,Africa
17139,2025-07-25,Electronics,Apple Watch Series 9,12,434.15,5209.80,Oceania
17140,2024-08-26,Sports,Hydro Flask Sports Bottle,7,37.09,259.63,North America
17141,2025-09-23,Clothing,Calvin Klein Slim Fit Shirt,14,93.36,1307.04,Asia
17142,2024-06-29,Electronics,MacBook Pro 16-inch,9,2630.17,23671.53,Middle East
17143,2024-03-30,Books,The Alchemist,11,14.20,156.20,Europe
17144,2025-05-13,Sports,Manduka PRO Yoga Mat,9,127.54,1147.86,Europe
17145,2024-11-01,Electronics,Samsung Galaxy Tab S8,11,700.39,7704.29,Oceania
17146,2025-10-11,Sports,Bowflex Adjustable Dumbbells,12,423.38,5080.56,Middle East
17147,2024-02-28,Books,Sapiens,12,27.43,329.16,Europe
17148,2025-04-03,Electronics,Canon EOS R10 Camera,4,956.43,3825.72,Oceania
17149,2025-06-02,Home Appliances,Samsung Smart Refrigerator,9,2025.69,18231.21,South America
17150,2024-12-24,Home Appliances,Ninja Professional Blender,17,96.23,1635.91,Middle East
17151,2025-03-17,Books,Dune by Frank Herbert,9,26.07,234.63,Asia
17152,2025-03-27,Books,The Psychology of Money,16,19.30,308.80,Oceania
17153,2025-04-16,Books,"Salt, Fat, Acid, Heat by Samin Nosrat",18,34.75,625.50,South America
17154,2024-09-26,Books,Clean Code,12,42.49,509.88,South America
17155,2025-03-27,Home Appliances,Dyson V11 Vacuum,2,490.58,981.16,Oceania
17156,2024-05-04,Clothing,Nike Air Force 1,16,96.06,1536.96,Europe
17157,2025-07-11,Clothing,Levi's 501 Jeans,14,71.89,1006.46,North America
17158,2025-09-22,Home Appliances,Philips Air Fryer XXL,8,271.25,2170.00,North America
17159,2024-06-20,Electronics,MacBook Pro 16-inch,10,2636.96,26369.60,Africa
17160,2024-06-06,Beauty Products,Maybelline Makeup Kit,20,54.56,1091.20,South America
17161,2024-11-19,Clothing,Calvin Klein Slim Fit Shirt,9,96.98,872.82,Oceania
17162,2024-07-19,Clothing,Vans Old Skool Sneakers,9,85.18,766.62,Asia
17163,2025-09-28,Clothing,Levi's 501 Jeans,2,68.70,137.40,Europe
17164,2025-06-20,Home Appliances,Samsung Smart Refrigerator,14,1833.14,25663.96,Oceania
17165,2025-06-08,Books,The Da Vinci Code,1,15.67,15.67,Middle East
17166,2024-09-05,Beauty Products,Clinique Moisture Surge,8,45.15,361.20,Africa
17167,2025-05-26,Electronics,Garmin Forerunner 945,4,456.10,1824.40,Asia
17168,2024-01-14,Home Appliances,Blueair Classic 480i,8,564.35,4514.80,Asia
17169,2025-05-02,Clothing,Adidas Ultraboost Shoes,20,198.66,3973.20,North America
17170,2025-10-30,Clothing,Patagonia Fleece Jacket,16,193.04,3088.64,South America
17171,2025-05-09,Beauty Products,MAC Lipstick Collection,4,82.21,328.84,South America
17172,2024-10-16,Books,Clean Code,5,38.37,191.85,Middle East
17173,2025-03-07,Books,Clean Code,2,43.30,86.60,Asia
17174,2024-01-17,Sports,Spalding Volleyball,4,35.43,141.72,Oceania
17175,2025-11-26,Home Appliances,Blueair Classic 480i,14,629.32,8810.48,Europe
17176,2025-06-24,Clothing,Columbia Rain Jacket,14,140.01,1960.14,Africa
17177,2025-09-18,Electronics,Dell XPS 13 Laptop,14,1339.84,18757.76,Asia
17178,2024-08-23,Books,Deep Work,12,17.86,214.32,North America
17179,2024-01-21,Books,Sapiens,17,24.29,412.93,North America
17180,2025-07-22,Beauty Products,Chanel No. 5 Perfume,18,140.44,2527.92,North America
17181,2024-03-26,Sports,Adidas FIFA Soccer Ball,16,43.74,699.84,Middle East
17182,2024-12-04,Home Appliances,iRobot Roomba j7,12,663.36,7960.32,Asia
17183,2025-05-27,Books,Dune by Frank Herbert,10,27.60,276.00,North America
17184,2024-05-06,Home Appliances,Instant Pot Duo 7-in-1,15,138.95,2084.25,Africa
17185,2025-09-14,Books,Sapiens,8,25.65,205.20,Africa
17186,2024-02-16,Electronics,Sony WH-1000XM5 Headphones,6,409.72,2458.32,Africa
17187,2024-07-13,Electronics,Dell XPS 13 Laptop,7,1354.39,9480.73,North America
17188,2024-06-23,Clothing,North Face Down Jacket,13,267.47,3477.11,Middle East
17189,2025-05-26,Books,The Da Vinci Code,8,14.53,116.24,Europe
17190,2024-06-17,Electronics,Garmin Forerunner 945,7,478.55,3349.85,Middle East
17191,2025-04-14,Electronics,Canon EOS R10 Camera,4,1076.19,4304.76,Europe
17192,2025-07-14,Books,The Alchemist,4,11.82,47.28,Europe
17193,2025-06-23,Sports,Babolat Pure Drive Tennis Racket,8,192.42,1539.36,Africa
17194,2024-06-20,Clothing,Adidas Ultraboost Shoes,6,173.58,1041.48,North America
17195,2024-10-11,Clothing,Puma Sports Hoodie,20,68.02,1360.40,Africa
17196,2025-02-11,Electronics,Dell XPS 13 Laptop,10,1418.08,14180.80,Asia
17197,2025-01-11,Books,"Salt, Fat, Acid, Heat by Samin Nosrat",1,34.28,34.28,South America
17198,2024-11-13,Beauty Products,L'Oreal Revitalift Cream,11,29.87,328.57,Asia
17199,2024-11-15,Home Appliances,KitchenAid Stand Mixer,4,413.34,1653.36,Africa
17200,2024-09-20,Electronics,Apple Watch Series 9,9,460.15,4141.35,Oceania
17201,2025-10-08,Electronics,Nintendo Switch OLED,10,350.36,3503.60,Europe
17202,2024-07-26,Books,The Hobbit,14,15.81,221.34,Oceania
17203,2025-02-19,Clothing,Under Armour Training Shirt,14,39.79,557.06,Oceania
17204,2024-07-08,Books,Dune by Frank Herbert,1,25.17,25.17,Europe
17205,2024-09-27,Books,The Alchemist,19,13.87,263.53,Africa
17206,2024-12-02,Home Appliances,Ninja Professional Blender,13,105.63,1373.19,South America
17207,2025-01-17,Home Appliances,iRobot Roomba j7,7,633.82,4436.74,Middle East
17208,2024-06-10,Home Appliances,Philips Air Fryer XXL,19,259.41,4928.79,North America
17209,2024-03-15,Beauty Products,L'Oreal Revitalift Cream,3,29.32,87.96,Oceania
17210,2024-10-05,Clothing,North Face Down Jacket,19,225.58,4286.02,South America
17211,2024-02-01,Electronics,Nintendo Switch OLED,19,327.50,6222.50,Africa
17212,2025-08-07,Clothing,Calvin Klein Slim Fit Shirt,20,84.37,1687.40,Oceania
17213,2025-10-25,Electronics,Sony WH-1000XM5 Headphones,4,413.62,1654.48,Middle East
17214,2024-10-31,Books,Atomic Habits,4,20.32,81.28,Middle East
17215,2025-07-01,Beauty Products,CeraVe Hydrating Cleanser,11,20.87,229.57,Middle East
17216,2024-11-10,Sports,Adidas FIFA Soccer Ball,6,39.28,235.68,Oceania
17217,2025-03-14,Books,Deep Work,14,17.60,246.40,South America
17218,2024-10-08,Books,The Alchemist,11,13.50,148.50,Middle East
17219,2024-11-22,Home Appliances,Ninja Professional Blender,6,105.08,630.48,Europe
17220,2025-12-19,Books,Dune by Frank Herbert,12,28.55,342.60,Europe
17221,2025-01-09,Beauty Products,The Ordinary Serum Set,5,41.34,206.70,South America
17222,2025-03-13,Sports,Hydro Flask Sports Bottle,13,37.71,490.23,North America
17223,2025-03-20,Sports,Babolat Pure Drive Tennis Racket,17,196.54,3341.18,Asia
17224,2025-11-11,Books,Atomic Habits,19,20.17,383.23,North America
17225,2024-06-11,Sports,Everlast Boxing Gloves,20,48.89,977.80,Europe
17226,2025-08-18,Beauty Products,Clinique Moisture Surge,18,46.64,839.52,Africa
17227,2024-07-07,Beauty Products,The Ordinary Serum Set,5,43.28,216.40,Europe
17228,2025-05-06,Electronics,Garmin Forerunner 945,6,450.06,2700.36,North America
17229,2024-01-07,Books,Dune by Frank Herbert,4,24.48,97.92,Asia
17230,2025-05-06,Home Appliances,Keurig K-Elite Coffee Maker,9,187.90,1691.10,North America
17231,2024-11-14,Books,Dune by Frank Herbert,8,23.47,187.76,Europe
17232,2024-04-02,Sports,Hydro Flask Sports Bottle,1,40.47,40.47,Africa
17233,2025-03-30,Beauty Products,Dyson Supersonic Hair Dryer,3,422.05,1266.15,Africa
17234,2025-05-11,Beauty Products,CeraVe Hydrating Cleanser,9,17.52,157.68,Africa
17235,2024-02-27,Books,The Da Vinci Code,7,16.39,114.73,Africa
17236,2024-02-22,Books,Sapiens,2,24.34,48.68,Oceania
17237,2025-08-16,Electronics,Canon EOS R10 Camera,6,975.14,5850.84,North America
17238,2025-03-23,Sports,Babolat Pure Drive Tennis Racket,3,208.51,625.53,North America
17239,2024-07-03,Sports,Spalding Volleyball,11,33.71,370.81,Middle East
17240,2024-03-24,Beauty Products,The Ordinary Serum Set,8,43.46,347.68,South America
17241,2024-06-15,Clothing,Vans Old Skool Sneakers,7,86.81,607.67,North America
17242,2024-07-29,Electronics,Dell XPS 13 Laptop,15,1364.01,20460.15,Asia
17243,2025-01-14,Electronics,Garmin Forerunner 945,8,524.75,4198.00,Oceania
17244,2025-10-09,Home Appliances,Blueair Classic 480i,10,614.90,6149.00,Europe
17245,2024-01-29,Books,The Alchemist,4,11.82,47.28,Middle East
17246,2025-05-05,Clothing,North Face Down Jacket,5,273.59,1367.95,Africa
17247,2024-06-28,Home Appliances,Blueair Classic 480i,18,546.90,9844.20,Asia
17248,2024-12-04,Clothing,Puma Sports Hoodie,1,68.67,68.67,Oceania
17249,2024-08-23,Clothing,Under Armour Training Shirt,12,41.22,494.64,Africa
17250,2025-06-23,Sports,Adidas FIFA Soccer Ball,17,36.18,615.06,Europe
17251,2024-03-14,Home Appliances,Instant Pot Duo 7-in-1,14,130.46,1826.44,Europe
17252,2025-07-23,Home Appliances,Ninja Professional Blender,9,90.51,814.59,Middle East
17253,2024-11-26,Beauty Products,MAC Lipstick Collection,16,73.86,1181.76,Middle East
17254,2025-06-15,Clothing,Calvin Klein Slim Fit Shirt,8,95.65,765.20,Asia
17255,2024-01-26,Sports,Bowflex Adjustable Dumbbells,8,447.47,3579.76,Oceania
17256,2024-02-13,Electronics,Garmin Forerunner 945,4,506.70,2026.80,North America
17257,2024-09-19,Clothing,Calvin Klein Slim Fit Shirt,17,81.29,1381.93,South America
17258,2025-07-17,Books,The Hobbit,18,15.03,270.54,Europe
17259,2024-04-07,Home Appliances,Blueair Classic 480i,4,566.79,2267.16,Europe
17260,2024-12-19,Home Appliances,KitchenAid Stand Mixer,14,443.02,6202.28,Europe
17261,2024-12-21,Beauty Products,Maybelline Makeup Kit,12,46.31,555.72,Africa
17262,2024-03-17,Books,Sapiens,20,26.29,525.80,Middle East
17263,2025-11-22,Electronics,Dell XPS 13 Laptop,18,1313.78,23648.04,Europe
17264,2024-09-30,Beauty Products,The Ordinary Serum Set,13,42.61,553.93,North America
17265,2024-10-12,Beauty Products,Chanel No. 5 Perfume,8,136.06,1088.48,South America
17266,2025-05-15,Beauty Products,MAC Lipstick Collection,1,77.52,77.52,Africa
17267,2025-11-28,Electronics,iPhone 14 Pro,3,1000.28,3000.84,North America
17268,2025-12-06,Books,Dune by Frank Herbert,1,23.73,23.73,Asia
17269,2024-10-10,Books,Sapiens,13,24.77,322.01,Europe
17270,2024-07-14,Sports,Babolat Pure Drive Tennis Racket,15,197.55,2963.25,Africa
17271,2024-12-03,Home Appliances,Dyson V11 Vacuum,20,458.65,9173.00,Africa
17272,2025-10-15,Home Appliances,LG Front Load Washer,2,987.82,1975.64,Asia
17273,2024-09-08,Clothing,North Face Down Jacket,12,274.70,3296.40,Middle East
17274,2025-04-17,Beauty Products,Maybelline Makeup Kit,15,51.25,768.75,Asia
17275,2024-08-12,Home Appliances,KitchenAid Stand Mixer,8,428.55,3428.40,Africa
17276,2024-11-29,Electronics,Google Pixel 8 Pro,10,1040.01,10400.10,Asia
17277,2024-03-14,Home Appliances,Samsung Smart Refrigerator,9,1834.52,16510.68,Africa
17278,2024-04-26,Home Appliances,Instant Pot Duo 7-in-1,19,141.28,2684.32,South America
17279,2025-12-13,Beauty Products,Clinique Moisture Surge,20,45.60,912.00,North America
17280,2024-12-28,Sports,Fitbit Charge 6,14,159.46,2232.44,Europe
17281,2024-02-14,Books,The Hobbit,2,14.53,29.06,Middle East
17282,2024-02-17,Electronics,Google Pixel 8 Pro,3,964.76,2894.28,Oceania
17283,2024-04-24,Sports,Spalding Volleyball,13,33.27,432.51,Europe
17284,2024-10-26,Electronics,Sony WH-1000XM5 Headphones,20,370.03,7400.60,South America
17285,2025-06-02,Books,Dune by Frank Herbert,15,26.92,403.80,Oceania
17286,2024-09-27,Sports,Babolat Pure Drive Tennis Racket,2,205.05,410.10,Oceania
17287,2025-07-20,Books,The Alchemist,2,12.88,25.76,South America
17288,2024-03-17,Electronics,Nintendo Switch OLED,6,362.66,2175.96,North America
17289,2025-05-09,Books,Dune by Frank Herbert,15,26.82,402.30,Asia
17290,2024-09-09,Books,The Hobbit,17,16.20,275.40,South America
17291,2024-05-15,Electronics,Canon EOS R10 Camera,9,1030.55,9274.95,North America
17292,2024-12-01,Beauty Products,Dyson Supersonic Hair Dryer,1,388.54,388.54,Africa
17293,2024-11-01,Beauty Products,Dyson Supersonic Hair Dryer,5,406.62,2033.10,South America
17294,2025-03-04,Electronics,iPhone 14 Pro,18,914.12,16454.16,South America
17295,2024-12-22,Home Appliances,Dyson V11 Vacuum,19,511.45,9717.55,South America
17296,2024-03-12,Home Appliances,Philips Air Fryer XXL,17,258.31,4391.27,Asia
17297,2025-06-11,Clothing,Columbia Rain Jacket,13,142.50,1852.50,Oceania
17298,2024-02-12,Clothing,Under Armour Training Shirt,14,37.57,525.98,Europe
17299,2025-02-19,Home Appliances,Blueair Classic 480i,18,570.81,10274.58,North America
17300,2024-04-06,Electronics,Samsung Galaxy Tab S8,14,727.52,10185.28,South America
17301,2024-02-17,Clothing,Calvin Klein Slim Fit Shirt,19,83.62,1588.78,Oceania
17302,2025-12-21,Clothing,North Face Down Jacket,9,274.80,2473.20,North America
17303,2025-12-14,Clothing,Columbia Rain Jacket,14,121.43,1700.02,Europe
17304,2025-02-20,Clothing,Adidas Ultraboost Shoes,1,199.77,199.77,Europe
17305,2024-05-23,Home Appliances,Philips Air Fryer XXL,16,231.14,3698.24,Middle East
17306,2024-08-04,Books,Dune by Frank Herbert,4,24.62,98.48,Oceania
17307,2024-03-25,Home Appliances,Dyson V11 Vacuum,17,461.49,7845.33,South America
17308,2025-05-25,Home Appliances,Dyson V11 Vacuum,10,525.12,5251.20,Europe
17309,2025-01-12,Books,The Da Vinci Code,9,15.59,140.31,Europe
17310,2025-08-07,Books,Deep Work,18,18.41,331.38,Europe
17311,2025-04-10,Books,The Psychology of Money,6,18.87,113.22,Europe
17312,2024-12-01,Sports,Callaway Golf Club Set,9,861.72,7755.48,Oceania
17313,2025-01-13,Beauty Products,Chanel No. 5 Perfume,10,133.08,1330.80,North America
17314,2025-06-17,Electronics,iPhone 14 Pro,9,1087.42,9786.78,Asia
17315,2025-04-14,Books,Atomic Habits,7,20.53,143.71,Africa
17316,2025-12-19,Beauty Products,Dyson Supersonic Hair Dryer,17,431.32,7332.44,Asia
17317,2025-07-31,Sports,Manduka PRO Yoga Mat,20,119.22,2384.40,Oceania
17318,2024-09-04,Home Appliances,Samsung Smart Refrigerator,17,2052.27,34888.59,Oceania
17319,2024-12-23,Beauty Products,Clinique Moisture Surge,14,49.32,690.48,Asia
17320,2025-08-03,Beauty Products,Olaplex Hair Repair Set,17,59.85,1017.45,Middle East
17321,2024-07-02,Home Appliances,Blueair Classic 480i,10,600.28,6002.80,North America
17322,2024-12-29,Beauty Products,CeraVe Hydrating Cleanser,19,18.01,342.19,Europe
17323,2024-04-21,Clothing,Puma Sports Hoodie,15,70.08,1051.20,Africa
17324,2024-06-17,Books,Sapiens,1,24.35,24.35,Asia
17325,2024-08-11,Home Appliances,Samsung Smart Refrigerator,11,1827.15,20098.65,Oceania
17326,2024-11-29,Electronics,MacBook Pro 16-inch,16,2287.60,36601.60,Oceania
17327,2025-10-10,Beauty Products,The Ordinary Serum Set,19,43.56,827.64,Asia
17328,2025-08-14,Sports,Adidas FIFA Soccer Ball,7,37.30,261.10,Middle East
17329,2025-05-20,Home Appliances,Dyson V11 Vacuum,18,472.43,8503.74,Africa
17330,2025-04-10,Home Appliances,iRobot Roomba j7,6,679.02,4074.12,Asia
17331,2024-08-04,Home Appliances,Philips Air Fryer XXL,14,270.81,3791.34,Oceania
17332,2025-05-01,Books,The Alchemist,10,13.05,130.50,Asia
17333,2024-07-13,Electronics,Google Pixel 8 Pro,19,952.88,18104.72,South America
17334,2025-03-12,Sports,Adidas FIFA Soccer Ball,3,39.24,117.72,Europe
17335,2025-07-30,Home Appliances,LG Front Load Washer,4,924.01,3696.04,North America
17336,2025-05-12,Beauty Products,Chanel No. 5 Perfume,16,122.38,1958.08,Africa
17337,2024-06-02,Clothing,Calvin Klein Slim Fit Shirt,20,98.98,1979.60,North America
17338,2024-01-13,Books,The Hobbit,4,16.47,65.88,Oceania
17339,2025-08-18,Sports,Wilson Evolution Basketball,6,31.87,191.22,South America
17340,2025-11-14,Sports,Babolat Pure Drive Tennis Racket,19,185.11,3517.09,South America
17341,2025-12-26,Home Appliances,Instant Pot Duo 7-in-1,16,131.97,2111.52,Oceania
17342,2025-04-07,Books,Dune by Frank Herbert,3,27.23,81.69,South America
17343,2024-07-07,Home Appliances,Samsung Smart Refrigerator,7,1978.97,13852.79,South America
17344,2025-09-10,Books,Atomic Habits,1,18.65,18.65,Middle East
17345,2024-01-05,Beauty Products,Chanel No. 5 Perfume,7,136.78,957.46,South America
17346,2025-11-14,Home Appliances,Dyson V11 Vacuum,10,461.69,4616.90,Middle East
17347,2025-07-15,Clothing,Adidas Ultraboost Shoes,12,194.27,2331.24,Europe
17348,2025-09-05,Beauty Products,L'Oreal Revitalift Cream,15,30.50,457.50,South America
17349,2024-12-22,Books,The Alchemist,14,14.25,199.50,Europe
17350,2025-03-20,Sports,Adidas FIFA Soccer Ball,1,39.70,39.70,Middle East
17351,2024-07-23,Home Appliances,Blueair Classic 480i,9,579.89,5219.01,Africa
17352,2024-12-25,Home Appliances,Keurig K-Elite Coffee Maker,6,193.90,1163.40,Africa
17353,2025-06-08,Books,Clean Code,8,42.88,343.04,North America
17354,2024-04-26,Beauty Products,Maybelline Makeup Kit,4,53.33,213.32,South America
17355,2024-10-29,Books,The Da Vinci Code,20,14.95,299.00,Oceania
17356,2025-12-26,Sports,Everlast Boxing Gloves,10,52.14,521.40,Asia
17357,2024-07-26,Sports,Bowflex Adjustable Dumbbells,13,390.36,5074.68,Africa
17358,2024-02-18,Beauty Products,Chanel No. 5 Perfume,9,141.99,1277.91,Europe
17359,2024-10-22,Home Appliances,Keurig K-Elite Coffee Maker,3,195.25,585.75,Middle East
17360,2024-01-28,Clothing,Calvin Klein Slim Fit Shirt,11,82.50,907.50,South America
17361,2025-01-02,Sports,Everlast Boxing Gloves,1,47.45,47.45,Oceania
17362,2025-04-06,Beauty Products,Neutrogena Skincare Set,15,85.56,1283.40,Asia
17363,2025-12-02,Sports,Wilson Evolution Basketball,17,27.72,471.24,Asia
17364,2025-01-26,Home Appliances,iRobot Roomba j7,13,645.03,8385.39,South America
17365,2024-08-29,Clothing,Under Armour Training Shirt,2,42.69,85.38,South America
17366,2024-07-10,Home Appliances,Keurig K-Elite Coffee Maker,19,201.66,3831.54,Asia
17367,2025-02-18,Sports,Adidas FIFA Soccer Ball,9,38.34,345.06,Asia
17368,2024-07-24,Electronics,Dell XPS 13 Laptop,6,1367.68,8206.08,South America
17369,2025-05-18,Beauty Products,CeraVe Hydrating Cleanser,3,19.36,58.08,Middle East
17370,2024-11-07,Electronics,iPhone 14 Pro,2,965.80,1931.60,Europe
17371,2024-03-18,Electronics,Dell XPS 13 Laptop,4,1281.19,5124.76,Oceania
17372,2025-07-17,Sports,Babolat Pure Drive Tennis Racket,12,184.36,2212.32,Asia
17373,2024-04-12,Electronics,Apple Watch Series 9,1,425.80,425.80,Africa
17374,2025-06-18,Beauty Products,CeraVe Hydrating Cleanser,8,18.67,149.36,Middle East
17375,2024-11-17,Electronics,Google Pixel 8 Pro,14,1099.06,15386.84,Middle East
17376,2025-03-12,Electronics,Canon EOS R10 Camera,19,968.57,18402.83,Middle East
17377,2025-10-31,Home Appliances,Instant Pot Duo 7-in-1,12,117.00,1404.00,Middle East
17378,2024-10-19,Books,The Alchemist,3,12.39,37.17,Europe
17379,2025-12-14,Sports,Bowflex Adjustable Dumbbells,6,393.34,2360.04,Oceania
17380,2025-01-17,Home Appliances,Instant Pot Duo 7-in-1,7,121.68,851.76,Europe
17381,2025-08-31,Clothing,Under Armour Training Shirt,7,38.75,271.25,South America
17382,2025-01-13,Home Appliances,iRobot Roomba j7,9,638.75,5748.75,Oceania
17383,2025-06-09,Sports,Spalding Volleyball,6,35.58,213.48,South America
17384,2025-08-05,Clothing,North Face Down Jacket,14,229.47,3212.58,South America
17385,2024-06-23,Sports,Fitbit Charge 6,17,153.49,2609.33,North America
17386,2024-10-24,Clothing,Adidas Ultraboost Shoes,2,190.70,381.40,Oceania
17387,2025-03-08,Clothing,Adidas Ultraboost Shoes,6,187.04,1122.24,Asia
17388,2024-05-09,Sports,Wilson Evolution Basketball,5,28.49,142.45,South America
17389,2025-04-08,Electronics,MacBook Pro 16-inch,4,2294.95,9179.80,Asia
17390,2025-12-17,Home Appliances,Dyson V11 Vacuum,15,519.88,7798.20,Asia
17391,2025-08-09,Sports,Babolat Pure Drive Tennis Racket,13,193.38,2513.94,Asia
17392,2025-09-08,Books,Atomic Habits,12,20.46,245.52,Middle East
17393,2025-08-27,Home Appliances,Blueair Classic 480i,17,540.09,9181.53,Europe
17394,2024-07-29,Books,Deep Work,19,17.62,334.78,Middle East
17395,2024-07-12,Clothing,Nike Air Force 1,19,85.70,1628.30,Europe
17396,2025-05-13,Beauty Products,The Ordinary Serum Set,18,37.32,671.76,Africa
17397,2024-07-02,Home Appliances,iRobot Roomba j7,8,710.75,5686.00,Africa
17398,2024-01-13,Clothing,Nike Air Force 1,16,97.01,1552.16,Europe
17399,2024-07-28,Home Appliances,LG Front Load Washer,20,874.48,17489.60,South America
17400,2025-10-10,Beauty Products,CeraVe Hydrating Cleanser,6,17.52,105.12,Middle East
17401,2024-03-03,Clothing,Calvin Klein Slim Fit Shirt,10,97.67,976.70,North America
17402,2025-07-31,Clothing,Calvin Klein Slim Fit Shirt,12,92.72,1112.64,Europe
17403,2025-11-05,Sports,Bowflex Adjustable Dumbbells,18,464.86,8367.48,North America
17404,2024-12-05,Clothing,Puma Sports Hoodie,12,75.39,904.68,Middle East
17405,2024-07-26,Books,Sapiens,9,24.13,217.17,Middle East
17406,2024-08-27,Electronics,Canon EOS R10 Camera,1,1064.86,1064.86,North America
17407,2025-09-28,Electronics,Apple Watch Series 9,11,415.44,4569.84,Asia
17408,2024-05-28,Beauty Products,The Ordinary Serum Set,6,39.97,239.82,South America
17409,2025-10-03,Clothing,Calvin Klein Slim Fit Shirt,10,94.75,947.50,Europe
17410,2025-07-11,Books,The Psychology of Money,3,17.94,53.82,South America
17411,2025-11-08,Beauty Products,The Ordinary Serum Set,18,41.01,738.18,Europe
17412,2024-10-19,Beauty Products,Maybelline Makeup Kit,12,50.19,602.28,South America
17413,2025-01-10,Beauty Products,Neutrogena Skincare Set,20,90.77,1815.40,Africa
17414,2024-08-15,Beauty Products,Olaplex Hair Repair Set,14,63.26,885.64,North America
17415,2025-06-12,Books,The Hobbit,16,14.62,233.92,Africa
17416,2025-01-24,Books,The Da Vinci Code,20,17.59,351.80,North America
17417,2024-09-09,Beauty Products,Maybelline Makeup Kit,20,48.86,977.20,North America
17418,2024-03-28,Home Appliances,Keurig K-Elite Coffee Maker,5,193.11,965.55,Europe
17419,2025-01-21,Electronics,Apple Watch Series 9,4,438.19,1752.76,Asia
17420,2025-09-18,Clothing,North Face Down Jacket,16,271.24,4339.84,North America
17421,2024-01-10,Clothing,Vans Old Skool Sneakers,19,86.43,1642.17,Asia
17422,2025-12-23,Home Appliances,Dyson V11 Vacuum,9,493.27,4439.43,Europe
17423,2025-03-14,Books,The Da Vinci Code,7,17.33,121.31,South America
17424,2024-04-28,Sports,Manduka PRO Yoga Mat,14,108.49,1518.86,Asia
17425,2024-09-13,Home Appliances,Samsung Smart Refrigerator,11,1975.89,21734.79,Europe
17426,2025-12-08,Clothing,Under Armour Training Shirt,15,40.97,614.55,North America
17427,2025-04-16,Electronics,Samsung Galaxy Tab S8,5,745.95,3729.75,Europe
17428,2025-08-17,Books,Atomic Habits,12,18.97,227.64,Oceania
17429,2025-02-10,Sports,Hydro Flask Sports Bottle,6,43.73,262.38,Asia
17430,2024-05-01,Electronics,Apple Watch Series 9,12,397.11,4765.32,Asia
17431,2024-03-17,Home Appliances,Ninja Professional Blender,12,97.82,1173.84,Africa
17432,2024-05-26,Sports,Babolat Pure Drive Tennis Racket,10,186.77,1867.70,Europe
17433,2025-12-23,Electronics,Garmin Forerunner 945,12,520.51,6246.12,Europe
17434,2024-09-07,Clothing,Patagonia Fleece Jacket,13,196.36,2552.68,South America
17435,2024-04-19,Electronics,Garmin Forerunner 945,7,503.47,3524.29,North America
17436,2025-03-15,Sports,Bowflex Adjustable Dumbbells,10,470.82,4708.20,Middle East
17437,2025-05-14,Beauty Products,The Ordinary Serum Set,11,42.78,470.58,Europe
17438,2024-09-23,Home Appliances,Blueair Classic 480i,16,604.58,9673.28,South America
17439,2024-02-19,Home Appliances,Dyson V11 Vacuum,10,505.89,5058.90,Europe
17440,2024-08-08,Electronics,Sony WH-1000XM5 Headphones,5,391.07,1955.35,Middle East
17441,2024-06-27,Home Appliances,Dyson V11 Vacuum,10,540.36,5403.60,Asia
17442,2025-04-20,Electronics,Google Pixel 8 Pro,16,922.72,14763.52,Europe
17443,2024-12-05,Books,Clean Code,18,43.00,774.00,Middle East
17444,2024-04-23,Books,Dune by Frank Herbert,5,24.71,123.55,Middle East
17445,2025-09-26,Beauty Products,Maybelline Makeup Kit,9,48.34,435.06,Oceania
17446,2025-03-19,Clothing,Calvin Klein Slim Fit Shirt,5,87.40,437.00,Europe
17447,2024-11-14,Electronics,iPhone 14 Pro,11,947.69,10424.59,North America
17448,2024-08-19,Electronics,iPhone 14 Pro,16,934.50,14952.00,Oceania
17449,2024-01-25,Sports,Fitbit Charge 6,14,160.62,2248.68,North America
17450,2025-05-15,Books,"Salt, Fat, Acid, Heat by Samin Nosrat",1,33.26,33.26,North America
17451,2024-06-22,Home Appliances,Keurig K-Elite Coffee Maker,9,188.19,1693.71,Europe
17452,2025-01-21,Beauty Products,Chanel No. 5 Perfume,13,126.18,1640.34,Europe
17453,2024-09-29,Sports,Manduka PRO Yoga Mat,16,117.41,1878.56,Oceania
17454,2024-05-16,Books,The Hobbit,3,15.86,47.58,Middle East
17455,2025-02-11,Beauty Products,Dyson Supersonic Hair Dryer,15,441.54,6623.10,Oceania
17456,2025-04-11,Home Appliances,Instant Pot Duo 7-in-1,7,126.36,884.52,South America
17457,2025-08-12,Beauty Products,MAC Lipstick Collection,18,87.94,1582.92,Oceania
17458,2025-10-25,Electronics,Google Pixel 8 Pro,19,935.15,17767.85,Asia
17459,2025-07-18,Sports,Everlast Boxing Gloves,20,48.05,961.00,North America
17460,2024-03-18,Books,Deep Work,5,19.02,95.10,Middle East
17461,2024-09-20,Beauty Products,The Ordinary Serum Set,6,43.07,258.42,South America
17462,2025-05-15,Books,The Hobbit,13,14.75,191.75,South America
17463,2025-05-10,Books,The Alchemist,10,13.63,136.30,Europe
17464,2024-06-10,Electronics,Apple Watch Series 9,3,442.88,1328.64,Africa
17465,2024-11-22,Home Appliances,Ninja Professional Blender,17,101.39,1723.63,Asia
17466,2025-10-24,Sports,Hydro Flask Sports Bottle,5,36.18,180.90,North America
17467,2024-02-06,Clothing,Calvin Klein Slim Fit Shirt,6,92.05,552.30,Africa
17468,2024-12-15,Sports,Wilson Evolution Basketball,15,27.01,405.15,Oceania
17469,2024-03-28,Books,"Salt, Fat, Acid, Heat by Samin Nosrat",13,35.94,467.22,North America
17470,2025-03-27,Home Appliances,LG Front Load Washer,3,933.58,2800.74,North America
17471,2024-07-05,Beauty Products,Dyson Supersonic Hair Dryer,19,391.20,7432.80,Europe
17472,2024-10-11,Books,Atomic Habits,1,20.37,20.37,Asia
17473,2024-07-25,Clothing,Vans Old Skool Sneakers,12,76.36,916.32,South America
17474,2025-08-01,Beauty Products,L'Oreal Revitalift Cream,2,28.71,57.42,Middle East
17475,2024-10-24,Sports,Babolat Pure Drive Tennis Racket,10,201.14,2011.40,Asia
17476,2025-12-23,Clothing,Nike Air Force 1,10,88.18,881.80,Asia
17477,2025-10-06,Beauty Products,Chanel No. 5 Perfume,14,138.67,1941.38,Oceania
17478,2024-02-01,Electronics,Sony WH-1000XM5 Headphones,17,374.93,6373.81,North America
17479,2024-07-01,Beauty Products,CeraVe Hydrating Cleanser,8,17.38,139.04,Europe
17480,2025-07-18,Sports,Babolat Pure Drive Tennis Racket,15,205.24,3078.60,Oceania
17481,2025-08-09,Home Appliances,KitchenAid Stand Mixer,20,475.72,9514.40,South America
17482,2024-04-15,Electronics,Google Pixel 8 Pro,20,1028.17,20563.40,Europe
17483,2025-11-10,Clothing,Levi's 501 Jeans,9,76.85,691.65,Europe
17484,2024-05-30,Electronics,MacBook Pro 16-inch,12,2655.66,31867.92,North America
17485,2024-02-06,Beauty Products,L'Oreal Revitalift Cream,3,28.11,84.33,Africa
17486,2025-10-31,Electronics,Dell XPS 13 Laptop,4,1231.82,4927.28,Africa
17487,2025-07-03,Clothing,North Face Down Jacket,7,237.82,1664.74,North America
17488,2024-03-02,Home Appliances,Samsung Smart Refrigerator,10,1947.56,19475.60,Asia
17489,2024-12-24,Electronics,Google Pixel 8 Pro,11,1027.46,11302.06,Oceania
17490,2024-08-27,Beauty Products,Clinique Moisture Surge,19,49.10,932.90,Asia
17491,2025-11-26,Books,The Alchemist,11,13.16,144.76,Africa
17492,2024-05-30,Home Appliances,Ninja Professional Blender,11,98.41,1082.51,South America
17493,2024-07-30,Books,The Alchemist,7,13.58,95.06,South America
17494,2024-01-24,Electronics,Samsung Galaxy Tab S8,14,705.07,9870.98,Africa
17495,2024-06-03,Home Appliances,Dyson V11 Vacuum,19,464.81,8831.39,Asia
17496,2025-10-29,Books,Sapiens,12,25.87,310.44,Europe
17497,2024-12-28,Beauty Products,MAC Lipstick Collection,10,77.08,770.80,Asia
17498,2024-05-22,Electronics,Apple Watch Series 9,19,391.69,7442.11,Middle East
17499,2024-01-25,Sports,Bowflex Adjustable Dumbbells,14,403.02,5642.28,North America
17500,2024-04-10,Clothing,North Face Down Jacket,14,240.72,3370.08,South America
17501,2024-08-11,Electronics,MacBook Pro 16-inch,15,2259.39,33890.85,Oceania
17502,2024-12-31,Electronics,Sony WH-1000XM5 Headphones,5,382.20,1911.00,Europe
17503,2025-04-18,Beauty Products,Olaplex Hair Repair Set,2,58.08,116.16,South America
17504,2024-08-31,Electronics,Samsung Galaxy Tab S8,5,774.78,3873.90,Oceania
17505,2024-01-27,Home Appliances,iRobot Roomba j7,13,709.70,9226.10,South America
17506,2025-06-07,Books,"Salt, Fat, Acid, Heat by Samin Nosrat",11,34.11,375.21,Europe
17507,2024-11-21,Clothing,Calvin Klein Slim Fit Shirt,10,86.00,860.00,Asia
17508,2025-05-28,Sports,Hydro Flask Sports Bottle,2,39.32,78.64,Oceania
17509,2024-05-10,Home Appliances,LG Front Load Washer,20,897.41,17948.20,Africa
17510,2024-02-07,Books,Sapiens,8,25.52,204.16,Middle East
17511,2024-03-06,Home Appliances,Instant Pot Duo 7-in-1,4,129.39,517.56,Asia
17512,2024-12-27,Beauty Products,CeraVe Hydrating Cleanser,19,19.78,375.82,Middle East
17513,2024-05-22,Clothing,Under Armour Training Shirt,8,36.74,293.92,South America
17514,2025-07-20,Electronics,Apple Watch Series 9,19,454.48,8635.12,Europe
17515,2025-11-13,Clothing,Calvin Klein Slim Fit Shirt,17,96.73,1644.41,Europe
17516,2024-04-20,Electronics,iPhone 14 Pro,8,1082.94,8663.52,Middle East
17517,2025-04-13,Sports,Bowflex Adjustable Dumbbells,20,447.20,8944.00,Middle East
17518,2025-10-24,Beauty Products,Olaplex Hair Repair Set,16,55.39,886.24,Asia
17519,2024-07-23,Clothing,Under Armour Training Shirt,2,43.32,86.64,North America
17520,2024-01-18,Books,The Alchemist,18,11.75,211.50,Africa
17521,2024-12-11,Clothing,North Face Down Jacket,2,269.48,538.96,Middle East
17522,2024-05-06,Books,"Salt, Fat, Acid, Heat by Samin Nosrat",1,32.55,32.55,Middle East
17523,2024-02-19,Clothing,Calvin Klein Slim Fit Shirt,7,95.48,668.36,Middle East
17524,2025-02-17,Electronics,Google Pixel 8 Pro,8,1009.99,8079.92,South America
17525,2025-06-04,Beauty Products,L'Oreal Revitalift Cream,17,31.51,535.67,Oceania
17526,2025-05-12,Electronics,Samsung Galaxy Tab S8,20,704.98,14099.60,Middle East
17527,2025-02-28,Beauty Products,Chanel No. 5 Perfume,15,119.28,1789.20,South America
17528,2025-10-28,Beauty Products,Dyson Supersonic Hair Dryer,8,416.79,3334.32,Middle East
17529,2024-09-20,Sports,Fitbit Charge 6,10,149.55,1495.50,Middle East
17530,2024-06-02,Sports,Spalding Volleyball,5,32.21,161.05,Middle East
17531,2024-06-11,Beauty Products,CeraVe Hydrating Cleanser,14,19.30,270.20,Oceania
17532,2025-08-19,Beauty Products,Chanel No. 5 Perfume,20,134.39,2687.80,South America
17533,2025-11-14,Beauty Products,L'Oreal Revitalift Cream,13,27.16,353.08,North America
17534,2025-11-10,Sports,Spalding Volleyball,9,36.13,325.17,Oceania
17535,2025-06-15,Clothing,Patagonia Fleece Jacket,10,179.40,1794.00,Oceania
17536,2025-10-08,Electronics,iPhone 14 Pro,11,951.70,10468.70,Oceania
17537,2025-07-01,Electronics,Sony WH-1000XM5 Headphones,13,417.97,5433.61,North America
17538,2025-06-01,Beauty Products,The Ordinary Serum Set,11,38.52,423.72,Africa
17539,2025-03-13,Home Appliances,Blueair Classic 480i,1,604.94,604.94,Asia
17540,2025-05-25,Sports,Hydro Flask Sports Bottle,13,42.47,552.11,Middle East
17541,2025-07-09,Sports,Everlast Boxing Gloves,16,50.09,801.44,Asia
17542,2025-01-17,Clothing,Nike Air Force 1,7,84.76,593.32,South America
17543,2024-05-20,Books,The Alchemist,7,13.37,93.59,Asia
17544,2024-09-03,Home Appliances,Samsung Smart Refrigerator,9,2009.05,18081.45,Oceania
17545,2025-12-30,Home Appliances,Blueair Classic 480i,17,625.06,10626.02,Africa
17546,2024-07-23,Sports,Babolat Pure Drive Tennis Racket,20,189.54,3790.80,North America
17547,2025-08-29,Electronics,Apple Watch Series 9,5,464.92,2324.60,Asia
17548,2024-08-25,Sports,Adidas FIFA Soccer Ball,6,38.21,229.26,South America
17549,2024-11-22,Clothing,Puma Sports Hoodie,7,75.67,529.69,Middle East
17550,2024-12-04,Home Appliances,Samsung Smart Refrigerator,15,1984.24,29763.60,South America
17551,2025-05-17,Beauty Products,Neutrogena Skincare Set,12,92.05,1104.60,North America
17552,2024-12-07,Home Appliances,Samsung Smart Refrigerator,6,1915.65,11493.90,Europe
17553,2025-03-21,Books,The Da Vinci Code,1,16.73,16.73,North America
17554,2025-11-17,Sports,Callaway Golf Club Set,10,889.02,8890.20,Middle East
17555,2024-01-24,Electronics,Canon EOS R10 Camera,5,1032.48,5162.40,Europe
17556,2025-05-07,Books,Deep Work,15,17.75,266.25,Asia
17557,2025-04-09,Beauty Products,Neutrogena Skincare Set,1,97.67,97.67,Asia
17558,2025-03-19,Beauty Products,Olaplex Hair Repair Set,7,56.84,397.88,Africa
17559,2025-12-08,Clothing,Calvin Klein Slim Fit Shirt,1,97.52,97.52,South America
17560,2024-03-15,Home Appliances,Instant Pot Duo 7-in-1,16,135.29,2164.64,Oceania
17561,2025-01-24,Clothing,Under Armour Training Shirt,16,36.54,584.64,Asia
17562,2025-07-21,Beauty Products,CeraVe Hydrating Cleanser,2,17.95,35.90,Europe
17563,2024-12-07,Sports,Fitbit Charge 6,6,160.06,960.36,North America
17564,2024-06-13,Clothing,Patagonia Fleece Jacket,20,171.72,3434.40,Asia
17565,2024-06-14,Beauty Products,Neutrogena Skincare Set,17,93.35,1586.95,Europe
17566,2025-10-04,Books,Atomic Habits,5,21.58,107.90,Europe
17567,2025-03-11,Electronics,Sony WH-1000XM5 Headphones,15,364.29,5464.35,Oceania
17568,2024-01-01,Sports,Spalding Volleyball,17,33.45,568.65,Asia
17569,2024-09-22,Home Appliances,LG Front Load Washer,1,944.85,944.85,South America
17570,2024-03-23,Electronics,Dell XPS 13 Laptop,6,1330.01,7980.06,Asia
17571,2025-09-28,Home Appliances,Philips Air Fryer XXL,14,232.31,3252.34,South America
17572,2025-04-05,Books,Clean Code,13,42.55,553.15,Asia
17573,2025-04-09,Sports,Callaway Golf Club Set,11,827.93,9107.23,Europe
17574,2025-08-15,Clothing,Columbia Rain Jacket,12,123.59,1483.08,Oceania
17575,2024-06-13,Electronics,Nintendo Switch OLED,13,358.75,4663.75,North America
17576,2025-07-24,Electronics,Sony WH-1000XM5 Headphones,7,422.84,2959.88,South America
17577,2025-09-21,Beauty Products,Chanel No. 5 Perfume,2,141.04,282.08,South America
17578,2025-11-16,Electronics,Apple Watch Series 9,7,402.61,2818.27,Middle East
17579,2025-08-19,Sports,Wilson Evolution Basketball,17,27.44,466.48,South America
17580,2025-05-11,Electronics,Garmin Forerunner 945,1,525.73,525.73,Europe
17581,2025-10-13,Sports,Callaway Golf Club Set,15,810.18,12152.70,North America
17582,2025-10-31,Sports,Spalding Volleyball,20,38.46,769.20,North America
17583,2024-03-28,Beauty Products,Olaplex Hair Repair Set,8,61.16,489.28,Oceania
17584,2025-02-08,Clothing,Patagonia Fleece Jacket,4,164.40,657.60,Middle East
17585,2024-04-02,Home Appliances,LG Front Load Washer,19,835.59,15876.21,Oceania
17586,2024-10-29,Sports,Wilson Evolution Basketball,9,31.72,285.48,Middle East
17587,2024-08-11,Sports,Hydro Flask Sports Bottle,10,43.76,437.60,Africa
17588,2024-01-19,Clothing,Vans Old Skool Sneakers,3,75.07,225.21,Africa
17589,2025-04-05,Home Appliances,Ninja Professional Blender,11,91.44,1005.84,Middle East
17590,2025-01-15,Clothing,Patagonia Fleece Jacket,11,176.51,1941.61,Africa
17591,2025-05-29,Sports,Callaway Golf Club Set,10,960.64,9606.40,Africa
17592,2024-08-05,Beauty Products,The Ordinary Serum Set,11,38.33,421.63,South America
17593,2025-04-04,Electronics,iPhone 14 Pro,9,977.77,8799.93,Asia
17594,2024-11-18,Clothing,Puma Sports Hoodie,3,75.38,226.14,North America
17595,2024-01-09,Books,Clean Code,2,40.45,80.90,Oceania
17596,2025-06-22,Books,The Alchemist,9,12.87,115.83,Oceania
17597,2024-11-06,Books,Clean Code,17,40.25,684.25,South America
17598,2025-02-13,Sports,Manduka PRO Yoga Mat,8,121.72,973.76,South America
17599,2025-12-17,Sports,Spalding Volleyball,14,36.41,509.74,Middle East
17600,2024-08-21,Home Appliances,Instant Pot Duo 7-in-1,13,122.16,1588.08,Europe
17601,2024-11-05,Electronics,Dell XPS 13 Laptop,7,1316.79,9217.53,Europe
17602,2024-04-05,Books,Deep Work,5,19.91,99.55,South America
17603,2025-12-16,Clothing,North Face Down Jacket,9,257.88,2320.92,Oceania
17604,2025-05-04,Electronics,Samsung Galaxy Tab S8,19,704.39,13383.41,Europe
17605,2024-01-26,Beauty Products,MAC Lipstick Collection,10,79.25,792.50,Europe
17606,2024-11-10,Books,Dune by Frank Herbert,20,24.10,482.00,Middle East
17607,2024-10-21,Home Appliances,LG Front Load Washer,17,909.43,15460.31,Middle East
17608,2025-11-17,Electronics,MacBook Pro 16-inch,13,2333.03,30329.39,Middle East
17609,2024-01-25,Home Appliances,iRobot Roomba j7,1,692.37,692.37,Oceania
17610,2025-09-03,Sports,Wilson Evolution Basketball,4,29.63,118.52,Africa
17611,2025-08-04,Sports,Wilson Evolution Basketball,7,27.70,193.90,Middle East
17612,2024-05-24,Beauty Products,Dyson Supersonic Hair Dryer,18,398.61,7174.98,North America
17613,2024-06-07,Clothing,Under Armour Training Shirt,15,36.07,541.05,Asia
17614,2025-07-22,Books,Sapiens,15,24.62,369.30,Europe
17615,2025-04-28,Books,Sapiens,2,26.38,52.76,Africa
17616,2025-07-09,Books,The Alchemist,17,12.53,213.01,Asia
17617,2024-09-04,Books,"Salt, Fat, Acid, Heat by Samin Nosrat",14,35.31,494.34,Africa
17618,2025-04-16,Sports,Babolat Pure Drive Tennis Racket,16,186.94,2991.04,Oceania
17619,2025-12-23,Clothing,Puma Sports Hoodie,10,67.55,675.50,Middle East
17620,2025-07-10,Clothing,Puma Sports Hoodie,1,81.77,81.77,Europe
17621,2025-06-06,Home Appliances,iRobot Roomba j7,4,602.19,2408.76,Africa
17622,2025-02-13,Clothing,Adidas Ultraboost Shoes,10,187.63,1876.30,Asia
17623,2025-02-05,Home Appliances,Dyson V11 Vacuum,20,527.63,10552.60,Africa
17624,2025-06-26,Home Appliances,Blueair Classic 480i,7,643.69,4505.83,Middle East
17625,2025-10-24,Sports,Callaway Golf Club Set,15,846.80,12702.00,Oceania
17626,2024-02-11,Electronics,MacBook Pro 16-inch,10,2457.88,24578.80,Africa
17627,2024-11-11,Clothing,Adidas Ultraboost Shoes,13,201.28,2616.64,Asia
17628,2025-06-28,Electronics,Nintendo Switch OLED,10,362.93,3629.30,Asia
17629,2024-05-14,Home Appliances,Philips Air Fryer XXL,11,249.69,2746.59,Oceania
17630,2024-06-15,Clothing,Puma Sports Hoodie,2,73.67,147.34,Europe
17631,2025-02-06,Books,The Psychology of Money,11,18.60,204.60,South America
17632,2025-05-08,Home Appliances,iRobot Roomba j7,16,651.66,10426.56,Middle East
17633,2025-11-01,Electronics,MacBook Pro 16-inch,1,2383.17,2383.17,Asia
17634,2025-03-03,Home Appliances,Keurig K-Elite Coffee Maker,9,182.20,1639.80,South America
17635,2024-03-25,Clothing,Under Armour Training Shirt,20,41.67,833.40,Asia
17636,2025-12-25,Clothing,Puma Sports Hoodie,18,81.65,1469.70,South America
17637,2024-07-02,Sports,Wilson Evolution Basketball,20,29.98,599.60,Asia
17638,2024-03-07,Beauty Products,MAC Lipstick Collection,10,84.21,842.10,North America
17639,2025-07-14,Beauty Products,The Ordinary Serum Set,11,37.56,413.16,South America
17640,2025-03-12,Clothing,Columbia Rain Jacket,18,118.91,2140.38,Oceania
17641,2025-02-01,Clothing,Levi's 501 Jeans,4,63.16,252.64,Middle East
17642,2024-12-26,Clothing,Vans Old Skool Sneakers,6,81.77,490.62,North America
17643,2024-07-01,Electronics,MacBook Pro 16-inch,3,2471.67,7415.01,Africa
17644,2025-04-25,Books,The Alchemist,11,13.41,147.51,Middle East
17645,2024-05-17,Beauty Products,CeraVe Hydrating Cleanser,11,17.45,191.95,North America
17646,2025-03-22,Books,Sapiens,20,25.85,517.00,Africa
17647,2024-01-15,Electronics,MacBook Pro 16-inch,12,2594.83,31137.96,North America
17648,2024-05-28,Beauty Products,L'Oreal Revitalift Cream,9,29.60,266.40,South America
17649,2024-12-08,Sports,Wilson Evolution Basketball,12,28.98,347.76,Middle East
17650,2025-03-10,Sports,Spalding Volleyball,17,31.99,543.83,Europe
17651,2024-11-07,Books,Dune by Frank Herbert,8,25.96,207.68,North America
17652,2024-03-23,Clothing,Columbia Rain Jacket,14,142.04,1988.56,South America
17653,2025-10-15,Home Appliances,Philips Air Fryer XXL,15,263.10,3946.50,North America
17654,2024-09-14,Electronics,Sony WH-1000XM5 Headphones,19,370.69,7043.11,Middle East
17655,2024-06-18,Clothing,Puma Sports Hoodie,14,81.64,1142.96,Middle East
17656,2025-06-04,Books,The Hobbit,10,15.00,150.00,Europe
17657,2024-01-13,Sports,Spalding Volleyball,7,31.72,222.04,Middle East
17658,2024-08-03,Home Appliances,KitchenAid Stand Mixer,8,423.57,3388.56,Oceania
17659,2024-05-10,Beauty Products,Olaplex Hair Repair Set,11,54.09,594.99,North America
17660,2025-09-18,Electronics,Apple Watch Series 9,1,452.83,452.83,Europe
17661,2024-02-06,Electronics,Google Pixel 8 Pro,4,954.06,3816.24,Oceania
17662,2024-11-14,Clothing,Puma Sports Hoodie,2,73.23,146.46,Africa
17663,2025-09-12,Electronics,Canon EOS R10 Camera,20,961.12,19222.40,South America
17664,2024-11-17,Home Appliances,Samsung Smart Refrigerator,1,1966.93,1966.93,Oceania
17665,2024-09-13,Electronics,Apple Watch Series 9,20,413.41,8268.20,South America
17666,2024-04-25,Clothing,Vans Old Skool Sneakers,6,82.70,496.20,South America
17667,2024-03-02,Home Appliances,LG Front Load Washer,14,948.82,13283.48,Europe
17668,2024-06-17,Sports,Adidas FIFA Soccer Ball,19,38.39,729.41,Europe
17669,2024-01-22,Beauty Products,CeraVe Hydrating Cleanser,17,18.80,319.60,Africa
17670,2024-02-10,Sports,Bowflex Adjustable Dumbbells,15,472.70,7090.50,Africa
17671,2025-11-04,Electronics,iPhone 14 Pro,11,1093.27,12025.97,North America
17672,2025-05-23,Sports,Everlast Boxing Gloves,11,45.53,500.83,South America
17673,2024-11-16,Beauty Products,L'Oreal Revitalift Cream,15,28.22,423.30,Europe
17674,2025-08-13,Beauty Products,Chanel No. 5 Perfume,13,131.67,1711.71,South America
17675,2024-03-04,Sports,Spalding Volleyball,10,34.81,348.10,South America
17676,2025-02-17,Home Appliances,LG Front Load Washer,15,918.39,13775.85,Asia
17677,2024-08-01,Clothing,Levi's 501 Jeans,17,73.89,1256.13,Oceania
17678,2024-10-11,Electronics,Nintendo Switch OLED,14,383.65,5371.10,South America
17679,2025-01-26,Books,The Hobbit,13,14.33,186.29,Oceania
17680,2024-01-13,Sports,Callaway Golf Club Set,14,960.38,13445.32,North America
17681,2024-12-12,Clothing,Patagonia Fleece Jacket,19,170.13,3232.47,Africa
17682,2024-01-13,Home Appliances,LG Front Load Washer,1,862.24,862.24,North America
17683,2024-02-20,Electronics,Canon EOS R10 Camera,8,1027.82,8222.56,Europe
17684,2025-12-25,Books,The Psychology of Money,10,18.78,187.80,South America
17685,2025-05-30,Books,The Da Vinci Code,5,15.24,76.20,North America
17686,2024-06-18,Books,The Alchemist,8,12.12,96.96,South America
17687,2024-02-22,Sports,Manduka PRO Yoga Mat,10,109.22,1092.20,Africa
17688,2024-11-13,Sports,Fitbit Charge 6,8,170.55,1364.40,Asia
17689,2024-06-01,Electronics,Garmin Forerunner 945,1,496.70,496.70,Europe
17690,2025-01-19,Beauty Products,Clinique Moisture Surge,18,42.78,770.04,Middle East
17691,2024-04-22,Sports,Hydro Flask Sports Bottle,17,42.92,729.64,Asia
17692,2024-09-29,Sports,Fitbit Charge 6,3,161.64,484.92,South America
17693,2024-01-29,Electronics,Google Pixel 8 Pro,6,971.03,5826.18,Oceania
17694,2024-01-08,Books,The Da Vinci Code,2,14.46,28.92,North America
17695,2024-01-04,Sports,Manduka PRO Yoga Mat,15,113.02,1695.30,Asia
17696,2024-04-15,Books,Dune by Frank Herbert,11,27.73,305.03,North America
17697,2025-06-08,Clothing,Adidas Ultraboost Shoes,15,195.19,2927.85,North America
17698,2025-02-05,Electronics,Nintendo Switch OLED,6,381.38,2288.28,Asia
17699,2025-05-06,Clothing,Nike Air Force 1,2,81.37,162.74,Africa
17700,2025-01-23,Sports,Callaway Golf Club Set,8,946.96,7575.68,South America
17701,2024-01-21,Electronics,iPhone 14 Pro,7,1005.49,7038.43,North America
17702,2024-09-04,Sports,Callaway Golf Club Set,9,831.48,7483.32,Oceania
17703,2024-07-21,Electronics,Google Pixel 8 Pro,3,925.02,2775.06,South America
17704,2024-03-10,Beauty Products,Neutrogena Skincare Set,20,85.62,1712.40,Africa
17705,2025-08-28,Sports,Fitbit Charge 6,16,144.84,2317.44,Asia
17706,2024-06-30,Sports,Callaway Golf Club Set,5,846.80,4234.00,North America
17707,2024-01-29,Electronics,Samsung Galaxy Tab S8,19,807.47,15341.93,North America
17708,2024-02-05,Sports,Adidas FIFA Soccer Ball,15,37.24,558.60,Middle East
17709,2024-11-06,Electronics,Dell XPS 13 Laptop,2,1302.26,2604.52,Middle East
17710,2024-05-16,Electronics,Garmin Forerunner 945,6,475.55,2853.30,Middle East
17711,2025-02-22,Electronics,Garmin Forerunner 945,7,546.94,3828.58,Middle East
17712,2024-05-28,Home Appliances,Samsung Smart Refrigerator,11,1801.11,19812.21,South America
17713,2025-08-19,Clothing,North Face Down Jacket,17,248.22,4219.74,Middle East
17714,2025-12-04,Sports,Callaway Golf Club Set,16,848.79,13580.64,Oceania
17715,2025-10-24,Electronics,Garmin Forerunner 945,19,504.45,9584.55,Oceania
17716,2024-07-19,Clothing,Levi's 501 Jeans,1,74.78,74.78,Asia
17717,2024-06-27,Clothing,Calvin Klein Slim Fit Shirt,13,91.43,1188.59,North America
17718,2025-11-03,Books,The Hobbit,19,16.29,309.51,Asia
17719,2024-10-17,Beauty Products,MAC Lipstick Collection,9,76.35,687.15,South America
17720,2025-07-20,Home Appliances,Blueair Classic 480i,17,568.80,9669.60,South America
17721,2025-01-08,Clothing,Puma Sports Hoodie,13,70.01,910.13,South America
17722,2024-08-08,Electronics,Google Pixel 8 Pro,12,944.39,11332.68,South America
17723,2024-04-29,Home Appliances,iRobot Roomba j7,5,599.69,2998.45,Middle East
17724,2025-05-25,Electronics,Dell XPS 13 Laptop,17,1176.14,19994.38,North America
17725,2025-05-30,Clothing,Puma Sports Hoodie,18,70.21,1263.78,Asia
17726,2025-03-15,Beauty Products,Chanel No. 5 Perfume,18,133.52,2403.36,Asia
17727,2025-12-01,Electronics,MacBook Pro 16-inch,4,2479.14,9916.56,Europe
17728,2025-06-29,Clothing,Under Armour Training Shirt,15,36.25,543.75,Oceania
17729,2024-01-12,Beauty Products,MAC Lipstick Collection,11,75.41,829.51,Oceania
17730,2025-12-13,Clothing,North Face Down Jacket,11,230.66,2537.26,Middle East
17731,2024-11-12,Sports,Fitbit Charge 6,1,154.94,154.94,North America
17732,2024-04-15,Books,The Alchemist,5,12.05,60.25,Oceania
17733,2024-10-12,Electronics,iPhone 14 Pro,7,924.14,6468.98,North America
17734,2024-03-07,Beauty Products,CeraVe Hydrating Cleanser,3,20.05,60.15,Middle East
17735,2025-04-13,Home Appliances,Dyson V11 Vacuum,11,477.47,5252.17,Africa
17736,2024-08-09,Beauty Products,Olaplex Hair Repair Set,12,55.19,662.28,North America
17737,2024-05-31,Clothing,Adidas Ultraboost Shoes,16,183.29,2932.64,North America
17738,2024-09-16,Electronics,MacBook Pro 16-inch,13,2682.29,34869.77,South America
17739,2025-10-18,Sports,Fitbit Charge 6,8,163.02,1304.16,South America
17740,2025-03-27,Home Appliances,Ninja Professional Blender,18,96.30,1733.40,North America
17741,2025-05-29,Home Appliances,Samsung Smart Refrigerator,14,2002.03,28028.42,Africa
17742,2024-12-16,Sports,Adidas FIFA Soccer Ball,5,41.12,205.60,Oceania
17743,2025-05-26,Electronics,Nintendo Switch OLED,12,327.20,3926.40,South America
17744,2024-10-21,Beauty Products,CeraVe Hydrating Cleanser,17,18.57,315.69,North America
17745,2024-05-10,Beauty Products,Chanel No. 5 Perfume,9,117.33,1055.97,Europe
17746,2025-10-31,Sports,Adidas FIFA Soccer Ball,4,43.90,175.60,Africa
17747,2025-03-04,Beauty Products,Chanel No. 5 Perfume,17,130.81,2223.77,North America
17748,2024-07-09,Home Appliances,KitchenAid Stand Mixer,15,410.01,6150.15,Oceania
17749,2025-06-19,Clothing,Patagonia Fleece Jacket,17,180.23,3063.91,North America
17750,2025-09-29,Electronics,Canon EOS R10 Camera,2,1041.49,2082.98,Oceania
17751,2024-07-19,Clothing,Puma Sports Hoodie,14,69.80,977.20,Africa
17752,2025-06-14,Clothing,Patagonia Fleece Jacket,1,192.50,192.50,Asia
17753,2024-02-21,Sports,Babolat Pure Drive Tennis Racket,14,207.30,2902.20,Europe
17754,2024-06-13,Electronics,Nintendo Switch OLED,9,338.15,3043.35,Africa
17755,2024-03-18,Sports,Hydro Flask Sports Bottle,14,36.97,517.58,Africa
17756,2024-08-06,Sports,Fitbit Charge 6,12,168.60,2023.20,Oceania
17757,2024-03-22,Home Appliances,LG Front Load Washer,1,939.48,939.48,South America
17758,2024-01-01,Books,Sapiens,11,24.58,270.38,Oceania
17759,2024-03-30,Sports,Wilson Evolution Basketball,4,32.55,130.20,Africa
17760,2024-09-07,Home Appliances,Ninja Professional Blender,9,92.31,830.79,Africa
17761,2025-09-06,Electronics,Canon EOS R10 Camera,4,930.14,3720.56,Oceania
17762,2025-02-08,Beauty Products,Olaplex Hair Repair Set,7,60.13,420.91,Oceania
17763,2025-12-20,Beauty Products,Clinique Moisture Surge,3,40.90,122.70,Oceania
17764,2025-03-26,Books,The Da Vinci Code,9,16.48,148.32,Oceania
17765,2025-06-06,Beauty Products,Olaplex Hair Repair Set,10,58.71,587.10,Europe
17766,2024-12-07,Sports,Babolat Pure Drive Tennis Racket,11,190.30,2093.30,Oceania
17767,2025-05-06,Clothing,Patagonia Fleece Jacket,5,178.64,893.20,Middle East
17768,2024-10-30,Clothing,North Face Down Jacket,12,248.24,2978.88,Oceania
17769,2024-10-13,Home Appliances,KitchenAid Stand Mixer,16,484.66,7754.56,Asia
17770,2025-05-21,Books,The Da Vinci Code,12,17.31,207.72,South America
17771,2025-12-25,Beauty Products,Chanel No. 5 Perfume,5,135.60,678.00,Middle East
17772,2025-05-02,Beauty Products,Maybelline Makeup Kit,19,53.01,1007.19,North America
17773,2025-05-07,Sports,Callaway Golf Club Set,8,968.02,7744.16,Africa
17774,2024-02-29,Sports,Spalding Volleyball,15,32.44,486.60,Asia
17775,2024-12-24,Books,The Da Vinci Code,9,16.49,148.41,Middle East
17776,2024-10-30,Home Appliances,Samsung Smart Refrigerator,1,1892.51,1892.51,South America
17777,2025-03-24,Sports,Spalding Volleyball,18,35.72,642.96,South America
17778,2025-03-19,Electronics,Dell XPS 13 Laptop,7,1417.92,9925.44,North America
17779,2025-04-23,Beauty Products,Dyson Supersonic Hair Dryer,7,434.23,3039.61,Middle East
17780,2025-10-03,Home Appliances,Dyson V11 Vacuum,20,490.35,9807.00,Oceania
17781,2024-01-14,Home Appliances,Ninja Professional Blender,10,98.40,984.00,Oceania
17782,2025-07-30,Books,Clean Code,13,40.11,521.43,Middle East
17783,2025-03-20,Sports,Hydro Flask Sports Bottle,5,36.78,183.90,Asia
17784,2025-07-12,Electronics,Sony WH-1000XM5 Headphones,7,372.43,2607.01,Asia
17785,2025-09-10,Clothing,Levi's 501 Jeans,7,69.58,487.06,Middle East
17786,2025-03-03,Electronics,Garmin Forerunner 945,17,497.05,8449.85,South America
17787,2024-09-02,Books,The Psychology of Money,8,18.09,144.72,North America
17788,2025-10-03,Sports,Wilson Evolution Basketball,15,31.89,478.35,Asia
17789,2025-05-29,Clothing,Puma Sports Hoodie,19,77.12,1465.28,Oceania
17790,2025-02-15,Books,The Da Vinci Code,15,17.11,256.65,Asia
17791,2024-10-19,Sports,Spalding Volleyball,16,37.45,599.20,Oceania
17792,2025-09-24,Books,Deep Work,18,19.80,356.40,Asia
17793,2024-06-11,Sports,Fitbit Charge 6,19,165.26,3139.94,Oceania
17794,2025-09-25,Home Appliances,Ninja Professional Blender,7,91.25,638.75,Asia
17795,2024-04-21,Sports,Wilson Evolution Basketball,4,28.06,112.24,Asia
17796,2025-06-28,Electronics,Dell XPS 13 Laptop,9,1221.73,10995.57,South America
17797,2024-05-29,Electronics,iPhone 14 Pro,2,932.98,1865.96,Oceania
17798,2025-02-20,Books,The Da Vinci Code,6,16.00,96.00,North America
17799,2025-12-19,Sports,Fitbit Charge 6,1,155.80,155.80,North America
17800,2024-05-08,Beauty Products,Chanel No. 5 Perfume,9,136.60,1229.40,Europe
17801,2024-03-04,Sports,Babolat Pure Drive Tennis Racket,6,197.73,1186.38,Asia
17802,2024-12-16,Sports,Bowflex Adjustable Dumbbells,10,393.92,3939.20,Middle East
17803,2024-04-14,Electronics,Garmin Forerunner 945,19,455.48,8654.12,Asia
17804,2024-06-30,Books,"Salt, Fat, Acid, Heat by Samin Nosrat",8,29.80,238.40,Oceania
17805,2025-10-26,Beauty Products,Dyson Supersonic Hair Dryer,13,439.76,5716.88,Oceania
17806,2025-11-27,Electronics,Google Pixel 8 Pro,15,1076.31,16144.65,Middle East
17807,2024-02-13,Sports,Adidas FIFA Soccer Ball,13,39.77,517.01,Asia
17808,2024-10-23,Books,The Da Vinci Code,13,15.51,201.63,Africa
17809,2025-09-28,Electronics,Canon EOS R10 Camera,1,1063.52,1063.52,Europe
17810,2025-09-24,Sports,Bowflex Adjustable Dumbbells,16,424.03,6784.48,South America
17811,2025-05-08,Home Appliances,Philips Air Fryer XXL,9,230.22,2071.98,Africa
17812,2025-03-29,Sports,Bowflex Adjustable Dumbbells,6,457.79,2746.74,South America
17813,2024-02-03,Home Appliances,KitchenAid Stand Mixer,1,476.91,476.91,Europe
17814,2025-05-01,Clothing,Calvin Klein Slim Fit Shirt,18,97.18,1749.24,Oceania
17815,2025-04-07,Sports,Hydro Flask Sports Bottle,18,36.60,658.80,North America
17816,2025-12-26,Home Appliances,Blueair Classic 480i,3,590.48,1771.44,South America
17817,2025-02-05,Sports,Everlast Boxing Gloves,19,45.01,855.19,Europe
17818,2025-05-14,Beauty Products,CeraVe Hydrating Cleanser,19,17.94,340.86,Oceania
17819,2025-10-25,Beauty Products,MAC Lipstick Collection,7,82.07,574.49,North America
17820,2025-02-04,Clothing,Nike Air Force 1,8,88.91,711.28,Middle East
17821,2024-06-09,Books,The Psychology of Money,4,16.49,65.96,North America
17822,2025-06-14,Clothing,Patagonia Fleece Jacket,5,179.09,895.45,Asia
17823,2024-12-15,Home Appliances,Blueair Classic 480i,7,540.18,3781.26,Asia
17824,2025-04-26,Sports,Wilson Evolution Basketball,15,30.89,463.35,Europe
17825,2024-07-06,Electronics,Garmin Forerunner 945,15,546.57,8198.55,Oceania
17826,2024-12-18,Electronics,Garmin Forerunner 945,16,528.32,8453.12,North America
17827,2024-09-02,Beauty Products,Maybelline Makeup Kit,7,48.44,339.08,Europe
17828,2024-04-13,Home Appliances,Keurig K-Elite Coffee Maker,3,182.02,546.06,South America
17829,2024-04-05,Beauty Products,Maybelline Makeup Kit,1,49.11,49.11,Middle East
17830,2024-12-23,Home Appliances,Dyson V11 Vacuum,8,461.15,3689.20,Europe
17831,2025-04-18,Electronics,Canon EOS R10 Camera,19,967.99,18391.81,South America
17832,2024-07-19,Books,The Da Vinci Code,13,17.13,222.69,South America
17833,2024-04-20,Electronics,Apple Watch Series 9,14,418.36,5857.04,South America
17834,2025-09-17,Electronics,MacBook Pro 16-inch,8,2394.74,19157.92,North America
17835,2024-04-09,Sports,Hydro Flask Sports Bottle,18,38.16,686.88,Europe
17836,2025-07-26,Books,Dune by Frank Herbert,4,23.84,95.36,South America
17837,2025-03-20,Beauty Products,Clinique Moisture Surge,3,41.19,123.57,Middle East
17838,2024-05-05,Clothing,Nike Air Force 1,17,94.20,1601.40,Europe
17839,2025-01-25,Clothing,Calvin Klein Slim Fit Shirt,20,84.82,1696.40,Asia
17840,2025-04-14,Sports,Everlast Boxing Gloves,11,52.93,582.23,South America
17841,2024-05-14,Books,The Alchemist,5,13.15,65.75,South America
17842,2025-03-10,Books,The Psychology of Money,18,16.78,302.04,North America
17843,2025-01-15,Home Appliances,LG Front Load Washer,12,930.46,11165.52,Europe
17844,2024-10-25,Clothing,Levi's 501 Jeans,5,68.63,343.15,Europe
17845,2025-10-04,Books,Dune by Frank Herbert,2,27.27,54.54,Middle East
17846,2025-03-05,Clothing,Adidas Ultraboost Shoes,16,187.16,2994.56,Middle East
17847,2024-07-03,Electronics,Nintendo Switch OLED,13,317.29,4124.77,Middle East
17848,2024-03-17,Home Appliances,Ninja Professional Blender,14,92.90,1300.60,Europe
17849,2025-03-15,Clothing,Columbia Rain Jacket,16,127.20,2035.20,South America
17850,2024-08-27,Beauty Products,Maybelline Makeup Kit,3,53.42,160.26,Europe
17851,2025-01-21,Clothing,Adidas Ultraboost Shoes,2,190.80,381.60,Asia
17852,2025-08-17,Electronics,Canon EOS R10 Camera,17,1022.72,17386.24,North America
17853,2025-06-09,Sports,Bowflex Adjustable Dumbbells,17,405.19,6888.23,Africa
17854,2025-10-03,Books,Deep Work,1,19.27,19.27,North America
17855,2024-12-24,Sports,Bowflex Adjustable Dumbbells,2,468.52,937.04,Europe
17856,2024-02-16,Books,The Hobbit,9,16.31,146.79,Asia
17857,2024-10-18,Beauty Products,The Ordinary Serum Set,18,39.73,715.14,Middle East
17858,2025-02-06,Home Appliances,KitchenAid Stand Mixer,10,411.90,4119.00,Africa
17859,2024-04-08,Electronics,Nintendo Switch OLED,18,367.76,6619.68,Asia
17860,2024-06-23,Electronics,Samsung Galaxy Tab S8,14,690.52,9667.28,Europe
17861,2024-04-18,Beauty Products,L'Oreal Revitalift Cream,20,30.17,603.40,Europe
17862,2025-04-08,Books,Clean Code,6,37.75,226.50,Oceania
17863,2025-03-12,Electronics,Canon EOS R10 Camera,19,1029.07,19552.33,Africa
17864,2024-08-31,Beauty Products,The Ordinary Serum Set,12,41.18,494.16,Middle East
17865,2024-02-20,Sports,Spalding Volleyball,7,34.21,239.47,South America
17866,2024-02-23,Clothing,Adidas Ultraboost Shoes,17,179.28,3047.76,Oceania
17867,2025-11-18,Books,Atomic Habits,20,20.57,411.40,Oceania
17868,2025-01-07,Beauty Products,MAC Lipstick Collection,8,76.49,611.92,Oceania
17869,2024-05-24,Beauty Products,Clinique Moisture Surge,8,46.24,369.92,Africa
17870,2024-06-02,Sports,Adidas FIFA Soccer Ball,14,42.28,591.92,Oceania
17871,2025-04-10,Home Appliances,Samsung Smart Refrigerator,5,1831.99,9159.95,South America
17872,2024-10-26,Home Appliances,Ninja Professional Blender,12,104.59,1255.08,Africa
17873,2025-09-19,Clothing,Puma Sports Hoodie,10,80.62,806.20,Middle East
17874,2024-06-01,Beauty Products,Neutrogena Skincare Set,10,93.17,931.70,Middle East
17875,2024-11-01,Beauty Products,CeraVe Hydrating Cleanser,16,17.91,286.56,Africa
17876,2025-08-09,Clothing,Puma Sports Hoodie,11,69.55,765.05,South America
17877,2025-05-24,Beauty Products,The Ordinary Serum Set,17,42.78,727.26,South America
17878,2025-03-17,Clothing,Calvin Klein Slim Fit Shirt,11,81.92,901.12,North America
17879,2025-06-03,Clothing,Calvin Klein Slim Fit Shirt,8,95.40,763.20,Africa
17880,2024-03-31,Sports,Fitbit Charge 6,5,149.09,745.45,Europe
17881,2024-04-18,Electronics,Garmin Forerunner 945,15,547.15,8207.25,Asia
17882,2025-08-14,Clothing,Under Armour Training Shirt,8,36.43,291.44,North America
17883,2024-08-23,Electronics,Google Pixel 8 Pro,4,1066.39,4265.56,Africa
17884,2025-10-15,Beauty Products,CeraVe Hydrating Cleanser,16,19.78,316.48,Africa
17885,2024-03-28,Electronics,Nintendo Switch OLED,3,343.99,1031.97,Africa
17886,2024-06-26,Books,The Psychology of Money,2,18.64,37.28,Oceania
17887,2025-01-01,Electronics,Apple Watch Series 9,18,428.53,7713.54,North America
17888,2024-10-07,Clothing,Nike Air Force 1,1,93.62,93.62,Africa
17889,2024-06-11,Home Appliances,LG Front Load Washer,16,971.33,15541.28,South America
17890,2024-05-07,Home Appliances,KitchenAid Stand Mixer,11,474.24,5216.64,South America
17891,2024-06-25,Electronics,Google Pixel 8 Pro,11,1062.65,11689.15,Europe
17892,2025-05-09,Sports,Bowflex Adjustable Dumbbells,8,408.58,3268.64,Asia
17893,2024-07-04,Home Appliances,Keurig K-Elite Coffee Maker,16,177.19,2835.04,Middle East
17894,2025-10-30,Electronics,iPhone 14 Pro,13,1067.63,13879.19,Europe
17895,2025-02-05,Sports,Wilson Evolution Basketball,10,31.21,312.10,Europe
17896,2025-06-28,Sports,Callaway Golf Club Set,3,884.11,2652.33,Middle East
17897,2025-12-28,Clothing,Vans Old Skool Sneakers,4,81.14,324.56,Africa
17898,2024-09-18,Sports,Babolat Pure Drive Tennis Racket,2,208.37,416.74,Oceania
17899,2024-02-02,Electronics,iPhone 14 Pro,16,1030.12,16481.92,Middle East
17900,2025-07-28,Electronics,Samsung Galaxy Tab S8,5,811.95,4059.75,Middle East
17901,2025-08-05,Beauty Products,Maybelline Makeup Kit,14,48.57,679.98,Oceania
17902,2024-11-20,Sports,Wilson Evolution Basketball,16,30.51,488.16,Europe
17903,2024-10-19,Home Appliances,Keurig K-Elite Coffee Maker,2,191.05,382.10,Asia
17904,2025-04-05,Beauty Products,Clinique Moisture Surge,12,44.79,537.48,Africa
17905,2025-02-21,Books,Dune by Frank Herbert,4,24.66,98.64,Europe
17906,2024-10-12,Home Appliances,Blueair Classic 480i,9,618.92,5570.28,North America
17907,2024-09-14,Books,Deep Work,3,17.29,51.87,Europe
17908,2025-05-24,Electronics,MacBook Pro 16-inch,15,2465.11,36976.65,Africa
17909,2025-04-23,Home Appliances,Keurig K-Elite Coffee Maker,16,181.54,2904.64,South America
17910,2025-03-20,Books,"Salt, Fat, Acid, Heat by Samin Nosrat",10,34.82,348.20,Middle East
17911,2024-12-24,Electronics,Garmin Forerunner 945,9,529.32,4763.88,North America
17912,2025-02-09,Sports,Bowflex Adjustable Dumbbells,19,455.83,8660.77,Asia
17913,2024-03-23,Electronics,Sony WH-1000XM5 Headphones,20,380.12,7602.40,Africa
17914,2024-06-18,Books,The Psychology of Money,13,18.33,238.29,South America
17915,2025-01-21,Home Appliances,LG Front Load Washer,20,892.20,17844.00,Middle East
17916,2024-08-02,Books,Deep Work,6,18.81,112.86,Middle East
17917,2024-04-03,Clothing,Calvin Klein Slim Fit Shirt,8,92.36,738.88,Oceania
17918,2024-10-04,Beauty Products,L'Oreal Revitalift Cream,14,32.45,454.30,South America
17919,2025-02-06,Electronics,Canon EOS R10 Camera,1,913.04,913.04,Africa
17920,2025-02-16,Electronics,Apple Watch Series 9,15,460.58,6908.70,Middle East
17921,2024-01-20,Books,Deep Work,4,19.03,76.12,North America
17922,2024-09-09,Electronics,Garmin Forerunner 945,19,506.61,9625.59,Asia
17923,2024-05-09,Beauty Products,Dyson Supersonic Hair Dryer,18,461.44,8305.92,Oceania
17924,2025-08-08,Beauty Products,Maybelline Makeup Kit,11,53.72,590.92,Middle East
17925,2024-10-10,Beauty Products,Neutrogena Skincare Set,10,81.55,815.50,North America
17926,2025-07-11,Sports,Bowflex Adjustable Dumbbells,10,461.36,4613.60,Asia
17927,2024-10-31,Clothing,Calvin Klein Slim Fit Shirt,7,88.91,622.37,South America
17928,2024-02-23,Sports,Everlast Boxing Gloves,10,49.88,498.80,Middle East
17929,2025-07-24,Sports,Everlast Boxing Gloves,19,51.56,979.64,Africa
17930,2024-08-07,Beauty Products,Dyson Supersonic Hair Dryer,5,460.96,2304.80,Oceania
17931,2025-01-23,Home Appliances,Samsung Smart Refrigerator,10,2062.86,20628.60,Africa
17932,2024-01-27,Electronics,Apple Watch Series 9,1,461.50,461.50,Europe
17933,2024-09-02,Home Appliances,Keurig K-Elite Coffee Maker,16,181.22,2899.52,Africa
17934,2024-02-23,Home Appliances,Keurig K-Elite Coffee Maker,19,174.68,3318.92,Middle East
17935,2024-08-13,Beauty Products,L'Oreal Revitalift Cream,4,30.07,120.28,Oceania
17936,2025-05-08,Electronics,Samsung Galaxy Tab S8,15,766.88,11503.20,South America
17937,2024-08-10,Books,Sapiens,17,23.41,397.97,Europe
17938,2024-01-06,Clothing,Adidas Ultraboost Shoes,15,195.29,2929.35,Asia
17939,2024-01-18,Clothing,Vans Old Skool Sneakers,6,74.02,444.12,South America
17940,2024-04-15,Clothing,Puma Sports Hoodie,2,79.56,159.12,Asia
17941,2025-07-15,Books,The Psychology of Money,15,19.37,290.55,South America
17942,2024-03-08,Beauty Products,The Ordinary Serum Set,1,36.55,36.55,Oceania
17943,2025-01-11,Electronics,Nintendo Switch OLED,20,379.20,7584.00,South America
17944,2024-05-29,Home Appliances,Dyson V11 Vacuum,4,527.03,2108.12,South America
17945,2025-08-28,Home Appliances,LG Front Load Washer,1,934.70,934.70,South America
17946,2025-04-17,Home Appliances,Instant Pot Duo 7-in-1,13,128.59,1671.67,Africa
17947,2025-07-13,Home Appliances,iRobot Roomba j7,12,683.74,8204.88,North America
17948,2025-01-30,Electronics,Google Pixel 8 Pro,5,917.41,4587.05,North America
17949,2024-09-09,Clothing,North Face Down Jacket,11,252.71,2779.81,South America
17950,2025-06-04,Sports,Adidas FIFA Soccer Ball,9,42.23,380.07,Oceania
17951,2024-04-15,Books,The Alchemist,10,13.58,135.80,Europe
17952,2025-03-03,Home Appliances,Instant Pot Duo 7-in-1,9,119.06,1071.54,Oceania
17953,2024-08-29,Clothing,Nike Air Force 1,6,84.31,505.86,Oceania
17954,2024-01-29,Books,Dune by Frank Herbert,16,27.94,447.04,Asia
17955,2025-05-20,Home Appliances,Blueair Classic 480i,4,573.09,2292.36,Europe
17956,2024-01-26,Clothing,North Face Down Jacket,18,257.27,4630.86,Middle East
17957,2024-05-12,Home Appliances,Dyson V11 Vacuum,14,499.89,6998.46,Oceania
17958,2025-12-30,Clothing,Nike Air Force 1,3,95.42,286.26,Africa
17959,2024-02-16,Clothing,Adidas Ultraboost Shoes,20,190.98,3819.60,South America
17960,2024-06-29,Beauty Products,Maybelline Makeup Kit,17,53.39,907.63,Asia
17961,2024-09-27,Beauty Products,CeraVe Hydrating Cleanser,8,19.45,155.60,Africa
17962,2025-06-25,Clothing,Columbia Rain Jacket,6,135.88,815.28,Asia
17963,2024-04-19,Clothing,Vans Old Skool Sneakers,3,86.89,260.67,Africa
17964,2024-02-16,Books,The Alchemist,14,12.40,173.60,Middle East
17965,2024-11-29,Books,The Hobbit,11,14.75,162.25,Africa
17966,2024-01-29,Clothing,Calvin Klein Slim Fit Shirt,16,81.69,1307.04,North America
17967,2024-08-31,Home Appliances,LG Front Load Washer,14,827.99,11591.86,Oceania
17968,2024-05-23,Home Appliances,Philips Air Fryer XXL,11,238.16,2619.76,Oceania
17969,2025-11-24,Books,"Salt, Fat, Acid, Heat by Samin Nosrat",6,33.08,198.48,Africa
17970,2024-04-16,Electronics,Garmin Forerunner 945,3,479.34,1438.02,Asia
17971,2024-06-24,Electronics,Sony WH-1000XM5 Headphones,12,402.00,4824.00,South America
17972,2025-08-10,Home Appliances,Keurig K-Elite Coffee Maker,7,194.85,1363.95,South America
17973,2024-12-15,Clothing,Nike Air Force 1,14,93.04,1302.56,Africa
17974,2024-04-22,Books,The Alchemist,9,13.80,124.20,Africa
17975,2024-05-15,Beauty Products,CeraVe Hydrating Cleanser,15,20.55,308.25,Oceania
17976,2025-08-21,Books,Deep Work,16,20.23,323.68,South America
17977,2025-01-02,Home Appliances,LG Front Load Washer,9,812.37,7311.33,Oceania
17978,2024-01-25,Home Appliances,Ninja Professional Blender,14,108.74,1522.36,North America
17979,2025-03-30,Home Appliances,KitchenAid Stand Mixer,10,443.05,4430.50,South America
17980,2024-06-23,Books,"Salt, Fat, Acid, Heat by Samin Nosrat",7,30.20,211.40,North America
17981,2025-11-23,Electronics,Canon EOS R10 Camera,9,1070.88,9637.92,North America
17982,2024-02-10,Clothing,Columbia Rain Jacket,19,124.56,2366.64,South America
17983,2025-06-30,Books,Deep Work,12,17.84,214.08,Middle East
17984,2025-11-24,Sports,Fitbit Charge 6,14,173.76,2432.64,Africa
17985,2024-08-09,Home Appliances,Samsung Smart Refrigerator,13,1936.10,25169.30,Africa
17986,2024-05-03,Clothing,Columbia Rain Jacket,14,141.42,1979.88,Oceania
17987,2024-06-20,Electronics,Apple Watch Series 9,10,419.82,4198.20,North America
17988,2025-08-08,Clothing,Columbia Rain Jacket,7,135.29,947.03,South America
17989,2024-07-08,Electronics,Garmin Forerunner 945,10,510.42,5104.20,North America
17990,2024-02-24,Books,Clean Code,19,42.61,809.59,Oceania
17991,2024-12-02,Electronics,Samsung Galaxy Tab S8,9,759.19,6832.71,Middle East
17992,2024-12-15,Clothing,Levi's 501 Jeans,17,72.92,1239.64,Asia
17993,2024-10-13,Books,Atomic Habits,2,18.32,36.64,North America
17994,2025-07-17,Clothing,Patagonia Fleece Jacket,7,162.82,1139.74,Middle East
17995,2025-06-27,Books,The Psychology of Money,14,18.19,254.66,Oceania
17996,2024-08-28,Beauty Products,Dyson Supersonic Hair Dryer,14,407.58,5706.12,North America
17997,2024-04-12,Books,The Da Vinci Code,14,14.79,207.06,North America
17998,2024-05-08,Home Appliances,Instant Pot Duo 7-in-1,17,134.51,2286.67,North America
17999,2024-09-29,Beauty Products,Olaplex Hair Repair Set,6,65.43,392.58,Africa
18000,2024-05-14,Beauty Products,The Ordinary Serum Set,14,40.19,562.66,South America
18001,2024-11-12,Sports,Callaway Golf Club Set,13,877.85,11412.05,Europe
18002,2024-04-29,Books,Dune by Frank Herbert,8,28.34,226.72,North America
18003,2025-05-06,Sports,Bowflex Adjustable Dumbbells,17,419.52,7131.84,Oceania
18004,2024-05-29,Clothing,Nike Air Force 1,11,95.69,1052.59,Middle East
18005,2025-04-30,Beauty Products,Olaplex Hair Repair Set,18,57.16,1028.88,Europe
18006,2024-07-03,Beauty Products,Neutrogena Skincare Set,15,86.21,1293.15,North America
18007,2024-06-13,Books,The Alchemist,7,14.13,98.91,South America
18008,2025-08-21,Clothing,Nike Air Force 1,14,88.92,1244.88,Oceania
18009,2025-05-22,Sports,Everlast Boxing Gloves,5,50.66,253.30,Oceania
18010,2024-12-19,Clothing,North Face Down Jacket,4,273.59,1094.36,Oceania
18011,2025-03-04,Home Appliances,Blueair Classic 480i,20,616.57,12331.40,Africa
18012,2024-06-26,Electronics,Canon EOS R10 Camera,9,917.96,8261.64,Africa
18013,2024-11-05,Beauty Products,The Ordinary Serum Set,19,39.34,747.46,Oceania
18014,2024-04-17,Clothing,North Face Down Jacket,5,250.34,1251.70,South America
18015,2024-01-09,Books,The Psychology of Money,10,19.53,195.30,Africa
18016,2025-09-29,Books,The Hobbit,11,15.85,174.35,Europe
18017,2024-03-19,Electronics,Sony WH-1000XM5 Headphones,1,399.14,399.14,Oceania
18018,2025-12-02,Beauty Products,Dyson Supersonic Hair Dryer,16,456.95,7311.20,North America
18019,2025-12-26,Books,The Hobbit,7,15.06,105.42,Africa
18020,2025-06-25,Clothing,Vans Old Skool Sneakers,20,81.37,1627.40,North America
18021,2024-09-09,Sports,Manduka PRO Yoga Mat,9,123.42,1110.78,North America
18022,2024-10-31,Beauty Products,Neutrogena Skincare Set,15,88.81,1332.15,Asia
18023,2025-06-21,Beauty Products,The Ordinary Serum Set,18,43.73,787.14,Asia
18024,2025-09-13,Home Appliances,Blueair Classic 480i,9,600.37,5403.33,Middle East
18025,2024-05-29,Home Appliances,Ninja Professional Blender,13,94.50,1228.50,Middle East
18026,2024-10-10,Books,The Da Vinci Code,5,15.28,76.40,Oceania
18027,2024-11-18,Clothing,Under Armour Training Shirt,1,37.83,37.83,South America
18028,2024-06-01,Books,Sapiens,3,23.47,70.41,Asia
18029,2025-04-06,Electronics,Garmin Forerunner 945,20,463.04,9260.80,Europe
18030,2025-09-14,Beauty Products,Neutrogena Skincare Set,2,95.02,190.04,South America
18031,2025-04-19,Electronics,iPhone 14 Pro,9,1072.93,9656.37,South America
18032,2025-01-31,Home Appliances,Samsung Smart Refrigerator,2,1881.40,3762.80,Oceania
18033,2025-07-12,Clothing,Vans Old Skool Sneakers,5,87.24,436.20,Europe
18034,2024-02-22,Clothing,Calvin Klein Slim Fit Shirt,11,85.66,942.26,Asia
18035,2025-09-12,Beauty Products,Clinique Moisture Surge,7,47.38,331.66,South America
18036,2024-06-07,Beauty Products,Dyson Supersonic Hair Dryer,20,441.68,8833.60,Middle East
18037,2024-04-19,Home Appliances,iRobot Roomba j7,16,629.81,10076.96,Middle East
18038,2025-07-09,Electronics,Sony WH-1000XM5 Headphones,9,366.55,3298.95,North America
18039,2024-06-16,Sports,Hydro Flask Sports Bottle,3,38.70,116.10,Africa
18040,2024-12-29,Clothing,Puma Sports Hoodie,7,81.09,567.63,Africa
18041,2024-10-25,Beauty Products,Olaplex Hair Repair Set,18,57.58,1036.44,Oceania
18042,2025-11-25,Books,Deep Work,5,18.71,93.55,Middle East
18043,2024-04-28,Sports,Babolat Pure Drive Tennis Racket,4,215.94,863.76,Middle East
18044,2024-08-05,Electronics,Canon EOS R10 Camera,7,981.43,6870.01,Oceania
18045,2024-05-14,Beauty Products,Maybelline Makeup Kit,18,50.75,913.50,Middle East
18046,2025-07-02,Books,"Salt, Fat, Acid, Heat by Samin Nosrat",4,35.99,143.96,Africa
18047,2024-07-28,Home Appliances,Instant Pot Duo 7-in-1,20,131.06,2621.20,North America
18048,2024-01-10,Home Appliances,Samsung Smart Refrigerator,7,1727.07,12089.49,South America
18049,2025-06-29,Sports,Wilson Evolution Basketball,7,31.70,221.90,Europe
18050,2025-09-20,Home Appliances,Instant Pot Duo 7-in-1,8,126.96,1015.68,Africa
18051,2025-11-22,Home Appliances,Keurig K-Elite Coffee Maker,14,187.17,2620.38,Africa
18052,2025-11-05,Beauty Products,Clinique Moisture Surge,4,41.29,165.16,Oceania
18053,2025-10-31,Clothing,Puma Sports Hoodie,2,77.22,154.44,Europe
18054,2025-05-29,Beauty Products,L'Oreal Revitalift Cream,4,27.09,108.36,Europe
18055,2025-09-10,Books,Dune by Frank Herbert,17,26.01,442.17,Asia
18056,2024-05-07,Home Appliances,Instant Pot Duo 7-in-1,13,130.70,1699.10,South America
18057,2025-12-15,Books,Dune by Frank Herbert,16,24.18,386.88,Europe
18058,2024-01-21,Clothing,North Face Down Jacket,19,265.91,5052.29,Middle East
18059,2025-07-27,Books,The Da Vinci Code,1,15.95,15.95,North America
18060,2025-12-19,Sports,Wilson Evolution Basketball,20,32.82,656.40,Middle East
18061,2024-03-03,Beauty Products,Neutrogena Skincare Set,8,97.54,780.32,South America
18062,2024-02-13,Sports,Wilson Evolution Basketball,2,28.85,57.70,Middle East
18063,2024-10-09,Home Appliances,LG Front Load Washer,15,945.84,14187.60,Europe
18064,2025-02-06,Sports,Fitbit Charge 6,18,172.51,3105.18,North America
18065,2024-05-31,Beauty Products,CeraVe Hydrating Cleanser,10,20.21,202.10,Oceania
18066,2024-10-14,Beauty Products,The Ordinary Serum Set,19,43.95,835.05,Europe
18067,2024-10-03,Clothing,Nike Air Force 1,15,83.71,1255.65,South America
18068,2025-04-04,Sports,Manduka PRO Yoga Mat,17,126.66,2153.22,South America
18069,2025-06-06,Books,The Psychology of Money,19,16.56,314.64,Middle East
18070,2025-06-23,Electronics,Apple Watch Series 9,4,454.97,1819.88,North America
18071,2024-02-11,Books,"Salt, Fat, Acid, Heat by Samin Nosrat",4,35.76,143.04,North America
18072,2024-09-10,Home Appliances,Keurig K-Elite Coffee Maker,9,202.14,1819.26,North America
18073,2024-02-09,Beauty Products,The Ordinary Serum Set,15,43.69,655.35,Europe
18074,2025-06-06,Beauty Products,Dyson Supersonic Hair Dryer,12,449.03,5388.36,North America
18075,2024-01-05,Electronics,Dell XPS 13 Laptop,18,1194.63,21503.34,Asia
18076,2024-05-25,Home Appliances,Samsung Smart Refrigerator,19,1971.70,37462.30,Middle East
18077,2025-12-15,Books,The Hobbit,6,13.75,82.50,Europe
18078,2024-08-20,Home Appliances,Dyson V11 Vacuum,17,476.93,8107.81,Asia
18079,2025-06-11,Home Appliances,Blueair Classic 480i,12,540.73,6488.76,North America
18080,2024-08-12,Books,Deep Work,14,18.61,260.54,South America
18081,2025-09-28,Books,The Hobbit,1,13.77,13.77,Middle East
18082,2024-03-20,Books,Clean Code,6,38.63,231.78,Middle East
18083,2025-03-08,Home Appliances,iRobot Roomba j7,19,620.71,11793.49,Europe
18084,2024-10-30,Beauty Products,Clinique Moisture Surge,15,43.74,656.10,Africa
18085,2024-12-20,Books,Deep Work,1,18.85,18.85,Africa
18086,2024-07-27,Home Appliances,Keurig K-Elite Coffee Maker,6,174.07,1044.42,Oceania
18087,2024-12-15,Electronics,Dell XPS 13 Laptop,9,1376.75,12390.75,Asia
18088,2024-06-26,Electronics,Nintendo Switch OLED,7,315.33,2207.31,Africa
18089,2025-08-10,Clothing,Columbia Rain Jacket,1,127.81,127.81,Middle East
18090,2025-03-15,Beauty Products,Neutrogena Skincare Set,18,82.83,1490.94,South America
18091,2025-07-02,Beauty Products,The Ordinary Serum Set,16,37.84,605.44,North America
18092,2024-10-04,Home Appliances,Blueair Classic 480i,4,557.73,2230.92,Asia
18093,2024-07-17,Beauty Products,MAC Lipstick Collection,14,80.46,1126.44,Asia
18094,2025-08-10,Beauty Products,Neutrogena Skincare Set,15,98.77,1481.55,Middle East
18095,2024-12-24,Clothing,Columbia Rain Jacket,9,122.75,1104.75,Europe
18096,2025-01-30,Books,Atomic Habits,2,19.86,39.72,South America
18097,2025-11-13,Books,The Psychology of Money,2,16.24,32.48,Africa
18098,2024-03-17,Clothing,Levi's 501 Jeans,6,68.61,411.66,Africa
18099,2024-09-03,Sports,Bowflex Adjustable Dumbbells,2,437.29,874.58,Asia
18100,2025-06-12,Clothing,Adidas Ultraboost Shoes,1,186.23,186.23,South America
18101,2024-03-29,Sports,Fitbit Charge 6,10,158.52,1585.20,Africa
18102,2025-09-17,Books,The Da Vinci Code,11,16.92,186.12,Oceania
18103,2025-07-27,Electronics,Google Pixel 8 Pro,12,1052.36,12628.32,South America
18104,2024-09-12,Books,The Hobbit,9,15.53,139.77,Middle East
18105,2025-08-25,Home Appliances,KitchenAid Stand Mixer,16,430.37,6885.92,North America
18106,2025-03-17,Clothing,Nike Air Force 1,11,89.89,988.79,Africa
18107,2025-12-23,Clothing,Levi's 501 Jeans,18,70.00,1260.00,North America
18108,2024-12-05,Beauty Products,Maybelline Makeup Kit,9,49.21,442.89,Oceania
18109,2025-04-16,Sports,Bowflex Adjustable Dumbbells,2,391.12,782.24,Oceania
18110,2024-06-17,Electronics,MacBook Pro 16-inch,10,2335.26,23352.60,Middle East
18111,2025-10-04,Books,Deep Work,20,17.44,348.80,Africa
18112,2024-02-21,Books,The Hobbit,7,16.24,113.68,North America
18113,2024-02-02,Books,The Hobbit,16,15.10,241.60,Asia
18114,2025-06-22,Beauty Products,CeraVe Hydrating Cleanser,10,20.57,205.70,South America
18115,2025-12-27,Books,The Da Vinci Code,5,15.22,76.10,Europe
18116,2024-10-20,Sports,Callaway Golf Club Set,11,830.29,9133.19,South America
18117,2025-07-10,Beauty Products,Dyson Supersonic Hair Dryer,11,402.54,4427.94,Asia
18118,2024-09-06,Sports,Spalding Volleyball,12,36.74,440.88,North America
18119,2024-06-11,Electronics,Sony WH-1000XM5 Headphones,18,397.72,7158.96,Africa
18120,2024-02-09,Books,The Da Vinci Code,18,15.25,274.50,Asia
18121,2024-08-14,Clothing,Nike Air Force 1,19,94.77,1800.63,Asia
18122,2025-07-25,Clothing,Calvin Klein Slim Fit Shirt,4,82.96,331.84,Middle East
18123,2025-04-18,Books,The Da Vinci Code,20,16.08,321.60,Africa
18124,2025-09-05,Books,"Salt, Fat, Acid, Heat by Samin Nosrat",5,31.83,159.15,North America
18125,2025-04-25,Clothing,Vans Old Skool Sneakers,18,77.42,1393.56,North America
18126,2025-12-11,Sports,Bowflex Adjustable Dumbbells,2,396.21,792.42,South America
18127,2024-07-23,Beauty Products,Olaplex Hair Repair Set,6,58.17,349.02,Europe
18128,2024-10-25,Beauty Products,Olaplex Hair Repair Set,15,62.67,940.05,South America
18129,2024-01-07,Sports,Bowflex Adjustable Dumbbells,8,425.15,3401.20,South America
18130,2025-05-26,Sports,Manduka PRO Yoga Mat,18,127.36,2292.48,Middle East
18131,2024-02-12,Electronics,Google Pixel 8 Pro,5,985.50,4927.50,South America
18132,2025-11-20,Sports,Manduka PRO Yoga Mat,17,113.49,1929.33,Europe
18133,2025-07-11,Electronics,Samsung Galaxy Tab S8,11,760.44,8364.84,Africa
18134,2024-01-29,Sports,Bowflex Adjustable Dumbbells,7,436.56,3055.92,Middle East
18135,2024-08-13,Electronics,iPhone 14 Pro,14,1017.15,14240.10,Oceania
18136,2024-03-11,Electronics,Garmin Forerunner 945,13,498.83,6484.79,Oceania
18137,2025-05-24,Home Appliances,Instant Pot Duo 7-in-1,9,127.71,1149.39,Africa
18138,2024-05-24,Clothing,Nike Air Force 1,8,93.32,746.56,Middle East
18139,2024-05-04,Beauty Products,Olaplex Hair Repair Set,11,54.00,594.00,Europe
18140,2025-08-09,Beauty Products,Dyson Supersonic Hair Dryer,16,396.77,6348.32,Africa
18141,2024-09-11,Home Appliances,Philips Air Fryer XXL,9,267.23,2405.07,Asia
18142,2025-10-07,Sports,Fitbit Charge 6,15,164.38,2465.70,Africa
18143,2024-08-26,Books,Dune by Frank Herbert,17,24.09,409.53,Asia
18144,2025-04-26,Electronics,Apple Watch Series 9,3,447.68,1343.04,Africa
18145,2024-09-20,Sports,Adidas FIFA Soccer Ball,10,40.88,408.80,Oceania
18146,2025-05-10,Sports,Spalding Volleyball,3,38.09,114.27,Africa
18147,2025-06-16,Home Appliances,Keurig K-Elite Coffee Maker,14,173.44,2428.16,Africa
18148,2024-07-26,Electronics,Canon EOS R10 Camera,8,1019.28,8154.24,North America
18149,2024-06-04,Sports,Babolat Pure Drive Tennis Racket,19,184.37,3503.03,Oceania
18150,2024-02-29,Beauty Products,Chanel No. 5 Perfume,9,120.25,1082.25,Africa
18151,2024-03-15,Clothing,Patagonia Fleece Jacket,19,163.84,3112.96,Asia
18152,2024-11-04,Beauty Products,Chanel No. 5 Perfume,2,127.57,255.14,North America
18153,2024-06-23,Sports,Fitbit Charge 6,5,150.22,751.10,Africa
18154,2024-02-26,Clothing,Columbia Rain Jacket,6,135.17,811.02,Africa
18155,2025-03-02,Beauty Products,Maybelline Makeup Kit,2,48.54,97.08,North America
18156,2024-10-12,Sports,Hydro Flask Sports Bottle,4,43.43,173.72,South America
18157,2024-03-24,Electronics,MacBook Pro 16-inch,1,2672.92,2672.92,South America
18158,2024-06-27,Home Appliances,Dyson V11 Vacuum,19,493.82,9382.58,North America
18159,2025-04-06,Home Appliances,Dyson V11 Vacuum,14,489.51,6853.14,Oceania
18160,2025-01-16,Books,The Hobbit,15,14.80,222.00,Africa
18161,2024-08-10,Beauty Products,Maybelline Makeup Kit,18,54.95,989.10,Europe
18162,2025-04-12,Clothing,Calvin Klein Slim Fit Shirt,11,81.05,891.55,Middle East
18163,2025-08-20,Clothing,Puma Sports Hoodie,20,67.78,1355.60,Europe
18164,2025-06-03,Sports,Everlast Boxing Gloves,15,52.41,786.15,South America
18165,2025-02-15,Beauty Products,Neutrogena Skincare Set,1,81.59,81.59,South America
18166,2025-10-09,Books,Sapiens,10,22.96,229.60,North America
18167,2024-07-21,Electronics,Nintendo Switch OLED,11,362.55,3988.05,Africa
18168,2025-12-27,Home Appliances,Blueair Classic 480i,1,601.65,601.65,Middle East
18169,2024-04-29,Sports,Spalding Volleyball,13,32.67,424.71,Middle East
18170,2024-11-04,Sports,Hydro Flask Sports Bottle,6,40.30,241.80,South America
18171,2024-01-19,Beauty Products,L'Oreal Revitalift Cream,18,27.78,500.04,North America
18172,2024-05-29,Sports,Adidas FIFA Soccer Ball,12,43.71,524.52,South America
18173,2024-03-16,Sports,Callaway Golf Club Set,8,884.84,7078.72,South America
18174,2025-07-26,Home Appliances,Ninja Professional Blender,9,96.61,869.49,South America
18175,2024-03-17,Books,Dune by Frank Herbert,9,27.02,243.18,Oceania
18176,2024-03-27,Clothing,Calvin Klein Slim Fit Shirt,20,86.05,1721.00,Africa
18177,2025-03-22,Home Appliances,Instant Pot Duo 7-in-1,20,117.69,2353.80,South America
18178,2025-09-10,Sports,Babolat Pure Drive Tennis Racket,7,189.39,1325.73,Europe
18179,2024-11-06,Books,Clean Code,6,41.21,247.26,Africa
18180,2024-07-04,Home Appliances,Keurig K-Elite Coffee Maker,12,205.20,2462.40,Europe
18181,2025-12-26,Electronics,iPhone 14 Pro,9,938.52,8446.68,Europe
18182,2024-04-17,Books,"Salt, Fat, Acid, Heat by Samin Nosrat",17,30.96,526.32,South America
18183,2025-05-21,Home Appliances,Keurig K-Elite Coffee Maker,16,206.79,3308.64,South America
18184,2025-06-24,Clothing,Vans Old Skool Sneakers,8,86.10,688.80,Africa
18185,2024-01-21,Home Appliances,Samsung Smart Refrigerator,16,1756.48,28103.68,Asia
18186,2024-06-09,Books,The Alchemist,19,12.43,236.17,Africa
18187,2024-04-23,Sports,Spalding Volleyball,9,38.24,344.16,North America
18188,2024-06-19,Beauty Products,Neutrogena Skincare Set,9,85.41,768.69,Asia
18189,2025-02-11,Home Appliances,KitchenAid Stand Mixer,17,468.01,7956.17,North America
18190,2024-09-02,Clothing,Adidas Ultraboost Shoes,8,174.50,1396.00,North America
18191,2025-05-25,Clothing,Nike Air Force 1,6,89.57,537.42,Africa
18192,2025-08-24,Electronics,Garmin Forerunner 945,12,511.30,6135.60,Middle East
18193,2025-07-05,Home Appliances,Keurig K-Elite Coffee Maker,3,199.36,598.08,Asia
18194,2025-07-13,Books,Dune by Frank Herbert,1,25.54,25.54,South America
18195,2025-11-11,Electronics,Canon EOS R10 Camera,16,945.17,15122.72,Europe
18196,2024-08-23,Sports,Adidas FIFA Soccer Ball,16,39.14,626.24,Oceania
18197,2025-11-30,Electronics,MacBook Pro 16-inch,8,2275.02,18200.16,Middle East
18198,2024-12-01,Books,Deep Work,3,20.86,62.58,Oceania
18199,2025-07-10,Books,The Psychology of Money,15,17.14,257.10,Africa
18200,2024-07-07,Electronics,Garmin Forerunner 945,20,533.43,10668.60,Asia
18201,2025-06-10,Home Appliances,Samsung Smart Refrigerator,10,1771.63,17716.30,North America
18202,2024-03-23,Books,Sapiens,7,23.72,166.04,Asia
18203,2024-10-04,Clothing,Adidas Ultraboost Shoes,20,199.74,3994.80,North America
18204,2025-12-25,Sports,Spalding Volleyball,2,31.88,63.76,Asia
18205,2025-01-05,Clothing,Calvin Klein Slim Fit Shirt,14,92.56,1295.84,Africa
18206,2025-02-19,Electronics,Apple Watch Series 9,9,428.09,3852.81,Africa
18207,2024-06-27,Sports,Spalding Volleyball,12,31.73,380.76,South America
18208,2025-10-17,Books,Sapiens,12,25.02,300.24,North America
18209,2024-12-12,Electronics,Garmin Forerunner 945,19,548.11,10414.09,Middle East
18210,2025-08-01,Books,The Hobbit,19,14.23,270.37,Asia
18211,2025-07-31,Home Appliances,Blueair Classic 480i,2,591.07,1182.14,North America
18212,2025-08-30,Beauty Products,L'Oreal Revitalift Cream,7,31.93,223.51,North America
18213,2024-11-25,Beauty Products,MAC Lipstick Collection,3,77.12,231.36,Asia
18214,2024-10-22,Home Appliances,Ninja Professional Blender,14,102.20,1430.80,Middle East
18215,2024-04-24,Clothing,Nike Air Force 1,3,89.37,268.11,Middle East
18216,2024-05-28,Home Appliances,iRobot Roomba j7,2,661.33,1322.66,South America
18217,2024-11-24,Books,The Hobbit,13,13.63,177.19,Europe
18218,2025-11-22,Beauty Products,Dyson Supersonic Hair Dryer,11,463.13,5094.43,Africa
18219,2025-09-09,Beauty Products,Maybelline Makeup Kit,9,47.03,423.27,Oceania
18220,2024-11-06,Books,Clean Code,6,40.94,245.64,Oceania
18221,2024-07-19,Electronics,Nintendo Switch OLED,17,347.27,5903.59,Oceania
18222,2024-01-09,Electronics,Dell XPS 13 Laptop,11,1232.16,13553.76,Europe
18223,2025-11-03,Clothing,Under Armour Training Shirt,3,41.15,123.45,South America
18224,2024-03-12,Sports,Wilson Evolution Basketball,11,31.05,341.55,Asia
18225,2025-07-02,Home Appliances,KitchenAid Stand Mixer,10,408.25,4082.50,Middle East
18226,2024-09-09,Home Appliances,Philips Air Fryer XXL,18,252.44,4543.92,Asia
18227,2024-04-25,Books,Deep Work,9,19.97,179.73,Africa
18228,2025-10-12,Sports,Babolat Pure Drive Tennis Racket,8,207.03,1656.24,South America
18229,2024-05-22,Electronics,iPhone 14 Pro,13,914.04,11882.52,South America
18230,2024-11-11,Home Appliances,LG Front Load Washer,10,904.29,9042.90,Oceania
18231,2025-11-13,Books,Dune by Frank Herbert,10,23.67,236.70,Middle East
18232,2025-05-03,Books,The Hobbit,1,16.18,16.18,Middle East
18233,2025-08-08,Clothing,Vans Old Skool Sneakers,4,75.47,301.88,Middle East
18234,2025-12-25,Beauty Products,Neutrogena Skincare Set,8,86.78,694.24,Europe
18235,2024-09-12,Clothing,Patagonia Fleece Jacket,9,168.69,1518.21,Asia
18236,2025-02-07,Home Appliances,Philips Air Fryer XXL,8,262.34,2098.72,Oceania
18237,2024-02-28,Home Appliances,Philips Air Fryer XXL,20,231.92,4638.40,Europe
18238,2024-03-07,Books,Clean Code,12,43.34,520.08,Oceania
18239,2025-04-09,Clothing,Columbia Rain Jacket,20,132.51,2650.20,South America
18240,2025-10-01,Clothing,Under Armour Training Shirt,3,42.64,127.92,Africa
18241,2025-01-23,Sports,Hydro Flask Sports Bottle,15,42.54,638.10,Oceania
18242,2025-04-30,Sports,Spalding Volleyball,9,34.24,308.16,Asia
18243,2024-04-17,Books,Dune by Frank Herbert,4,23.90,95.60,Europe
18244,2025-06-06,Clothing,Under Armour Training Shirt,7,43.42,303.94,Oceania
18245,2024-08-09,Clothing,Calvin Klein Slim Fit Shirt,3,91.79,275.37,Europe
18246,2025-05-12,Books,"Salt, Fat, Acid, Heat by Samin Nosrat",13,35.41,460.33,Middle East
18247,2025-04-29,Beauty Products,Neutrogena Skincare Set,16,98.04,1568.64,Europe
18248,2025-09-10,Electronics,Dell XPS 13 Laptop,14,1177.66,16487.24,Asia
18249,2025-11-19,Beauty Products,Dyson Supersonic Hair Dryer,11,471.17,5182.87,Europe
18250,2024-08-19,Sports,Babolat Pure Drive Tennis Racket,11,215.49,2370.39,North America
18251,2024-07-13,Electronics,Dell XPS 13 Laptop,5,1211.40,6057.00,Asia
18252,2025-09-22,Clothing,Levi's 501 Jeans,14,72.80,1019.20,South America
18253,2024-10-13,Home Appliances,Samsung Smart Refrigerator,4,1805.49,7221.96,North America
18254,2025-09-16,Electronics,MacBook Pro 16-inch,14,2253.61,31550.54,Oceania
18255,2025-01-18,Beauty Products,Clinique Moisture Surge,2,43.80,87.60,South America
18256,2024-11-30,Clothing,Calvin Klein Slim Fit Shirt,14,98.77,1382.78,Africa
18257,2025-02-18,Home Appliances,KitchenAid Stand Mixer,19,489.46,9299.74,Oceania
18258,2024-03-08,Electronics,Google Pixel 8 Pro,7,1013.36,7093.52,Middle East
18259,2025-05-02,Electronics,Nintendo Switch OLED,3,359.70,1079.10,North America
18260,2025-02-10,Beauty Products,Chanel No. 5 Perfume,16,119.41,1910.56,Oceania
18261,2024-05-08,Electronics,Nintendo Switch OLED,19,336.26,6388.94,Africa
18262,2024-11-06,Home Appliances,iRobot Roomba j7,1,663.31,663.31,Oceania
18263,2024-01-28,Clothing,Calvin Klein Slim Fit Shirt,11,84.17,925.87,Europe
18264,2024-12-02,Books,Sapiens,20,23.27,465.40,South America
18265,2025-12-30,Sports,Bowflex Adjustable Dumbbells,5,465.63,2328.15,Middle East
18266,2025-10-19,Books,"Salt, Fat, Acid, Heat by Samin Nosrat",10,35.12,351.20,South America
18267,2025-04-11,Electronics,MacBook Pro 16-inch,12,2697.71,32372.52,Asia
18268,2024-05-14,Books,Dune by Frank Herbert,18,25.25,454.50,South America
18269,2024-09-01,Books,The Alchemist,15,12.98,194.70,Middle East
18270,2024-04-11,Clothing,Columbia Rain Jacket,2,136.50,273.00,South America
18271,2025-01-30,Books,"Salt, Fat, Acid, Heat by Samin Nosrat",7,31.46,220.22,Europe
18272,2024-03-10,Clothing,Patagonia Fleece Jacket,16,196.51,3144.16,Europe
18273,2024-01-10,Books,The Alchemist,2,13.81,27.62,Europe
18274,2025-11-16,Home Appliances,Instant Pot Duo 7-in-1,18,141.70,2550.60,North America
18275,2025-04-14,Electronics,MacBook Pro 16-inch,16,2481.88,39710.08,Africa
18276,2025-12-09,Electronics,Dell XPS 13 Laptop,1,1366.12,1366.12,Europe
18277,2024-04-26,Books,Dune by Frank Herbert,13,25.84,335.92,Middle East
18278,2025-05-09,Clothing,Columbia Rain Jacket,13,138.19,1796.47,Asia
18279,2025-02-18,Home Appliances,Samsung Smart Refrigerator,17,1776.43,30199.31,Africa
18280,2025-01-09,Home Appliances,Keurig K-Elite Coffee Maker,18,189.25,3406.50,Europe
18281,2024-01-01,Home Appliances,Instant Pot Duo 7-in-1,20,137.56,2751.20,Oceania
18282,2025-05-21,Sports,Adidas FIFA Soccer Ball,19,38.05,722.95,Africa
18283,2025-07-07,Home Appliances,iRobot Roomba j7,1,650.14,650.14,Africa
18284,2025-07-31,Home Appliances,Samsung Smart Refrigerator,5,2055.01,10275.05,Europe
18285,2024-02-28,Beauty Products,Maybelline Makeup Kit,12,53.50,642.00,Oceania
18286,2025-04-09,Home Appliances,Samsung Smart Refrigerator,6,1842.54,11055.24,Middle East
18287,2025-04-01,Beauty Products,Chanel No. 5 Perfume,7,123.63,865.41,Europe
18288,2024-10-22,Home Appliances,LG Front Load Washer,1,926.02,926.02,Europe
18289,2024-04-11,Sports,Hydro Flask Sports Bottle,6,36.74,220.44,Asia
18290,2024-03-26,Home Appliances,iRobot Roomba j7,19,585.08,11116.52,North America
18291,2024-08-28,Home Appliances,iRobot Roomba j7,15,652.54,9788.10,Europe
18292,2024-05-10,Beauty Products,L'Oreal Revitalift Cream,15,31.64,474.60,North America
18293,2025-11-13,Books,Atomic Habits,1,21.76,21.76,Europe
18294,2025-09-20,Electronics,Apple Watch Series 9,2,391.14,782.28,Africa
18295,2024-02-14,Home Appliances,KitchenAid Stand Mixer,13,416.83,5418.79,Middle East
18296,2025-10-29,Home Appliances,Blueair Classic 480i,16,582.74,9323.84,Oceania
18297,2024-07-18,Beauty Products,Neutrogena Skincare Set,9,95.64,860.76,North America
18298,2025-01-21,Beauty Products,Chanel No. 5 Perfume,12,130.58,1566.96,South America
18299,2024-11-10,Clothing,Columbia Rain Jacket,19,136.63,2595.97,Europe
18300,2025-12-27,Books,Clean Code,15,39.58,593.70,North America
18301,2025-07-10,Clothing,Columbia Rain Jacket,12,128.33,1539.96,South America
18302,2024-11-30,Electronics,Samsung Galaxy Tab S8,20,701.34,14026.80,Africa
18303,2025-10-03,Sports,Everlast Boxing Gloves,5,50.97,254.85,Asia
18304,2024-01-26,Beauty Products,L'Oreal Revitalift Cream,3,27.44,82.32,Oceania
18305,2025-07-10,Electronics,Samsung Galaxy Tab S8,4,706.93,2827.72,Asia
18306,2025-01-09,Electronics,MacBook Pro 16-inch,1,2423.68,2423.68,Oceania
18307,2024-10-11,Electronics,iPhone 14 Pro,9,986.07,8874.63,North America
18308,2024-07-19,Clothing,Calvin Klein Slim Fit Shirt,15,94.04,1410.60,Africa
18309,2024-01-05,Electronics,Garmin Forerunner 945,6,476.27,2857.62,Oceania
18310,2024-02-09,Sports,Babolat Pure Drive Tennis Racket,13,216.93,2820.09,Europe
18311,2024-11-27,Clothing,Nike Air Force 1,10,83.32,833.20,Africa
18312,2025-07-10,Beauty Products,The Ordinary Serum Set,1,39.21,39.21,Asia
18313,2024-03-24,Electronics,Dell XPS 13 Laptop,4,1313.00,5252.00,Oceania
18314,2025-12-30,Clothing,Nike Air Force 1,7,89.20,624.40,North America
18315,2025-06-30,Electronics,Google Pixel 8 Pro,20,982.82,19656.40,North America
18316,2024-01-17,Books,Dune by Frank Herbert,20,24.47,489.40,Africa
18317,2024-06-24,Home Appliances,Blueair Classic 480i,5,577.51,2887.55,Middle East
18318,2025-09-27,Sports,Wilson Evolution Basketball,10,27.42,274.20,Asia
18319,2024-09-20,Beauty Products,Clinique Moisture Surge,6,46.40,278.40,Oceania
18320,2024-09-23,Home Appliances,Ninja Professional Blender,14,106.29,1488.06,Oceania
18321,2024-06-11,Beauty Products,Neutrogena Skincare Set,8,95.86,766.88,Oceania
18322,2025-05-23,Clothing,Nike Air Force 1,1,90.30,90.30,Asia
18323,2024-10-18,Books,Dune by Frank Herbert,9,24.72,222.48,Asia
18324,2025-12-14,Books,Deep Work,3,18.36,55.08,Asia
18325,2025-11-05,Beauty Products,The Ordinary Serum Set,14,43.71,611.94,Oceania
18326,2025-01-03,Beauty Products,L'Oreal Revitalift Cream,4,31.91,127.64,North America
18327,2025-05-26,Home Appliances,Instant Pot Duo 7-in-1,5,138.99,694.95,North America
18328,2025-04-30,Home Appliances,Samsung Smart Refrigerator,15,1869.59,28043.85,North America
18329,2025-12-25,Clothing,Levi's 501 Jeans,17,68.86,1170.62,Europe
18330,2025-01-08,Beauty Products,Olaplex Hair Repair Set,16,63.03,1008.48,Asia
18331,2025-04-27,Electronics,Samsung Galaxy Tab S8,19,748.25,14216.75,Africa
18332,2025-08-06,Books,Clean Code,4,39.99,159.96,Europe
18333,2024-06-02,Beauty Products,L'Oreal Revitalift Cream,1,31.22,31.22,Europe
18334,2025-07-25,Home Appliances,Instant Pot Duo 7-in-1,15,122.77,1841.55,South America
18335,2024-09-05,Electronics,Dell XPS 13 Laptop,11,1363.53,14998.83,Asia
18336,2024-07-27,Clothing,Puma Sports Hoodie,13,78.29,1017.77,Asia
18337,2024-12-10,Home Appliances,iRobot Roomba j7,10,667.14,6671.40,North America
18338,2025-10-13,Home Appliances,Instant Pot Duo 7-in-1,13,136.51,1774.63,Middle East
18339,2025-01-13,Sports,Manduka PRO Yoga Mat,10,110.10,1101.00,Europe
18340,2024-11-25,Home Appliances,iRobot Roomba j7,18,646.95,11645.10,Europe
18341,2024-11-24,Clothing,Adidas Ultraboost Shoes,2,194.67,389.34,Asia
18342,2025-08-05,Beauty Products,Clinique Moisture Surge,12,41.99,503.88,South America
18343,2024-10-12,Books,Dune by Frank Herbert,2,25.90,51.80,South America
18344,2024-10-25,Clothing,Nike Air Force 1,9,97.90,881.10,Africa
18345,2024-08-17,Books,The Psychology of Money,1,18.21,18.21,Africa
18346,2024-10-04,Sports,Bowflex Adjustable Dumbbells,13,408.51,5310.63,Middle East
18347,2024-11-04,Beauty Products,MAC Lipstick Collection,16,79.86,1277.76,Europe
18348,2025-11-19,Sports,Callaway Golf Club Set,1,891.93,891.93,Oceania
18349,2024-10-31,Beauty Products,L'Oreal Revitalift Cream,20,29.91,598.20,Africa
18350,2025-07-12,Home Appliances,Instant Pot Duo 7-in-1,10,123.03,1230.30,Europe
18351,2025-10-14,Electronics,Sony WH-1000XM5 Headphones,9,399.32,3593.88,Oceania
18352,2025-01-17,Beauty Products,Maybelline Makeup Kit,6,51.63,309.78,North America
18353,2024-01-27,Home Appliances,Instant Pot Duo 7-in-1,8,136.30,1090.40,Africa
18354,2025-10-11,Books,Dune by Frank Herbert,15,28.55,428.25,North America
18355,2025-10-04,Clothing,Under Armour Training Shirt,11,43.15,474.65,South America
18356,2024-02-05,Clothing,Patagonia Fleece Jacket,1,184.43,184.43,Europe
18357,2025-09-29,Home Appliances,Philips Air Fryer XXL,1,246.68,246.68,Europe
18358,2025-03-28,Clothing,Calvin Klein Slim Fit Shirt,12,90.94,1091.28,Europe
18359,2025-09-13,Clothing,Nike Air Force 1,11,86.37,950.07,Middle East
18360,2025-03-30,Books,Atomic Habits,2,20.41,40.82,North America
18361,2025-05-31,Books,The Da Vinci Code,18,16.75,301.50,Asia
18362,2024-09-12,Beauty Products,Dyson Supersonic Hair Dryer,14,427.62,5986.68,North America
18363,2025-09-03,Beauty Products,Maybelline Makeup Kit,1,50.37,50.37,Europe
18364,2025-05-01,Sports,Wilson Evolution Basketball,14,29.62,414.68,Asia
18365,2024-11-21,Books,Sapiens,17,27.35,464.95,South America
18366,2024-03-06,Sports,Adidas FIFA Soccer Ball,6,36.77,220.62,Africa
18367,2024-09-19,Electronics,Samsung Galaxy Tab S8,15,693.99,10409.85,Middle East
18368,2025-12-20,Books,The Hobbit,15,13.73,205.95,Middle East
18369,2024-09-18,Books,The Psychology of Money,8,17.73,141.84,Europe
18370,2024-10-22,Clothing,Calvin Klein Slim Fit Shirt,14,92.37,1293.18,Oceania
18371,2025-02-19,Beauty Products,L'Oreal Revitalift Cream,10,28.36,283.60,South America
18372,2025-05-19,Electronics,Canon EOS R10 Camera,18,997.56,17956.08,Oceania
18373,2025-01-02,Sports,Babolat Pure Drive Tennis Racket,13,208.03,2704.39,Asia
18374,2025-05-26,Home Appliances,Philips Air Fryer XXL,13,264.77,3442.01,North America
18375,2025-12-09,Electronics,MacBook Pro 16-inch,17,2492.48,42372.16,Middle East
18376,2024-04-07,Sports,Manduka PRO Yoga Mat,2,118.55,237.10,South America
18377,2025-09-23,Electronics,Sony WH-1000XM5 Headphones,5,413.26,2066.30,South America
18378,2025-10-20,Home Appliances,Samsung Smart Refrigerator,15,1757.32,26359.80,Europe
18379,2024-05-12,Electronics,Canon EOS R10 Camera,1,948.80,948.80,Middle East
18380,2024-05-14,Sports,Manduka PRO Yoga Mat,5,130.78,653.90,Oceania
18381,2024-07-19,Beauty Products,Chanel No. 5 Perfume,13,120.96,1572.48,Oceania
18382,2024-09-10,Books,Sapiens,10,25.11,251.10,Africa
18383,2025-03-17,Electronics,iPhone 14 Pro,4,1041.58,4166.32,Africa
18384,2024-07-03,Beauty Products,MAC Lipstick Collection,17,84.66,1439.22,Oceania
18385,2025-01-19,Sports,Everlast Boxing Gloves,14,45.69,639.66,Oceania
18386,2025-02-16,Electronics,Samsung Galaxy Tab S8,17,799.57,13592.69,Europe
18387,2025-12-22,Home Appliances,Blueair Classic 480i,1,655.14,655.14,Middle East
18388,2024-01-06,Electronics,Sony WH-1000XM5 Headphones,10,431.53,4315.30,North America
18389,2025-08-23,Sports,Adidas FIFA Soccer Ball,7,42.05,294.35,Oceania
18390,2025-12-07,Home Appliances,Philips Air Fryer XXL,18,254.06,4573.08,Middle East
18391,2025-01-07,Electronics,Sony WH-1000XM5 Headphones,16,410.43,6566.88,North America
18392,2024-04-12,Clothing,Patagonia Fleece Jacket,9,168.67,1518.03,Oceania
18393,2024-09-27,Books,"Salt, Fat, Acid, Heat by Samin Nosrat",14,31.15,436.10,Asia
18394,2024-03-07,Home Appliances,KitchenAid Stand Mixer,5,468.37,2341.85,North America
18395,2024-04-16,Electronics,Samsung Galaxy Tab S8,17,690.64,11740.88,Africa
18396,2024-09-10,Sports,Bowflex Adjustable Dumbbells,6,466.62,2799.72,North America
18397,2024-11-02,Home Appliances,Ninja Professional Blender,18,106.48,1916.64,Middle East
18398,2025-10-23,Beauty Products,Neutrogena Skincare Set,13,88.38,1148.94,North America
18399,2025-01-21,Books,Clean Code,4,37.92,151.68,North America
18400,2025-06-10,Books,Sapiens,11,27.38,301.18,Middle East
18401,2025-08-05,Sports,Hydro Flask Sports Bottle,12,41.27,495.24,Africa
18402,2024-02-23,Beauty Products,L'Oreal Revitalift Cream,9,27.08,243.72,Middle East
18403,2025-06-23,Electronics,Dell XPS 13 Laptop,7,1189.69,8327.83,North America
18404,2024-03-21,Sports,Manduka PRO Yoga Mat,4,127.32,509.28,Africa
18405,2025-05-05,Home Appliances,Instant Pot Duo 7-in-1,19,141.22,2683.18,Europe
18406,2024-03-14,Electronics,iPhone 14 Pro,15,1065.83,15987.45,Oceania
18407,2025-04-13,Clothing,Calvin Klein Slim Fit Shirt,5,83.39,416.95,Europe
18408,2024-04-01,Electronics,MacBook Pro 16-inch,17,2334.84,39692.28,Europe
18409,2025-01-17,Home Appliances,Dyson V11 Vacuum,9,497.94,4481.46,Asia
18410,2024-06-18,Sports,Manduka PRO Yoga Mat,20,128.99,2579.80,North America
18411,2024-02-04,Sports,Fitbit Charge 6,11,152.60,1678.60,Europe
18412,2025-02-06,Clothing,Nike Air Force 1,11,90.27,992.97,Middle East
18413,2024-07-02,Beauty Products,L'Oreal Revitalift Cream,6,28.78,172.68,North America
18414,2025-04-03,Home Appliances,Dyson V11 Vacuum,15,547.00,8205.00,Africa
18415,2025-06-27,Home Appliances,iRobot Roomba j7,3,686.40,2059.20,Europe
18416,2025-02-14,Clothing,Under Armour Training Shirt,4,38.26,153.04,North America
18417,2025-05-22,Books,"Salt, Fat, Acid, Heat by Samin Nosrat",2,34.79,69.58,Oceania
18418,2025-06-30,Beauty Products,L'Oreal Revitalift Cream,3,30.05,90.15,South America
18419,2024-02-15,Sports,Spalding Volleyball,11,37.08,407.88,Middle East
18420,2025-08-23,Electronics,Sony WH-1000XM5 Headphones,8,379.44,3035.52,Asia
18421,2025-11-04,Clothing,Vans Old Skool Sneakers,1,78.51,78.51,North America
18422,2024-01-13,Sports,Fitbit Charge 6,16,165.53,2648.48,Oceania
18423,2024-12-20,Sports,Wilson Evolution Basketball,6,29.27,175.62,Middle East
18424,2025-02-10,Sports,Babolat Pure Drive Tennis Racket,11,218.56,2404.16,Africa
18425,2025-07-06,Clothing,Puma Sports Hoodie,16,71.64,1146.24,Oceania
18426,2024-07-23,Sports,Hydro Flask Sports Bottle,20,36.82,736.40,Europe
18427,2024-05-05,Books,Clean Code,16,42.78,684.48,Africa
18428,2024-05-21,Home Appliances,Blueair Classic 480i,5,582.91,2914.55,North America
18429,2025-12-06,Sports,Bowflex Adjustable Dumbbells,9,459.17,4132.53,South America
18430,2025-10-05,Clothing,Patagonia Fleece Jacket,15,197.69,2965.35,Oceania
18431,2024-06-05,Home Appliances,Philips Air Fryer XXL,12,266.95,3203.40,Europe
18432,2024-09-20,Sports,Spalding Volleyball,7,35.94,251.58,North America
18433,2025-11-21,Books,Dune by Frank Herbert,12,26.89,322.68,Oceania
18434,2025-03-22,Beauty Products,Chanel No. 5 Perfume,12,131.30,1575.60,Oceania
18435,2024-10-31,Home Appliances,iRobot Roomba j7,8,630.29,5042.32,North America
18436,2024-07-26,Home Appliances,Keurig K-Elite Coffee Maker,13,200.73,2609.49,Asia
18437,2025-09-30,Books,The Hobbit,7,14.13,98.91,Europe
18438,2024-06-17,Beauty Products,Neutrogena Skincare Set,7,84.05,588.35,Oceania
18439,2025-12-18,Beauty Products,Dyson Supersonic Hair Dryer,4,425.98,1703.92,North America
18440,2025-08-18,Books,Atomic Habits,8,21.61,172.88,North America
18441,2024-02-08,Sports,Babolat Pure Drive Tennis Racket,12,208.51,2502.12,Africa
18442,2024-06-20,Beauty Products,Chanel No. 5 Perfume,8,127.52,1020.16,Africa
18443,2024-05-29,Electronics,Nintendo Switch OLED,8,332.11,2656.88,Africa
18444,2025-01-01,Books,The Hobbit,6,14.40,86.40,Oceania
18445,2024-08-30,Beauty Products,CeraVe Hydrating Cleanser,8,17.61,140.88,Middle East
18446,2025-09-14,Clothing,Adidas Ultraboost Shoes,17,198.54,3375.18,South America
18447,2025-03-14,Home Appliances,Philips Air Fryer XXL,15,228.25,3423.75,Europe
18448,2024-11-28,Books,Sapiens,6,24.47,146.82,Oceania
18449,2025-06-12,Clothing,Under Armour Training Shirt,8,40.58,324.64,Middle East
18450,2024-12-02,Electronics,Dell XPS 13 Laptop,9,1390.85,12517.65,Europe
18451,2025-05-17,Sports,Everlast Boxing Gloves,8,48.35,386.80,North America
18452,2025-03-12,Beauty Products,L'Oreal Revitalift Cream,12,31.87,382.44,Asia
18453,2025-01-04,Sports,Adidas FIFA Soccer Ball,8,43.11,344.88,South America
18454,2025-12-28,Electronics,Sony WH-1000XM5 Headphones,15,406.01,6090.15,Middle East
18455,2024-05-24,Beauty Products,CeraVe Hydrating Cleanser,11,17.83,196.13,Oceania
18456,2024-11-05,Books,Atomic Habits,19,19.15,363.85,Asia
18457,2024-10-08,Sports,Wilson Evolution Basketball,15,32.08,481.20,Oceania
18458,2024-10-17,Electronics,Apple Watch Series 9,3,406.74,1220.22,Asia
18459,2025-07-26,Electronics,Canon EOS R10 Camera,11,924.81,10172.91,South America
18460,2025-11-01,Sports,Babolat Pure Drive Tennis Racket,5,211.55,1057.75,South America
18461,2025-12-04,Clothing,Under Armour Training Shirt,1,38.01,38.01,North America
18462,2024-06-01,Clothing,Nike Air Force 1,11,81.13,892.43,Oceania
18463,2025-01-08,Sports,Everlast Boxing Gloves,10,48.96,489.60,Asia
18464,2025-09-13,Home Appliances,Philips Air Fryer XXL,3,256.93,770.79,South America
18465,2024-03-01,Books,The Psychology of Money,9,18.44,165.96,Oceania
18466,2025-10-01,Sports,Manduka PRO Yoga Mat,7,110.29,772.03,Oceania
18467,2025-10-04,Home Appliances,Instant Pot Duo 7-in-1,9,117.57,1058.13,South America
18468,2025-11-18,Sports,Wilson Evolution Basketball,13,31.80,413.40,Africa
18469,2025-08-05,Sports,Everlast Boxing Gloves,8,47.90,383.20,Europe
18470,2024-07-03,Electronics,Google Pixel 8 Pro,17,1046.96,17798.32,Asia
18471,2024-04-06,Beauty Products,L'Oreal Revitalift Cream,20,30.93,618.60,South America
18472,2025-07-04,Sports,Manduka PRO Yoga Mat,10,125.19,1251.90,Africa
18473,2024-04-12,Electronics,Sony WH-1000XM5 Headphones,20,380.63,7612.60,Asia
18474,2024-02-08,Sports,Spalding Volleyball,17,34.90,593.30,Oceania
18475,2024-11-15,Sports,Bowflex Adjustable Dumbbells,5,452.82,2264.10,Africa
18476,2025-04-17,Sports,Spalding Volleyball,3,35.71,107.13,Middle East
18477,2024-09-04,Sports,Everlast Boxing Gloves,10,45.77,457.70,Africa
18478,2024-04-21,Beauty Products,Clinique Moisture Surge,19,41.47,787.93,Oceania
18479,2025-10-17,Books,The Psychology of Money,13,16.35,212.55,South America
18480,2025-07-13,Electronics,Garmin Forerunner 945,8,527.30,4218.40,Oceania
18481,2025-02-19,Beauty Products,Neutrogena Skincare Set,15,91.23,1368.45,Europe
18482,2024-02-11,Sports,Bowflex Adjustable Dumbbells,1,395.28,395.28,Oceania
18483,2025-02-19,Sports,Hydro Flask Sports Bottle,18,39.17,705.06,South America
18484,2024-07-17,Beauty Products,Olaplex Hair Repair Set,5,60.57,302.85,Oceania
18485,2024-08-01,Beauty Products,Dyson Supersonic Hair Dryer,16,453.89,7262.24,Asia
18486,2024-02-28,Books,Atomic Habits,15,20.15,302.25,Africa
18487,2024-01-22,Books,The Hobbit,1,14.61,14.61,Africa
18488,2025-05-17,Sports,Spalding Volleyball,18,36.59,658.62,Oceania
18489,2024-12-31,Electronics,Canon EOS R10 Camera,8,899.93,7199.44,North America
18490,2024-01-01,Clothing,Adidas Ultraboost Shoes,17,186.72,3174.24,North America
18491,2025-01-11,Home Appliances,Keurig K-Elite Coffee Maker,15,188.22,2823.30,Europe
18492,2025-02-05,Sports,Adidas FIFA Soccer Ball,17,42.09,715.53,South America
18493,2024-07-09,Sports,Callaway Golf Club Set,12,860.50,10326.00,Africa
18494,2024-02-05,Electronics,Garmin Forerunner 945,15,549.76,8246.40,North America
18495,2025-10-15,Home Appliances,Instant Pot Duo 7-in-1,10,138.92,1389.20,South America
18496,2025-03-13,Beauty Products,MAC Lipstick Collection,18,85.48,1538.64,Asia
18497,2025-12-02,Home Appliances,LG Front Load Washer,7,916.84,6417.88,Europe
18498,2024-11-18,Beauty Products,Olaplex Hair Repair Set,11,61.77,679.47,South America
18499,2025-11-05,Beauty Products,CeraVe Hydrating Cleanser,20,17.29,345.80,South America
18500,2024-05-26,Clothing,Patagonia Fleece Jacket,16,194.83,3117.28,South America
18501,2025-01-06,Electronics,Samsung Galaxy Tab S8,13,814.11,10583.43,Middle East
18502,2025-07-21,Sports,Wilson Evolution Basketball,20,27.40,548.00,South America
18503,2025-12-13,Electronics,iPhone 14 Pro,15,987.95,14819.25,South America
18504,2025-02-22,Beauty Products,CeraVe Hydrating Cleanser,5,19.14,95.70,Africa
18505,2025-02-25,Books,The Alchemist,14,13.17,184.38,Asia
18506,2024-12-02,Beauty Products,Neutrogena Skincare Set,13,92.70,1205.10,Asia
18507,2025-10-28,Home Appliances,KitchenAid Stand Mixer,9,466.94,4202.46,Africa
18508,2024-05-07,Books,Deep Work,17,18.84,320.28,Asia
18509,2025-03-19,Beauty Products,Maybelline Makeup Kit,13,50.12,651.56,Oceania
18510,2024-02-27,Home Appliances,iRobot Roomba j7,9,683.86,6154.74,Europe
18511,2025-02-25,Sports,Manduka PRO Yoga Mat,18,108.40,1951.20,Oceania
18512,2025-10-11,Home Appliances,Instant Pot Duo 7-in-1,19,141.74,2693.06,South America
18513,2025-09-18,Sports,Manduka PRO Yoga Mat,14,118.11,1653.54,Oceania
18514,2025-02-08,Clothing,Calvin Klein Slim Fit Shirt,2,87.66,175.32,Europe
18515,2024-03-16,Books,The Hobbit,1,15.60,15.60,Europe
18516,2025-04-17,Home Appliances,LG Front Load Washer,15,981.88,14728.20,Asia
18517,2025-04-28,Books,Deep Work,7,17.68,123.76,Africa
18518,2025-07-10,Home Appliances,Dyson V11 Vacuum,16,483.30,7732.80,Africa
18519,2025-01-04,Sports,Adidas FIFA Soccer Ball,7,39.89,279.23,Asia
18520,2024-12-22,Beauty Products,Neutrogena Skincare Set,18,85.63,1541.34,North America
18521,2025-09-09,Beauty Products,L'Oreal Revitalift Cream,7,29.13,203.91,Oceania
18522,2025-08-05,Sports,Manduka PRO Yoga Mat,8,114.18,913.44,Europe
18523,2024-10-04,Home Appliances,Samsung Smart Refrigerator,5,1716.55,8582.75,South America
18524,2024-05-13,Clothing,Columbia Rain Jacket,20,133.74,2674.80,North America
18525,2024-10-08,Books,The Hobbit,10,14.57,145.70,Oceania
18526,2024-08-09,Electronics,Samsung Galaxy Tab S8,13,800.45,10405.85,Oceania
18527,2024-06-26,Home Appliances,LG Front Load Washer,5,903.90,4519.50,Middle East
18528,2025-09-04,Books,The Alchemist,18,13.39,241.02,Oceania
18529,2024-05-26,Beauty Products,Chanel No. 5 Perfume,2,123.47,246.94,Asia
18530,2025-12-19,Beauty Products,CeraVe Hydrating Cleanser,10,17.55,175.50,Africa
18531,2024-05-09,Books,Dune by Frank Herbert,12,28.45,341.40,North America
18532,2024-09-07,Beauty Products,Dyson Supersonic Hair Dryer,11,443.47,4878.17,Africa
18533,2024-11-03,Electronics,Nintendo Switch OLED,20,344.56,6891.20,North America
18534,2025-10-16,Clothing,Levi's 501 Jeans,14,65.76,920.64,South America
18535,2025-05-26,Beauty Products,Maybelline Makeup Kit,20,52.88,1057.60,Asia
18536,2024-04-19,Sports,Manduka PRO Yoga Mat,8,110.20,881.60,North America
18537,2024-06-30,Clothing,Calvin Klein Slim Fit Shirt,19,94.44,1794.36,South America
18538,2024-03-21,Clothing,Levi's 501 Jeans,7,67.19,470.33,Oceania
18539,2024-12-29,Clothing,Under Armour Training Shirt,17,38.92,661.64,North America
18540,2025-03-29,Electronics,Nintendo Switch OLED,13,333.03,4329.39,Asia
18541,2024-01-16,Home Appliances,KitchenAid Stand Mixer,11,414.27,4556.97,Asia
18542,2025-09-15,Electronics,Dell XPS 13 Laptop,16,1311.93,20990.88,North America
18543,2024-10-26,Clothing,Puma Sports Hoodie,1,72.83,72.83,Middle East
18544,2025-04-27,Electronics,Garmin Forerunner 945,13,481.01,6253.13,Asia
18545,2025-05-20,Electronics,iPhone 14 Pro,16,1099.61,17593.76,South America
18546,2025-06-25,Electronics,Nintendo Switch OLED,9,371.31,3341.79,Middle East
18547,2024-11-04,Sports,Hydro Flask Sports Bottle,16,38.83,621.28,Africa
18548,2024-10-23,Home Appliances,Blueair Classic 480i,3,584.95,1754.85,Europe
18549,2024-11-20,Electronics,iPhone 14 Pro,17,967.53,16448.01,Europe
18550,2025-09-25,Sports,Hydro Flask Sports Bottle,12,39.88,478.56,Asia
18551,2024-07-07,Home Appliances,iRobot Roomba j7,4,649.15,2596.60,South America
18552,2024-03-14,Electronics,Canon EOS R10 Camera,10,933.29,9332.90,Africa
18553,2024-05-16,Beauty Products,Chanel No. 5 Perfume,2,140.58,281.16,Oceania
18554,2025-01-27,Books,"Salt, Fat, Acid, Heat by Samin Nosrat",4,29.93,119.72,Europe
18555,2025-04-19,Electronics,Google Pixel 8 Pro,15,969.00,14535.00,Oceania
18556,2025-03-01,Books,Deep Work,4,17.53,70.12,South America
18557,2024-03-31,Sports,Bowflex Adjustable Dumbbells,8,469.46,3755.68,Europe
18558,2025-05-14,Electronics,Garmin Forerunner 945,8,537.05,4296.40,Europe
18559,2025-07-25,Home Appliances,Keurig K-Elite Coffee Maker,2,202.01,404.02,Middle East
18560,2025-08-07,Electronics,Canon EOS R10 Camera,20,966.28,19325.60,South America
18561,2025-03-15,Electronics,Google Pixel 8 Pro,13,1036.91,13479.83,Middle East
18562,2025-06-14,Clothing,Under Armour Training Shirt,16,40.42,646.72,Oceania
18563,2025-07-01,Clothing,Puma Sports Hoodie,4,71.58,286.32,Asia
18564,2024-09-25,Home Appliances,Philips Air Fryer XXL,11,231.33,2544.63,North America
18565,2024-06-17,Sports,Fitbit Charge 6,18,169.95,3059.10,Europe
18566,2025-07-02,Books,The Psychology of Money,2,16.34,32.68,Africa
18567,2025-12-10,Home Appliances,Instant Pot Duo 7-in-1,4,139.38,557.52,Asia
18568,2024-10-26,Beauty Products,L'Oreal Revitalift Cream,10,29.90,299.00,North America
18569,2025-10-11,Electronics,iPhone 14 Pro,12,913.91,10966.92,Africa
18570,2024-03-08,Clothing,Patagonia Fleece Jacket,5,196.20,981.00,South America
18571,2024-03-20,Home Appliances,Keurig K-Elite Coffee Maker,20,192.36,3847.20,North America
18572,2024-06-16,Clothing,Patagonia Fleece Jacket,1,171.27,171.27,South America
18573,2024-07-09,Electronics,Dell XPS 13 Laptop,6,1222.27,7333.62,Middle East
18574,2025-10-19,Beauty Products,CeraVe Hydrating Cleanser,20,19.30,386.00,North America
18575,2025-05-01,Home Appliances,iRobot Roomba j7,5,589.70,2948.50,Oceania
18576,2025-04-15,Clothing,Nike Air Force 1,18,84.55,1521.90,Europe
18577,2024-06-01,Clothing,Puma Sports Hoodie,15,75.50,1132.50,Asia
18578,2024-03-31,Beauty Products,Neutrogena Skincare Set,10,97.57,975.70,Oceania
18579,2024-12-29,Sports,Spalding Volleyball,17,37.98,645.66,Asia
18580,2024-01-17,Books,The Psychology of Money,11,18.58,204.38,North America
18581,2025-08-08,Electronics,Sony WH-1000XM5 Headphones,16,368.19,5891.04,Oceania
18582,2025-10-30,Electronics,Nintendo Switch OLED,2,333.58,667.16,Africa
18583,2024-05-30,Books,Dune by Frank Herbert,11,27.79,305.69,Europe
18584,2024-03-23,Books,Clean Code,12,39.95,479.40,Europe
18585,2024-05-07,Clothing,Columbia Rain Jacket,7,119.23,834.61,Middle East
18586,2024-12-16,Beauty Products,Dyson Supersonic Hair Dryer,10,402.19,4021.90,South America
18587,2025-01-18,Beauty Products,Chanel No. 5 Perfume,4,119.84,479.36,Africa
18588,2025-09-30,Electronics,iPhone 14 Pro,19,907.10,17234.90,South America
18589,2025-09-23,Home Appliances,Ninja Professional Blender,13,100.85,1311.05,Middle East
18590,2024-11-22,Books,The Psychology of Money,8,18.37,146.96,Middle East
18591,2024-03-18,Beauty Products,Chanel No. 5 Perfume,7,120.73,845.11,Asia
18592,2025-02-14,Beauty Products,Dyson Supersonic Hair Dryer,19,397.44,7551.36,Asia
18593,2024-05-17,Home Appliances,Keurig K-Elite Coffee Maker,12,197.85,2374.20,Europe
18594,2025-09-10,Clothing,Adidas Ultraboost Shoes,17,182.11,3095.87,Oceania
18595,2024-01-30,Books,Dune by Frank Herbert,18,25.52,459.36,Africa
18596,2025-06-09,Beauty Products,MAC Lipstick Collection,13,81.76,1062.88,North America
18597,2025-02-07,Electronics,Canon EOS R10 Camera,16,1075.37,17205.92,Asia
18598,2025-12-11,Electronics,Sony WH-1000XM5 Headphones,10,405.81,4058.10,Africa
18599,2024-09-07,Clothing,Vans Old Skool Sneakers,12,77.92,935.04,South America
18600,2024-06-08,Books,Sapiens,8,25.35,202.80,Oceania
18601,2024-08-04,Books,Deep Work,15,18.12,271.80,Oceania
18602,2025-08-13,Home Appliances,Samsung Smart Refrigerator,6,1752.71,10516.26,Middle East
18603,2024-12-31,Home Appliances,Samsung Smart Refrigerator,9,2003.33,18029.97,Europe
18604,2025-06-03,Electronics,Garmin Forerunner 945,15,504.74,7571.10,Asia
18605,2024-01-16,Sports,Bowflex Adjustable Dumbbells,3,390.69,1172.07,Asia
18606,2025-11-19,Home Appliances,Samsung Smart Refrigerator,14,2001.04,28014.56,South America
18607,2024-04-21,Sports,Callaway Golf Club Set,13,908.98,11816.74,Africa
18608,2025-02-05,Home Appliances,Samsung Smart Refrigerator,20,1937.55,38751.00,Asia
18609,2024-10-03,Home Appliances,Instant Pot Duo 7-in-1,17,126.33,2147.61,Europe
18610,2025-04-09,Beauty Products,MAC Lipstick Collection,17,76.93,1307.81,Europe
18611,2025-01-05,Books,Dune by Frank Herbert,3,27.93,83.79,North America
18612,2025-05-08,Books,Deep Work,16,17.12,273.92,Europe
18613,2024-02-27,Books,Atomic Habits,6,19.81,118.86,Europe
18614,2025-09-15,Sports,Everlast Boxing Gloves,19,47.72,906.68,Oceania
18615,2025-12-02,Sports,Manduka PRO Yoga Mat,13,126.10,1639.30,Middle East
18616,2024-06-09,Books,Sapiens,18,26.33,473.94,Europe
18617,2024-05-01,Beauty Products,Chanel No. 5 Perfume,20,125.78,2515.60,Oceania
18618,2024-10-29,Beauty Products,Dyson Supersonic Hair Dryer,20,446.12,8922.40,North America
18619,2024-04-07,Sports,Everlast Boxing Gloves,14,51.01,714.14,Middle East
18620,2025-08-27,Clothing,Adidas Ultraboost Shoes,20,171.00,3420.00,North America
18621,2025-09-09,Books,Deep Work,12,20.74,248.88,Europe
18622,2025-07-06,Electronics,Nintendo Switch OLED,13,330.86,4301.18,Middle East
18623,2024-12-21,Sports,Spalding Volleyball,16,33.87,541.92,Asia
18624,2024-12-14,Beauty Products,Clinique Moisture Surge,9,44.83,403.47,South America
18625,2025-03-07,Books,Dune by Frank Herbert,15,25.50,382.50,North America
18626,2025-01-23,Beauty Products,Neutrogena Skincare Set,13,91.14,1184.82,Europe
18627,2024-08-14,Home Appliances,KitchenAid Stand Mixer,2,460.41,920.82,North America
18628,2025-12-09,Sports,Wilson Evolution Basketball,6,30.70,184.20,South America
18629,2025-05-27,Beauty Products,Maybelline Makeup Kit,11,49.19,541.09,Europe
18630,2024-02-15,Sports,Everlast Boxing Gloves,6,47.14,282.84,Europe
18631,2025-09-11,Beauty Products,Dyson Supersonic Hair Dryer,17,445.32,7570.44,North America
18632,2025-01-24,Books,The Psychology of Money,8,19.22,153.76,Europe
18633,2025-12-30,Books,Sapiens,5,23.61,118.05,Africa
18634,2024-09-30,Electronics,Canon EOS R10 Camera,17,1062.56,18063.52,Asia
18635,2024-11-09,Beauty Products,Chanel No. 5 Perfume,20,137.49,2749.80,North America
18636,2024-02-09,Home Appliances,iRobot Roomba j7,11,604.66,6651.26,North America
18637,2025-01-24,Sports,Adidas FIFA Soccer Ball,8,43.12,344.96,North America
18638,2024-06-01,Clothing,Calvin Klein Slim Fit Shirt,12,91.63,1099.56,South America
18639,2025-06-15,Home Appliances,LG Front Load Washer,5,847.69,4238.45,Europe
18640,2024-09-03,Electronics,Samsung Galaxy Tab S8,6,695.07,4170.42,Africa
18641,2024-10-30,Books,"Salt, Fat, Acid, Heat by Samin Nosrat",3,30.34,91.02,Europe
18642,2025-12-08,Electronics,Sony WH-1000XM5 Headphones,18,387.35,6972.30,South America
18643,2025-12-15,Beauty Products,Dyson Supersonic Hair Dryer,10,425.90,4259.00,Europe
18644,2025-11-16,Clothing,Puma Sports Hoodie,20,70.06,1401.20,North America
18645,2024-03-24,Clothing,Calvin Klein Slim Fit Shirt,4,94.33,377.32,Asia
18646,2025-09-09,Electronics,Google Pixel 8 Pro,6,995.74,5974.44,Middle East
18647,2024-07-07,Books,The Alchemist,1,13.25,13.25,Middle East
18648,2025-12-24,Beauty Products,L'Oreal Revitalift Cream,11,31.85,350.35,Africa
18649,2024-07-12,Home Appliances,Samsung Smart Refrigerator,12,1796.09,21553.08,Africa
18650,2024-09-16,Books,"Salt, Fat, Acid, Heat by Samin Nosrat",4,31.72,126.88,North America
18651,2024-11-24,Sports,Callaway Golf Club Set,11,927.20,10199.20,South America
18652,2024-02-09,Sports,Adidas FIFA Soccer Ball,13,37.20,483.60,Africa
18653,2025-11-24,Clothing,North Face Down Jacket,5,268.34,1341.70,North America
18654,2025-08-04,Electronics,Garmin Forerunner 945,15,511.40,7671.00,Oceania
18655,2024-07-21,Beauty Products,Dyson Supersonic Hair Dryer,9,409.72,3687.48,Middle East
18656,2024-12-15,Sports,Babolat Pure Drive Tennis Racket,9,205.83,1852.47,North America
18657,2024-12-30,Clothing,Patagonia Fleece Jacket,5,178.35,891.75,South America
18658,2025-11-24,Sports,Callaway Golf Club Set,3,918.67,2756.01,Africa
18659,2024-08-08,Clothing,Adidas Ultraboost Shoes,17,184.44,3135.48,Oceania
18660,2025-01-31,Electronics,MacBook Pro 16-inch,12,2267.58,27210.96,South America
18661,2024-02-26,Sports,Everlast Boxing Gloves,4,51.40,205.60,North America
18662,2024-05-21,Books,Dune by Frank Herbert,2,25.89,51.78,Middle East
18663,2024-11-19,Clothing,Nike Air Force 1,5,94.33,471.65,Europe
18664,2025-07-26,Beauty Products,Chanel No. 5 Perfume,11,138.07,1518.77,Oceania
18665,2024-04-12,Clothing,Levi's 501 Jeans,13,74.77,972.01,Europe
18666,2025-02-27,Beauty Products,Chanel No. 5 Perfume,13,125.47,1631.11,Africa
18667,2024-07-09,Electronics,MacBook Pro 16-inch,3,2634.48,7903.44,Africa
18668,2024-03-17,Books,"Salt, Fat, Acid, Heat by Samin Nosrat",1,31.05,31.05,Oceania
18669,2024-05-02,Beauty Products,The Ordinary Serum Set,3,39.13,117.39,Africa
18670,2025-09-20,Sports,Bowflex Adjustable Dumbbells,3,459.74,1379.22,Oceania
18671,2024-04-21,Home Appliances,LG Front Load Washer,9,930.60,8375.40,Middle East
18672,2025-01-23,Books,The Psychology of Money,9,16.99,152.91,Oceania
18673,2024-06-02,Beauty Products,Chanel No. 5 Perfume,5,132.62,663.10,Asia
18674,2024-02-22,Sports,Everlast Boxing Gloves,9,47.96,431.64,Oceania
18675,2025-11-26,Sports,Spalding Volleyball,11,35.32,388.52,Europe
18676,2025-03-07,Home Appliances,iRobot Roomba j7,19,627.57,11923.83,Middle East
18677,2024-02-08,Books,Dune by Frank Herbert,18,26.12,470.16,Middle East
18678,2024-05-06,Sports,Callaway Golf Club Set,14,823.42,11527.88,South America
18679,2025-11-29,Books,Deep Work,13,18.03,234.39,Africa
18680,2025-09-21,Clothing,Nike Air Force 1,4,89.61,358.44,Europe
18681,2025-12-17,Electronics,Garmin Forerunner 945,5,544.29,2721.45,Middle East
18682,2024-06-20,Home Appliances,Ninja Professional Blender,1,94.02,94.02,Europe
18683,2024-08-04,Clothing,North Face Down Jacket,20,256.87,5137.40,Middle East
18684,2024-10-11,Sports,Hydro Flask Sports Bottle,12,42.13,505.56,North America
18685,2024-11-25,Electronics,Samsung Galaxy Tab S8,1,680.55,680.55,South America
18686,2024-05-03,Books,The Hobbit,12,15.60,187.20,Europe
18687,2024-09-21,Electronics,Sony WH-1000XM5 Headphones,5,371.89,1859.45,Middle East
18688,2025-04-29,Sports,Bowflex Adjustable Dumbbells,1,388.55,388.55,Oceania
18689,2025-01-20,Clothing,Levi's 501 Jeans,13,66.38,862.94,Europe
18690,2024-01-02,Sports,Manduka PRO Yoga Mat,17,130.58,2219.86,South America
18691,2025-11-06,Electronics,Canon EOS R10 Camera,13,945.39,12290.07,Africa
18692,2024-05-08,Books,Clean Code,19,36.56,694.64,Africa
18693,2025-11-28,Electronics,Google Pixel 8 Pro,6,915.06,5490.36,Oceania
18694,2025-05-21,Beauty Products,Neutrogena Skincare Set,10,97.72,977.20,Middle East
18695,2024-02-21,Home Appliances,Samsung Smart Refrigerator,11,1932.14,21253.54,Oceania
18696,2024-04-03,Books,Deep Work,3,19.08,57.24,Europe
18697,2025-11-26,Beauty Products,MAC Lipstick Collection,13,73.33,953.29,Africa
18698,2025-11-29,Sports,Babolat Pure Drive Tennis Racket,6,181.60,1089.60,Middle East
18699,2025-03-29,Home Appliances,KitchenAid Stand Mixer,16,418.32,6693.12,Middle East
18700,2025-02-13,Home Appliances,Instant Pot Duo 7-in-1,15,134.45,2016.75,Asia
18701,2024-09-13,Sports,Fitbit Charge 6,5,164.11,820.55,Middle East
18702,2024-10-02,Beauty Products,The Ordinary Serum Set,3,41.73,125.19,Africa
18703,2024-08-11,Beauty Products,MAC Lipstick Collection,1,80.11,80.11,North America
18704,2025-02-20,Books,Deep Work,14,17.27,241.78,Middle East
18705,2025-01-20,Clothing,Nike Air Force 1,11,97.78,1075.58,Europe
18706,2025-08-09,Sports,Wilson Evolution Basketball,11,27.89,306.79,Europe
18707,2024-01-13,Sports,Bowflex Adjustable Dumbbells,11,456.96,5026.56,North America
18708,2025-02-27,Clothing,Calvin Klein Slim Fit Shirt,2,96.91,193.82,South America
18709,2025-09-23,Clothing,North Face Down Jacket,4,272.70,1090.80,Europe
18710,2025-07-09,Electronics,MacBook Pro 16-inch,1,2636.17,2636.17,Asia
18711,2024-11-15,Electronics,Garmin Forerunner 945,15,500.56,7508.40,Oceania
18712,2025-09-10,Clothing,Adidas Ultraboost Shoes,4,193.43,773.72,South America
18713,2024-08-30,Electronics,Samsung Galaxy Tab S8,16,807.48,12919.68,Asia
18714,2025-04-08,Books,Atomic Habits,17,18.46,313.82,Africa
18715,2024-12-13,Clothing,Patagonia Fleece Jacket,10,186.59,1865.90,South America
18716,2024-11-12,Books,The Hobbit,5,13.65,68.25,Oceania
18717,2024-06-06,Sports,Adidas FIFA Soccer Ball,2,41.90,83.80,Asia
18718,2025-06-01,Beauty Products,The Ordinary Serum Set,7,37.67,263.69,Europe
18719,2024-05-26,Home Appliances,Instant Pot Duo 7-in-1,13,127.33,1655.29,Europe
18720,2024-08-15,Electronics,Dell XPS 13 Laptop,14,1220.88,17092.32,Europe
18721,2025-02-13,Books,The Da Vinci Code,10,17.25,172.50,Africa
18722,2025-05-20,Books,Atomic Habits,17,18.21,309.57,South America
18723,2024-02-20,Books,The Alchemist,7,14.02,98.14,North America
18724,2025-07-12,Electronics,Dell XPS 13 Laptop,4,1248.90,4995.60,North America
18725,2025-12-29,Clothing,Columbia Rain Jacket,11,118.14,1299.54,Europe
18726,2024-01-02,Electronics,Garmin Forerunner 945,4,452.96,1811.84,South America
18727,2025-07-19,Books,Dune by Frank Herbert,14,28.16,394.24,Europe
18728,2024-09-02,Clothing,Nike Air Force 1,12,85.73,1028.76,Africa
18729,2024-11-28,Clothing,Nike Air Force 1,5,98.75,493.75,Africa
18730,2025-03-23,Books,The Hobbit,16,14.71,235.36,Oceania
18731,2025-09-26,Electronics,MacBook Pro 16-inch,17,2330.71,39622.07,Africa
18732,2024-02-23,Electronics,iPhone 14 Pro,19,1033.49,19636.31,Africa
18733,2025-05-31,Beauty Products,Olaplex Hair Repair Set,20,57.36,1147.20,Middle East
18734,2025-01-26,Electronics,Nintendo Switch OLED,10,340.96,3409.60,Africa
18735,2024-08-23,Clothing,Calvin Klein Slim Fit Shirt,2,87.14,174.28,Asia
18736,2025-07-12,Sports,Hydro Flask Sports Bottle,17,39.85,677.45,North America
18737,2025-01-07,Clothing,Patagonia Fleece Jacket,2,188.54,377.08,North America
18738,2024-06-17,Books,Deep Work,3,20.19,60.57,Asia
18739,2024-09-27,Books,The Alchemist,15,13.76,206.40,Oceania
18740,2024-10-16,Beauty Products,L'Oreal Revitalift Cream,9,29.13,262.17,Asia
18741,2025-07-21,Sports,Babolat Pure Drive Tennis Racket,4,206.20,824.80,Oceania
18742,2025-07-14,Sports,Callaway Golf Club Set,3,867.74,2603.22,Europe
18743,2024-07-25,Sports,Everlast Boxing Gloves,18,49.53,891.54,Oceania
18744,2024-03-06,Beauty Products,Maybelline Makeup Kit,1,54.47,54.47,Oceania
18745,2025-05-01,Clothing,Calvin Klein Slim Fit Shirt,11,97.49,1072.39,Middle East
18746,2024-12-08,Beauty Products,MAC Lipstick Collection,13,83.42,1084.46,Oceania
18747,2024-09-05,Beauty Products,Maybelline Makeup Kit,3,47.62,142.86,Middle East
18748,2024-02-11,Electronics,Apple Watch Series 9,15,435.19,6527.85,South America
18749,2024-07-19,Beauty Products,MAC Lipstick Collection,3,74.36,223.08,Africa
18750,2024-06-08,Books,The Alchemist,17,12.34,209.78,Middle East
18751,2025-05-13,Beauty Products,Chanel No. 5 Perfume,14,133.09,1863.26,Europe
18752,2024-11-12,Home Appliances,Samsung Smart Refrigerator,17,1769.21,30076.57,South America
18753,2024-06-01,Home Appliances,Samsung Smart Refrigerator,14,1898.29,26576.06,Africa
18754,2024-07-15,Books,The Da Vinci Code,14,15.95,223.30,South America
18755,2025-12-27,Clothing,Calvin Klein Slim Fit Shirt,4,85.64,342.56,Africa
18756,2025-07-15,Electronics,MacBook Pro 16-inch,8,2557.57,20460.56,Europe
18757,2024-10-12,Home Appliances,Ninja Professional Blender,13,93.65,1217.45,Oceania
18758,2025-04-25,Books,Dune by Frank Herbert,8,28.48,227.84,South America
18759,2025-10-29,Electronics,iPhone 14 Pro,5,998.88,4994.40,Asia
18760,2024-01-03,Books,Deep Work,3,17.69,53.07,Middle East
18761,2025-09-25,Home Appliances,Keurig K-Elite Coffee Maker,12,185.46,2225.52,North America
18762,2024-04-24,Electronics,Canon EOS R10 Camera,1,1075.15,1075.15,Oceania
18763,2025-06-19,Beauty Products,MAC Lipstick Collection,11,72.29,795.19,Middle East
18764,2024-05-19,Books,Dune by Frank Herbert,1,26.20,26.20,Middle East
18765,2024-03-22,Electronics,MacBook Pro 16-inch,2,2362.78,4725.56,Oceania
18766,2025-11-29,Sports,Adidas FIFA Soccer Ball,20,42.29,845.80,Africa
18767,2025-01-24,Home Appliances,LG Front Load Washer,18,942.77,16969.86,Middle East
18768,2024-06-05,Beauty Products,CeraVe Hydrating Cleanser,15,17.28,259.20,North America
18769,2024-04-28,Sports,Babolat Pure Drive Tennis Racket,20,180.74,3614.80,Africa
18770,2025-12-28,Home Appliances,Keurig K-Elite Coffee Maker,13,207.98,2703.74,Middle East
18771,2025-06-13,Beauty Products,Olaplex Hair Repair Set,1,61.06,61.06,Oceania
18772,2025-09-29,Sports,Adidas FIFA Soccer Ball,8,38.75,310.00,Asia
18773,2025-06-27,Electronics,Canon EOS R10 Camera,18,1016.92,18304.56,Asia
18774,2025-03-17,Beauty Products,Chanel No. 5 Perfume,13,137.40,1786.20,Asia
18775,2025-08-12,Home Appliances,Dyson V11 Vacuum,19,475.23,9029.37,Africa
18776,2024-09-24,Beauty Products,The Ordinary Serum Set,10,39.02,390.20,Europe
18777,2024-11-21,Beauty Products,L'Oreal Revitalift Cream,7,29.43,206.01,Europe
18778,2025-12-10,Books,The Alchemist,20,13.09,261.80,Europe
18779,2024-11-07,Home Appliances,Samsung Smart Refrigerator,2,2005.24,4010.48,Africa
18780,2025-10-16,Electronics,Sony WH-1000XM5 Headphones,4,411.93,1647.72,Africa
18781,2025-02-28,Books,Deep Work,5,18.95,94.75,Oceania
18782,2024-03-22,Clothing,Calvin Klein Slim Fit Shirt,20,95.90,1918.00,Europe
18783,2024-07-31,Books,The Hobbit,16,13.73,219.68,Africa
18784,2025-11-07,Books,The Alchemist,4,14.22,56.88,Africa
18785,2024-06-10,Sports,Spalding Volleyball,9,33.99,305.91,North America
18786,2025-09-20,Home Appliances,Blueair Classic 480i,10,595.30,5953.00,South America
18787,2025-12-26,Beauty Products,Neutrogena Skincare Set,19,82.70,1571.30,Middle East
18788,2025-11-25,Clothing,Levi's 501 Jeans,17,72.98,1240.66,Asia
18789,2024-02-19,Sports,Wilson Evolution Basketball,20,28.12,562.40,Middle East
18790,2024-05-13,Books,Sapiens,20,23.34,466.80,Oceania
18791,2024-11-22,Beauty Products,L'Oreal Revitalift Cream,2,31.23,62.46,North America
18792,2025-09-17,Home Appliances,Dyson V11 Vacuum,2,535.50,1071.00,Europe
18793,2024-11-28,Sports,Manduka PRO Yoga Mat,9,128.57,1157.13,Europe
18794,2025-07-26,Beauty Products,MAC Lipstick Collection,10,85.23,852.30,Oceania
18795,2024-11-03,Clothing,Under Armour Training Shirt,18,39.44,709.92,Europe
18796,2025-11-05,Books,The Da Vinci Code,10,16.67,166.70,Middle East
18797,2025-02-16,Clothing,Calvin Klein Slim Fit Shirt,12,96.19,1154.28,Oceania
18798,2025-01-23,Electronics,Dell XPS 13 Laptop,8,1170.31,9362.48,Middle East
18799,2024-10-25,Home Appliances,Philips Air Fryer XXL,20,253.59,5071.80,Oceania
18800,2024-10-07,Sports,Adidas FIFA Soccer Ball,2,37.85,75.70,Europe
18801,2025-08-18,Clothing,Under Armour Training Shirt,7,42.52,297.64,Asia
18802,2024-12-11,Sports,Callaway Golf Club Set,2,854.56,1709.12,North America
18803,2024-09-08,Beauty Products,Chanel No. 5 Perfume,16,136.07,2177.12,Oceania
18804,2024-01-13,Electronics,MacBook Pro 16-inch,12,2549.80,30597.60,Europe
18805,2025-09-09,Sports,Manduka PRO Yoga Mat,12,129.20,1550.40,Oceania
18806,2025-01-15,Clothing,Patagonia Fleece Jacket,1,163.34,163.34,Middle East
18807,2024-10-29,Sports,Fitbit Charge 6,4,153.12,612.48,Asia
18808,2024-06-02,Sports,Adidas FIFA Soccer Ball,10,37.72,377.20,Europe
18809,2024-01-05,Home Appliances,Instant Pot Duo 7-in-1,16,129.71,2075.36,Africa
18810,2025-12-27,Books,The Alchemist,2,12.67,25.34,North America
18811,2025-06-14,Books,The Alchemist,10,13.64,136.40,North America
18812,2025-05-29,Home Appliances,Philips Air Fryer XXL,19,232.56,4418.64,Oceania
18813,2025-08-04,Sports,Wilson Evolution Basketball,7,27.54,192.78,Middle East
18814,2025-04-28,Clothing,Vans Old Skool Sneakers,2,78.48,156.96,Asia
18815,2024-02-11,Sports,Babolat Pure Drive Tennis Racket,1,183.89,183.89,Asia
18816,2025-12-30,Sports,Babolat Pure Drive Tennis Racket,12,200.60,2407.20,Asia
18817,2024-05-07,Electronics,Garmin Forerunner 945,11,540.34,5943.74,South America
18818,2024-02-24,Books,Dune by Frank Herbert,12,25.52,306.24,South America
18819,2024-05-18,Sports,Callaway Golf Club Set,15,834.20,12513.00,Asia
18820,2024-07-17,Books,The Hobbit,7,14.49,101.43,Africa
18821,2024-06-07,Sports,Wilson Evolution Basketball,12,27.32,327.84,North America
18822,2025-03-18,Books,The Psychology of Money,13,18.96,246.48,Oceania
18823,2024-08-17,Beauty Products,CeraVe Hydrating Cleanser,12,19.45,233.40,Europe
18824,2024-08-02,Books,Dune by Frank Herbert,3,25.06,75.18,South America
18825,2024-08-02,Books,Deep Work,5,20.19,100.95,Africa
18826,2025-05-23,Home Appliances,Philips Air Fryer XXL,17,229.83,3907.11,Middle East
18827,2025-03-11,Books,Atomic Habits,15,18.03,270.45,North America
18828,2025-04-07,Home Appliances,Keurig K-Elite Coffee Maker,15,196.21,2943.15,Europe
18829,2025-03-03,Sports,Hydro Flask Sports Bottle,8,39.12,312.96,Africa
18830,2025-02-03,Home Appliances,Dyson V11 Vacuum,9,545.27,4907.43,Europe
18831,2024-03-29,Books,"Salt, Fat, Acid, Heat by Samin Nosrat",17,33.28,565.76,North America
18832,2025-02-11,Clothing,Nike Air Force 1,8,98.62,788.96,South America
18833,2024-05-20,Home Appliances,Philips Air Fryer XXL,2,270.66,541.32,Oceania
18834,2025-09-20,Home Appliances,Dyson V11 Vacuum,19,539.95,10259.05,Asia
18835,2025-01-08,Electronics,Sony WH-1000XM5 Headphones,4,425.74,1702.96,Europe
18836,2024-01-31,Clothing,Puma Sports Hoodie,18,71.30,1283.40,North America
18837,2025-11-03,Books,The Psychology of Money,10,19.47,194.70,Oceania
18838,2024-09-01,Electronics,Canon EOS R10 Camera,17,952.23,16187.91,Oceania
18839,2024-08-12,Sports,Wilson Evolution Basketball,19,31.17,592.23,South America
18840,2025-08-09,Books,The Alchemist,19,13.44,255.36,South America
18841,2024-06-16,Clothing,Calvin Klein Slim Fit Shirt,8,81.86,654.88,South America
18842,2025-02-14,Clothing,Patagonia Fleece Jacket,4,170.12,680.48,Africa
18843,2024-07-06,Electronics,Sony WH-1000XM5 Headphones,7,436.72,3057.04,Europe
18844,2024-02-04,Clothing,Patagonia Fleece Jacket,12,186.81,2241.72,Africa
18845,2025-03-10,Clothing,Vans Old Skool Sneakers,2,75.25,150.50,Oceania
18846,2024-12-28,Sports,Hydro Flask Sports Bottle,15,38.80,582.00,Oceania
18847,2025-08-15,Sports,Manduka PRO Yoga Mat,4,130.60,522.40,North America
18848,2024-05-05,Clothing,Nike Air Force 1,6,90.93,545.58,Europe
18849,2025-10-06,Electronics,Dell XPS 13 Laptop,16,1288.99,20623.84,Europe
18850,2025-09-21,Sports,Babolat Pure Drive Tennis Racket,15,209.02,3135.30,Asia
18851,2025-11-12,Sports,Manduka PRO Yoga Mat,10,108.17,1081.70,Oceania
18852,2025-10-17,Sports,Spalding Volleyball,8,36.32,290.56,Asia
18853,2024-06-09,Sports,Fitbit Charge 6,10,165.67,1656.70,North America
18854,2025-11-21,Home Appliances,KitchenAid Stand Mixer,19,431.01,8189.19,South America
18855,2025-02-09,Home Appliances,iRobot Roomba j7,16,639.89,10238.24,Oceania
18856,2024-01-07,Beauty Products,Clinique Moisture Surge,19,45.16,858.04,South America
18857,2025-08-16,Beauty Products,Dyson Supersonic Hair Dryer,16,402.58,6441.28,Asia
18858,2024-05-30,Home Appliances,LG Front Load Washer,15,954.30,14314.50,Asia
18859,2024-05-18,Beauty Products,Maybelline Makeup Kit,5,51.11,255.55,Middle East
18860,2025-07-16,Beauty Products,Clinique Moisture Surge,3,41.65,124.95,Asia
18861,2024-05-02,Electronics,Sony WH-1000XM5 Headphones,6,369.22,2215.32,Oceania
18862,2024-07-22,Home Appliances,Dyson V11 Vacuum,8,452.38,3619.04,South America
18863,2025-03-11,Electronics,Nintendo Switch OLED,19,349.60,6642.40,Middle East
18864,2024-06-26,Sports,Fitbit Charge 6,1,159.15,159.15,Middle East
18865,2024-10-01,Electronics,Nintendo Switch OLED,19,355.25,6749.75,South America
18866,2025-09-19,Sports,Adidas FIFA Soccer Ball,6,36.24,217.44,Oceania
18867,2024-01-05,Home Appliances,KitchenAid Stand Mixer,2,480.03,960.06,South America
18868,2024-02-18,Books,Dune by Frank Herbert,11,27.33,300.63,South America
18869,2025-07-14,Electronics,Samsung Galaxy Tab S8,20,736.70,14734.00,Oceania
18870,2025-11-21,Clothing,Calvin Klein Slim Fit Shirt,18,91.26,1642.68,South America
18871,2025-05-09,Beauty Products,Clinique Moisture Surge,10,45.75,457.50,Asia
18872,2024-05-18,Books,The Alchemist,20,12.15,243.00,North America
18873,2024-03-27,Beauty Products,Dyson Supersonic Hair Dryer,9,400.48,3604.32,Oceania
18874,2024-01-25,Home Appliances,Dyson V11 Vacuum,17,503.72,8563.24,South America
18875,2025-02-27,Clothing,North Face Down Jacket,6,231.81,1390.86,Europe
18876,2025-04-19,Beauty Products,MAC Lipstick Collection,11,87.47,962.17,North America
18877,2025-12-23,Electronics,Nintendo Switch OLED,17,316.95,5388.15,Africa
18878,2024-05-07,Electronics,Nintendo Switch OLED,12,358.23,4298.76,South America
18879,2025-09-24,Books,Atomic Habits,12,18.79,225.48,North America
18880,2024-01-01,Beauty Products,L'Oreal Revitalift Cream,15,31.72,475.80,North America
18881,2025-06-13,Beauty Products,The Ordinary Serum Set,19,39.47,749.93,Oceania
18882,2024-11-02,Clothing,Columbia Rain Jacket,5,120.11,600.55,Middle East
18883,2025-03-23,Beauty Products,Neutrogena Skincare Set,2,82.99,165.98,Asia
18884,2024-03-07,Electronics,Canon EOS R10 Camera,1,892.11,892.11,Middle East
18885,2025-04-24,Clothing,Adidas Ultraboost Shoes,16,172.56,2760.96,Oceania
18886,2024-04-21,Sports,Bowflex Adjustable Dumbbells,12,444.54,5334.48,Middle East
18887,2024-11-17,Electronics,Garmin Forerunner 945,2,521.83,1043.66,Europe
18888,2024-01-13,Electronics,Dell XPS 13 Laptop,17,1319.72,22435.24,Oceania
18889,2024-04-10,Beauty Products,Clinique Moisture Surge,15,45.93,688.95,Middle East
18890,2024-01-14,Books,"Salt, Fat, Acid, Heat by Samin Nosrat",16,32.06,512.96,Europe
18891,2024-01-23,Books,Deep Work,5,19.54,97.70,South America
18892,2025-06-26,Electronics,Canon EOS R10 Camera,12,1074.17,12890.04,South America
18893,2025-07-22,Electronics,Samsung Galaxy Tab S8,14,687.86,9630.04,South America
18894,2024-03-29,Electronics,Google Pixel 8 Pro,2,1017.40,2034.80,Oceania
18895,2025-03-29,Home Appliances,Dyson V11 Vacuum,14,454.54,6363.56,Africa
18896,2025-04-29,Home Appliances,KitchenAid Stand Mixer,18,418.48,7532.64,Middle East
18897,2025-12-29,Books,Deep Work,20,20.10,402.00,Europe
18898,2024-03-26,Beauty Products,Chanel No. 5 Perfume,18,130.35,2346.30,Africa
18899,2025-07-19,Beauty Products,Maybelline Makeup Kit,16,45.49,727.84,Europe
18900,2024-04-19,Beauty Products,CeraVe Hydrating Cleanser,7,18.95,132.65,North America
18901,2025-09-20,Electronics,iPhone 14 Pro,4,958.28,3833.12,Oceania
18902,2025-08-24,Beauty Products,The Ordinary Serum Set,6,42.61,255.66,Oceania
18903,2024-08-18,Home Appliances,Instant Pot Duo 7-in-1,19,134.96,2564.24,Africa
18904,2024-12-14,Beauty Products,Chanel No. 5 Perfume,5,123.20,616.00,South America
18905,2024-11-29,Clothing,Puma Sports Hoodie,10,77.96,779.60,Africa
18906,2025-12-28,Beauty Products,L'Oreal Revitalift Cream,12,31.62,379.44,Asia
18907,2024-03-01,Beauty Products,Chanel No. 5 Perfume,7,137.20,960.40,South America
18908,2024-12-21,Electronics,Apple Watch Series 9,12,427.31,5127.72,Middle East
18909,2025-06-13,Sports,Everlast Boxing Gloves,14,48.28,675.92,South America
18910,2025-09-02,Clothing,Nike Air Force 1,3,95.15,285.45,North America
18911,2025-06-28,Books,Deep Work,2,18.14,36.28,South America
18912,2024-11-08,Home Appliances,LG Front Load Washer,4,883.59,3534.36,Oceania
18913,2024-04-24,Beauty Products,Neutrogena Skincare Set,18,95.42,1717.56,Oceania
18914,2025-10-06,Books,Dune by Frank Herbert,18,24.98,449.64,Middle East
18915,2024-11-14,Clothing,Adidas Ultraboost Shoes,19,192.59,3659.21,Oceania
18916,2025-06-05,Sports,Manduka PRO Yoga Mat,13,125.49,1631.37,Africa
18917,2024-08-15,Beauty Products,Olaplex Hair Repair Set,15,63.76,956.40,South America
18918,2024-04-20,Electronics,Nintendo Switch OLED,6,340.56,2043.36,South America
18919,2024-04-21,Clothing,Puma Sports Hoodie,8,79.42,635.36,Oceania
18920,2025-09-27,Books,"Salt, Fat, Acid, Heat by Samin Nosrat",14,34.43,482.02,Middle East
18921,2024-06-25,Electronics,Dell XPS 13 Laptop,17,1420.25,24144.25,Europe
18922,2024-03-07,Home Appliances,Blueair Classic 480i,18,595.38,10716.84,North America
18923,2025-05-30,Electronics,Nintendo Switch OLED,14,316.03,4424.42,Middle East
18924,2025-09-24,Home Appliances,Blueair Classic 480i,2,606.19,1212.38,Middle East
18925,2024-10-10,Sports,Callaway Golf Club Set,8,940.86,7526.88,Oceania
18926,2024-12-21,Books,Sapiens,12,23.37,280.44,North America
18927,2025-09-02,Home Appliances,Dyson V11 Vacuum,5,474.60,2373.00,Asia
18928,2025-12-09,Clothing,Vans Old Skool Sneakers,12,87.50,1050.00,Asia
18929,2024-09-21,Clothing,North Face Down Jacket,9,253.13,2278.17,South America
18930,2024-12-10,Books,Atomic Habits,13,19.00,247.00,Africa
18931,2024-01-14,Sports,Fitbit Charge 6,3,163.66,490.98,South America
18932,2025-08-19,Books,"Salt, Fat, Acid, Heat by Samin Nosrat",13,32.24,419.12,South America
18933,2024-11-24,Beauty Products,Olaplex Hair Repair Set,12,61.21,734.52,South America
18934,2025-09-13,Electronics,Google Pixel 8 Pro,11,986.83,10855.13,Asia
18935,2025-12-24,Books,The Psychology of Money,16,19.62,313.92,North America
18936,2024-03-16,Clothing,North Face Down Jacket,16,274.46,4391.36,Middle East
18937,2025-05-17,Electronics,MacBook Pro 16-inch,9,2430.63,21875.67,Asia
18938,2024-10-17,Beauty Products,The Ordinary Serum Set,6,39.76,238.56,Middle East
18939,2025-11-10,Books,Deep Work,19,19.29,366.51,Europe
18940,2025-08-29,Beauty Products,Chanel No. 5 Perfume,15,131.01,1965.15,Africa
18941,2024-01-19,Beauty Products,Clinique Moisture Surge,19,44.11,838.09,Middle East
18942,2025-04-20,Home Appliances,KitchenAid Stand Mixer,2,460.76,921.52,Asia
18943,2025-11-19,Electronics,Sony WH-1000XM5 Headphones,16,405.49,6487.84,South America
18944,2024-07-01,Electronics,Google Pixel 8 Pro,7,940.51,6583.57,South America
18945,2024-12-01,Beauty Products,Chanel No. 5 Perfume,3,123.39,370.17,South America
18946,2024-05-10,Beauty Products,Olaplex Hair Repair Set,17,61.88,1051.96,Oceania
18947,2024-06-25,Electronics,Garmin Forerunner 945,7,540.02,3780.14,North America
18948,2024-07-01,Beauty Products,MAC Lipstick Collection,16,82.27,1316.32,Africa
18949,2025-08-23,Clothing,North Face Down Jacket,1,229.74,229.74,South America
18950,2025-10-22,Electronics,Sony WH-1000XM5 Headphones,14,397.47,5564.58,Middle East
18951,2025-12-08,Beauty Products,MAC Lipstick Collection,20,76.83,1536.60,Africa
18952,2024-06-04,Home Appliances,Keurig K-Elite Coffee Maker,20,204.08,4081.60,Middle East
18953,2025-02-14,Books,Clean Code,9,36.65,329.85,Africa
18954,2025-10-09,Clothing,Puma Sports Hoodie,1,73.30,73.30,Africa
18955,2024-03-17,Home Appliances,Instant Pot Duo 7-in-1,16,130.94,2095.04,Europe
18956,2024-11-28,Electronics,iPhone 14 Pro,9,962.37,8661.33,Europe
18957,2025-09-07,Clothing,Under Armour Training Shirt,8,40.25,322.00,South America
18958,2024-06-08,Sports,Adidas FIFA Soccer Ball,3,41.74,125.22,Middle East
18959,2025-12-14,Sports,Spalding Volleyball,17,31.59,537.03,Europe
18960,2025-08-28,Sports,Bowflex Adjustable Dumbbells,4,463.77,1855.08,Asia
18961,2025-06-21,Electronics,Samsung Galaxy Tab S8,5,704.25,3521.25,Oceania
18962,2025-04-02,Beauty Products,CeraVe Hydrating Cleanser,20,18.39,367.80,Middle East
18963,2024-11-14,Beauty Products,Olaplex Hair Repair Set,1,56.24,56.24,Africa
18964,2025-11-30,Clothing,Calvin Klein Slim Fit Shirt,4,85.99,343.96,South America
18965,2024-12-24,Electronics,MacBook Pro 16-inch,14,2615.43,36616.02,Oceania
18966,2024-08-25,Books,Sapiens,15,26.80,402.00,Asia
18967,2025-09-16,Clothing,North Face Down Jacket,8,269.90,2159.20,Oceania
18968,2024-09-03,Clothing,Columbia Rain Jacket,6,134.07,804.42,Africa
18969,2025-10-26,Clothing,Calvin Klein Slim Fit Shirt,15,85.92,1288.80,Middle East
18970,2025-04-15,Sports,Callaway Golf Club Set,15,822.90,12343.50,Europe
18971,2025-04-18,Home Appliances,Keurig K-Elite Coffee Maker,6,183.26,1099.56,Africa
18972,2024-12-26,Beauty Products,CeraVe Hydrating Cleanser,2,20.55,41.10,Middle East
18973,2025-05-09,Sports,Bowflex Adjustable Dumbbells,20,434.17,8683.40,Oceania
18974,2025-08-16,Electronics,Canon EOS R10 Camera,1,917.32,917.32,Africa
18975,2025-10-02,Electronics,Google Pixel 8 Pro,5,1031.14,5155.70,Europe
18976,2025-02-15,Home Appliances,Instant Pot Duo 7-in-1,4,141.89,567.56,South America
18977,2025-01-04,Clothing,Adidas Ultraboost Shoes,12,183.34,2200.08,North America
18978,2024-09-05,Clothing,Puma Sports Hoodie,14,82.40,1153.60,South America
18979,2024-11-11,Clothing,Patagonia Fleece Jacket,15,182.42,2736.30,Africa
18980,2025-01-19,Electronics,Nintendo Switch OLED,9,366.58,3299.22,Europe
18981,2025-02-09,Clothing,Vans Old Skool Sneakers,17,76.37,1298.29,Middle East
18982,2024-10-23,Home Appliances,KitchenAid Stand Mixer,19,452.39,8595.41,Asia
18983,2025-02-18,Beauty Products,Olaplex Hair Repair Set,17,54.02,918.34,Africa
18984,2024-11-19,Home Appliances,Instant Pot Duo 7-in-1,5,127.07,635.35,Europe
18985,2025-07-15,Books,The Da Vinci Code,11,16.41,180.51,North America
18986,2024-11-25,Electronics,Apple Watch Series 9,11,397.34,4370.74,Europe
18987,2024-03-06,Beauty Products,Clinique Moisture Surge,20,47.68,953.60,Oceania
18988,2024-01-20,Beauty Products,The Ordinary Serum Set,12,41.49,497.88,Oceania
18989,2025-06-28,Electronics,Garmin Forerunner 945,18,486.19,8751.42,South America
18990,2024-01-05,Clothing,Adidas Ultraboost Shoes,15,179.65,2694.75,North America
18991,2024-01-12,Books,Deep Work,5,17.34,86.70,Middle East
18992,2025-10-09,Books,The Psychology of Money,17,18.11,307.87,North America
18993,2024-12-28,Clothing,Nike Air Force 1,6,92.16,552.96,Africa
18994,2025-07-05,Beauty Products,MAC Lipstick Collection,4,86.71,346.84,Asia
18995,2025-02-19,Sports,Babolat Pure Drive Tennis Racket,6,201.94,1211.64,Middle East
18996,2025-06-23,Sports,Manduka PRO Yoga Mat,14,122.41,1713.74,North America
18997,2024-11-22,Clothing,Under Armour Training Shirt,16,37.59,601.44,Middle East
18998,2025-10-07,Sports,Callaway Golf Club Set,15,904.72,13570.80,Middle East
18999,2025-09-07,Clothing,Columbia Rain Jacket,11,142.63,1568.93,Asia
19000,2025-03-01,Beauty Products,CeraVe Hydrating Cleanser,11,20.71,227.81,Middle East
19001,2025-08-04,Beauty Products,Dyson Supersonic Hair Dryer,10,457.60,4576.00,Africa
19002,2025-01-06,Clothing,Patagonia Fleece Jacket,4,172.86,691.44,South America
19003,2025-11-07,Books,The Alchemist,2,12.87,25.74,Middle East
19004,2024-01-31,Clothing,Vans Old Skool Sneakers,9,76.24,686.16,Middle East
19005,2025-02-02,Electronics,Google Pixel 8 Pro,17,1062.79,18067.43,Asia
19006,2025-12-24,Books,The Psychology of Money,12,17.38,208.56,South America
19007,2025-02-01,Beauty Products,The Ordinary Serum Set,1,40.74,40.74,Europe
19008,2024-03-27,Clothing,Under Armour Training Shirt,19,39.28,746.32,Middle East
19009,2025-05-24,Clothing,Puma Sports Hoodie,16,80.33,1285.28,South America
19010,2025-07-10,Sports,Fitbit Charge 6,16,173.64,2778.24,Asia
19011,2025-09-24,Electronics,Sony WH-1000XM5 Headphones,17,393.98,6697.66,Middle East
19012,2024-10-13,Beauty Products,MAC Lipstick Collection,15,73.14,1097.10,North America
19013,2025-01-09,Electronics,Sony WH-1000XM5 Headphones,14,438.78,6142.92,North America
19014,2025-01-06,Sports,Manduka PRO Yoga Mat,15,117.76,1766.40,Oceania
19015,2025-06-07,Clothing,Puma Sports Hoodie,15,72.45,1086.75,North America
19016,2024-08-21,Books,Dune by Frank Herbert,16,28.45,455.20,Asia
19017,2025-08-17,Clothing,Patagonia Fleece Jacket,4,180.16,720.64,Oceania
19018,2024-02-10,Beauty Products,Dyson Supersonic Hair Dryer,10,441.48,4414.80,Europe
19019,2025-03-16,Clothing,Adidas Ultraboost Shoes,8,187.89,1503.12,North America
19020,2024-08-24,Beauty Products,Clinique Moisture Surge,10,42.96,429.60,Oceania
19021,2025-07-20,Home Appliances,Samsung Smart Refrigerator,19,2052.94,39005.86,Middle East
19022,2024-03-03,Beauty Products,Olaplex Hair Repair Set,6,62.93,377.58,Europe
19023,2024-02-04,Clothing,Columbia Rain Jacket,5,123.81,619.05,South America
19024,2025-04-25,Sports,Spalding Volleyball,17,36.74,624.58,Asia
19025,2024-03-25,Beauty Products,Chanel No. 5 Perfume,15,123.56,1853.40,Oceania
19026,2025-06-05,Beauty Products,Chanel No. 5 Perfume,2,124.73,249.46,Oceania
19027,2025-08-05,Electronics,Garmin Forerunner 945,2,484.09,968.18,Africa
19028,2025-12-13,Electronics,MacBook Pro 16-inch,3,2446.51,7339.53,Oceania
19029,2025-09-02,Books,The Alchemist,5,13.08,65.40,North America
19030,2024-08-23,Books,The Alchemist,3,12.23,36.69,Europe
19031,2024-07-30,Home Appliances,Dyson V11 Vacuum,2,529.87,1059.74,Africa
19032,2025-07-14,Electronics,Samsung Galaxy Tab S8,14,708.10,9913.40,Middle East
19033,2025-12-29,Sports,Everlast Boxing Gloves,7,54.60,382.20,South America
19034,2025-12-12,Books,"Salt, Fat, Acid, Heat by Samin Nosrat",5,36.10,180.50,Africa
19035,2024-11-01,Electronics,Apple Watch Series 9,9,450.50,4054.50,North America
19036,2025-01-22,Clothing,Calvin Klein Slim Fit Shirt,9,93.34,840.06,Africa
19037,2024-06-26,Sports,Fitbit Charge 6,16,175.39,2806.24,South America
19038,2025-02-07,Sports,Callaway Golf Club Set,1,896.17,896.17,Africa
19039,2025-07-26,Books,Clean Code,18,41.00,738.00,Asia
19040,2025-04-09,Beauty Products,Dyson Supersonic Hair Dryer,10,397.24,3972.40,Middle East
19041,2024-03-12,Beauty Products,MAC Lipstick Collection,13,84.56,1099.28,Asia
19042,2024-05-21,Sports,Babolat Pure Drive Tennis Racket,12,190.83,2289.96,Middle East
19043,2025-01-30,Books,Dune by Frank Herbert,3,23.80,71.40,North America
19044,2024-09-18,Home Appliances,LG Front Load Washer,2,938.35,1876.70,Oceania
19045,2025-03-11,Clothing,Nike Air Force 1,19,83.35,1583.65,Oceania
19046,2025-11-07,Clothing,Columbia Rain Jacket,14,133.01,1862.14,Europe
19047,2025-11-10,Sports,Bowflex Adjustable Dumbbells,4,439.64,1758.56,Africa
19048,2025-04-18,Sports,Babolat Pure Drive Tennis Racket,17,196.56,3341.52,Asia
19049,2025-04-17,Clothing,Patagonia Fleece Jacket,3,168.48,505.44,Europe
19050,2025-09-01,Books,Deep Work,9,20.26,182.34,South America
19051,2025-12-19,Sports,Callaway Golf Club Set,10,853.43,8534.30,Europe
19052,2025-05-04,Beauty Products,Dyson Supersonic Hair Dryer,20,394.73,7894.60,Asia
19053,2024-07-21,Books,Clean Code,4,36.23,144.92,Asia
19054,2024-05-17,Electronics,MacBook Pro 16-inch,2,2594.48,5188.96,Africa
19055,2024-05-03,Electronics,Google Pixel 8 Pro,16,1038.38,16614.08,Asia
19056,2024-04-27,Electronics,Samsung Galaxy Tab S8,14,704.68,9865.52,Africa
19057,2025-01-02,Beauty Products,Clinique Moisture Surge,9,43.26,389.34,Middle East
19058,2025-09-29,Electronics,MacBook Pro 16-inch,7,2624.17,18369.19,North America
19059,2025-05-15,Beauty Products,Maybelline Makeup Kit,7,46.63,326.41,North America
19060,2025-12-22,Beauty Products,Clinique Moisture Surge,18,47.97,863.46,Europe
19061,2024-06-24,Books,Sapiens,4,25.50,102.00,Europe
19062,2025-05-30,Sports,Manduka PRO Yoga Mat,13,124.57,1619.41,North America
19063,2025-08-12,Books,Dune by Frank Herbert,17,27.69,470.73,Oceania
19064,2024-09-16,Sports,Babolat Pure Drive Tennis Racket,18,189.38,3408.84,Europe
19065,2025-07-18,Beauty Products,Dyson Supersonic Hair Dryer,8,453.62,3628.96,South America
19066,2025-10-28,Electronics,Sony WH-1000XM5 Headphones,5,399.77,1998.85,Asia
19067,2025-06-08,Electronics,Samsung Galaxy Tab S8,5,749.05,3745.25,Asia
19068,2024-09-16,Books,Clean Code,3,40.63,121.89,Europe
19069,2025-12-05,Home Appliances,Dyson V11 Vacuum,3,463.99,1391.97,Oceania
19070,2024-07-19,Beauty Products,Olaplex Hair Repair Set,8,54.08,432.64,Africa
19071,2024-08-09,Beauty Products,Chanel No. 5 Perfume,1,127.58,127.58,North America
19072,2025-03-14,Sports,Fitbit Charge 6,14,162.33,2272.62,Asia
19073,2025-11-30,Clothing,Under Armour Training Shirt,11,36.48,401.28,Europe
19074,2025-04-11,Books,Atomic Habits,10,18.00,180.00,Asia
19075,2024-04-09,Home Appliances,LG Front Load Washer,8,829.61,6636.88,North America
19076,2024-12-16,Clothing,Adidas Ultraboost Shoes,20,183.02,3660.40,North America
19077,2024-08-08,Sports,Hydro Flask Sports Bottle,7,39.64,277.48,Africa
19078,2024-09-11,Electronics,Google Pixel 8 Pro,16,1057.32,16917.12,Europe
19079,2024-03-27,Beauty Products,Chanel No. 5 Perfume,15,123.81,1857.15,Oceania
19080,2025-11-07,Home Appliances,Blueair Classic 480i,19,551.64,10481.16,Middle East
19081,2024-11-21,Beauty Products,CeraVe Hydrating Cleanser,16,17.89,286.24,Middle East
19082,2025-07-01,Beauty Products,Clinique Moisture Surge,3,41.21,123.63,Oceania
19083,2025-07-23,Electronics,Samsung Galaxy Tab S8,7,784.79,5493.53,Europe
19084,2025-11-21,Books,Deep Work,3,19.30,57.90,Africa
19085,2024-05-11,Home Appliances,iRobot Roomba j7,6,632.15,3792.90,Europe
19086,2025-07-28,Electronics,Samsung Galaxy Tab S8,15,750.63,11259.45,Oceania
19087,2024-08-11,Home Appliances,Ninja Professional Blender,16,102.37,1637.92,North America
19088,2025-02-06,Home Appliances,Keurig K-Elite Coffee Maker,1,206.38,206.38,Europe
19089,2025-03-24,Clothing,Calvin Klein Slim Fit Shirt,14,90.11,1261.54,South America
19090,2025-01-08,Sports,Bowflex Adjustable Dumbbells,20,416.21,8324.20,South America
19091,2024-03-25,Electronics,Sony WH-1000XM5 Headphones,12,380.52,4566.24,South America
19092,2024-02-17,Beauty Products,Neutrogena Skincare Set,1,87.23,87.23,Oceania
19093,2025-04-20,Books,Sapiens,20,25.32,506.40,Oceania
19094,2025-08-23,Sports,Adidas FIFA Soccer Ball,11,37.47,412.17,Oceania
19095,2025-12-16,Clothing,North Face Down Jacket,4,266.20,1064.80,Asia
19096,2025-09-15,Clothing,Columbia Rain Jacket,17,124.96,2124.32,Middle East
19097,2024-12-21,Clothing,Calvin Klein Slim Fit Shirt,1,82.93,82.93,South America
19098,2024-06-11,Home Appliances,Samsung Smart Refrigerator,20,1937.10,38742.00,North America
19099,2024-08-21,Sports,Callaway Golf Club Set,9,899.85,8098.65,South America
19100,2024-06-16,Books,Deep Work,11,19.67,216.37,Oceania
19101,2025-01-04,Clothing,Columbia Rain Jacket,20,126.07,2521.40,Europe
19102,2024-04-06,Clothing,Adidas Ultraboost Shoes,3,176.22,528.66,Africa
19103,2025-05-30,Sports,Hydro Flask Sports Bottle,3,42.46,127.38,Oceania
19104,2025-04-13,Sports,Adidas FIFA Soccer Ball,20,41.83,836.60,Africa
19105,2024-11-11,Electronics,Samsung Galaxy Tab S8,9,799.12,7192.08,South America
19106,2024-02-04,Home Appliances,iRobot Roomba j7,12,706.03,8472.36,Europe
19107,2025-05-30,Home Appliances,iRobot Roomba j7,13,657.58,8548.54,Middle East
19108,2025-11-05,Home Appliances,iRobot Roomba j7,4,665.64,2662.56,Africa
19109,2025-07-06,Clothing,Columbia Rain Jacket,11,142.59,1568.49,Oceania
19110,2024-03-04,Books,The Psychology of Money,5,19.52,97.60,Africa
19111,2024-02-26,Clothing,Levi's 501 Jeans,8,70.10,560.80,Asia
19112,2024-04-10,Beauty Products,Maybelline Makeup Kit,18,45.06,811.08,Africa
19113,2025-05-30,Sports,Wilson Evolution Basketball,3,27.85,83.55,Middle East
19114,2025-10-13,Sports,Everlast Boxing Gloves,1,53.33,53.33,Asia
19115,2024-04-20,Books,Sapiens,4,24.62,98.48,Middle East
19116,2024-06-30,Home Appliances,Instant Pot Duo 7-in-1,9,135.37,1218.33,Europe
19117,2025-02-23,Electronics,Dell XPS 13 Laptop,11,1231.71,13548.81,North America
19118,2024-10-23,Beauty Products,Chanel No. 5 Perfume,2,127.27,254.54,Africa
19119,2024-07-17,Home Appliances,Instant Pot Duo 7-in-1,5,130.05,650.25,North America
19120,2024-06-12,Home Appliances,LG Front Load Washer,4,932.60,3730.40,North America
19121,2025-08-27,Beauty Products,Chanel No. 5 Perfume,11,137.01,1507.11,Asia
19122,2024-05-31,Home Appliances,Blueair Classic 480i,7,580.65,4064.55,South America
19123,2024-02-24,Sports,Babolat Pure Drive Tennis Racket,15,191.33,2869.95,North America
19124,2025-06-12,Sports,Hydro Flask Sports Bottle,1,40.78,40.78,Africa
19125,2025-04-15,Sports,Callaway Golf Club Set,14,936.57,13111.98,Asia
19126,2024-02-10,Home Appliances,LG Front Load Washer,12,976.20,11714.40,North America
19127,2024-10-25,Books,The Da Vinci Code,10,16.86,168.60,North America
19128,2025-02-18,Books,"Salt, Fat, Acid, Heat by Samin Nosrat",8,33.43,267.44,Asia
19129,2024-05-25,Books,The Da Vinci Code,12,16.14,193.68,North America
19130,2024-02-22,Home Appliances,Ninja Professional Blender,20,94.87,1897.40,Asia
19131,2025-12-10,Electronics,Samsung Galaxy Tab S8,14,745.18,10432.52,Asia
19132,2025-07-09,Home Appliances,Blueair Classic 480i,14,581.34,8138.76,North America
19133,2025-05-06,Clothing,Nike Air Force 1,15,94.32,1414.80,North America
19134,2025-08-27,Electronics,Sony WH-1000XM5 Headphones,2,436.92,873.84,Middle East
19135,2024-04-13,Electronics,iPhone 14 Pro,3,1062.03,3186.09,North America
19136,2025-06-14,Books,The Alchemist,10,12.95,129.50,South America
19137,2024-10-19,Clothing,Vans Old Skool Sneakers,14,84.96,1189.44,Europe
19138,2025-07-14,Electronics,MacBook Pro 16-inch,18,2373.33,42719.94,North America
19139,2024-10-03,Electronics,Sony WH-1000XM5 Headphones,10,438.15,4381.50,North America
19140,2024-03-16,Beauty Products,L'Oreal Revitalift Cream,8,32.41,259.28,Africa
19141,2025-10-27,Electronics,Dell XPS 13 Laptop,20,1217.92,24358.40,North America
19142,2025-06-08,Beauty Products,The Ordinary Serum Set,16,42.83,685.28,Asia
19143,2024-07-13,Electronics,Google Pixel 8 Pro,11,1028.50,11313.50,Europe
19144,2025-06-22,Books,Atomic Habits,3,21.39,64.17,North America
19145,2024-11-18,Clothing,North Face Down Jacket,17,227.93,3874.81,Oceania
19146,2025-05-16,Books,Dune by Frank Herbert,8,27.43,219.44,Europe
19147,2025-03-21,Books,The Da Vinci Code,19,15.81,300.39,North America
19148,2025-10-21,Electronics,Google Pixel 8 Pro,17,988.10,16797.70,Europe
19149,2025-07-20,Electronics,Google Pixel 8 Pro,3,948.75,2846.25,Oceania
19150,2025-05-09,Sports,Hydro Flask Sports Bottle,15,36.53,547.95,Africa
19151,2025-03-22,Beauty Products,CeraVe Hydrating Cleanser,20,17.38,347.60,North America
19152,2024-11-27,Electronics,Dell XPS 13 Laptop,3,1289.85,3869.55,South America
19153,2024-07-09,Clothing,North Face Down Jacket,8,240.16,1921.28,Oceania
19154,2025-08-23,Electronics,Sony WH-1000XM5 Headphones,12,366.73,4400.76,Africa
19155,2024-06-21,Sports,Manduka PRO Yoga Mat,7,122.20,855.40,Oceania
19156,2024-01-10,Sports,Spalding Volleyball,1,38.19,38.19,North America
19157,2025-11-05,Home Appliances,Samsung Smart Refrigerator,1,1899.81,1899.81,South America
19158,2024-07-08,Books,"Salt, Fat, Acid, Heat by Samin Nosrat",16,30.47,487.52,Oceania
19159,2024-09-05,Beauty Products,The Ordinary Serum Set,12,43.54,522.48,North America
19160,2025-11-22,Books,Dune by Frank Herbert,4,25.02,100.08,Asia
19161,2025-04-14,Beauty Products,CeraVe Hydrating Cleanser,4,19.70,78.80,Europe
19162,2025-03-20,Home Appliances,KitchenAid Stand Mixer,9,407.14,3664.26,Africa
19163,2025-11-24,Books,Atomic Habits,17,18.64,316.88,North America
19164,2024-05-05,Sports,Babolat Pure Drive Tennis Racket,10,203.58,2035.80,Africa
19165,2025-08-17,Electronics,Nintendo Switch OLED,5,379.33,1896.65,North America
19166,2025-02-14,Electronics,iPhone 14 Pro,15,1008.85,15132.75,North America
19167,2024-04-01,Beauty Products,Neutrogena Skincare Set,3,87.54,262.62,Europe
19168,2024-05-29,Beauty Products,Dyson Supersonic Hair Dryer,20,470.78,9415.60,Oceania
19169,2025-04-07,Beauty Products,Neutrogena Skincare Set,19,82.25,1562.75,North America
19170,2025-01-21,Beauty Products,Chanel No. 5 Perfume,10,120.85,1208.50,Africa
19171,2024-02-26,Clothing,Adidas Ultraboost Shoes,6,179.17,1075.02,North America
19172,2024-12-01,Clothing,Vans Old Skool Sneakers,12,87.69,1052.28,Asia
19173,2024-05-21,Home Appliances,Philips Air Fryer XXL,10,233.93,2339.30,South America
19174,2025-01-13,Clothing,Adidas Ultraboost Shoes,12,177.44,2129.28,Europe
19175,2025-08-10,Home Appliances,Samsung Smart Refrigerator,6,1820.21,10921.26,South America
19176,2025-10-18,Sports,Fitbit Charge 6,4,175.09,700.36,Europe
19177,2024-02-24,Home Appliances,Instant Pot Duo 7-in-1,7,139.72,978.04,South America
19178,2025-07-02,Home Appliances,LG Front Load Washer,7,837.11,5859.77,North America
19179,2024-12-26,Beauty Products,CeraVe Hydrating Cleanser,11,18.54,203.94,Middle East
19180,2025-11-19,Sports,Babolat Pure Drive Tennis Racket,10,184.30,1843.00,Middle East
19181,2025-05-09,Sports,Callaway Golf Club Set,18,895.71,16122.78,Africa
19182,2025-01-18,Books,"Salt, Fat, Acid, Heat by Samin Nosrat",9,29.94,269.46,Oceania
19183,2024-03-25,Sports,Callaway Golf Club Set,18,971.71,17490.78,Oceania
19184,2024-02-29,Home Appliances,Keurig K-Elite Coffee Maker,10,196.14,1961.40,South America
19185,2024-01-17,Sports,Spalding Volleyball,15,35.40,531.00,South America
19186,2024-04-11,Home Appliances,Ninja Professional Blender,3,95.68,287.04,South America
19187,2024-02-18,Beauty Products,Chanel No. 5 Perfume,15,120.98,1814.70,Europe
19188,2024-05-13,Books,The Da Vinci Code,8,16.79,134.32,Europe
19189,2025-03-02,Home Appliances,Keurig K-Elite Coffee Maker,8,194.31,1554.48,South America
19190,2025-04-16,Electronics,Canon EOS R10 Camera,20,972.26,19445.20,Middle East
19191,2025-05-06,Books,Atomic Habits,4,21.86,87.44,Europe
19192,2025-10-14,Beauty Products,Chanel No. 5 Perfume,14,142.89,2000.46,Middle East
19193,2024-06-14,Home Appliances,Philips Air Fryer XXL,3,246.73,740.19,Africa
19194,2024-12-19,Beauty Products,The Ordinary Serum Set,17,39.73,675.41,South America
19195,2025-10-21,Clothing,Levi's 501 Jeans,5,73.75,368.75,Asia
19196,2025-01-07,Books,"Salt, Fat, Acid, Heat by Samin Nosrat",6,32.96,197.76,Middle East
19197,2024-09-14,Sports,Callaway Golf Club Set,11,821.05,9031.55,Middle East
19198,2024-01-25,Clothing,Levi's 501 Jeans,1,70.61,70.61,Oceania
19199,2025-10-27,Books,"Salt, Fat, Acid, Heat by Samin Nosrat",16,30.32,485.12,Middle East
19200,2024-01-21,Electronics,Nintendo Switch OLED,13,353.73,4598.49,Asia
19201,2025-04-13,Beauty Products,CeraVe Hydrating Cleanser,11,17.73,195.03,Oceania
19202,2024-11-04,Clothing,Patagonia Fleece Jacket,17,167.70,2850.90,North America
19203,2025-07-07,Sports,Bowflex Adjustable Dumbbells,18,419.95,7559.10,Europe
19204,2025-09-19,Sports,Everlast Boxing Gloves,11,51.52,566.72,Oceania
19205,2025-04-05,Electronics,Garmin Forerunner 945,14,521.69,7303.66,North America
19206,2025-11-08,Beauty Products,Neutrogena Skincare Set,7,84.85,593.95,South America
19207,2024-11-28,Sports,Wilson Evolution Basketball,10,32.06,320.60,Asia
19208,2025-11-26,Beauty Products,Maybelline Makeup Kit,5,54.68,273.40,Asia
19209,2024-10-09,Electronics,MacBook Pro 16-inch,15,2412.74,36191.10,Asia
19210,2024-11-06,Home Appliances,LG Front Load Washer,20,838.33,16766.60,North America
19211,2025-03-12,Electronics,Apple Watch Series 9,12,404.40,4852.80,Middle East
19212,2025-08-26,Electronics,MacBook Pro 16-inch,20,2482.09,49641.80,North America
19213,2025-01-31,Beauty Products,Dyson Supersonic Hair Dryer,18,405.75,7303.50,Africa
19214,2025-07-08,Electronics,Apple Watch Series 9,16,414.38,6630.08,Middle East
19215,2025-01-22,Clothing,Under Armour Training Shirt,3,40.38,121.14,Asia
19216,2025-02-04,Home Appliances,Samsung Smart Refrigerator,14,1811.62,25362.68,Middle East
19217,2025-10-13,Sports,Adidas FIFA Soccer Ball,17,39.32,668.44,Oceania
19218,2025-10-25,Electronics,MacBook Pro 16-inch,13,2418.40,31439.20,Asia
19219,2024-09-24,Clothing,Columbia Rain Jacket,1,138.14,138.14,Middle East
19220,2025-10-08,Sports,Callaway Golf Club Set,16,932.91,14926.56,Africa
19221,2024-10-01,Books,Deep Work,5,19.08,95.40,Africa
19222,2025-09-26,Electronics,Canon EOS R10 Camera,13,943.29,12262.77,Africa
19223,2025-03-28,Sports,Adidas FIFA Soccer Ball,10,42.90,429.00,Asia
19224,2025-04-26,Clothing,Adidas Ultraboost Shoes,20,173.37,3467.40,South America
19225,2025-12-09,Home Appliances,LG Front Load Washer,13,861.78,11203.14,Asia
19226,2025-10-02,Books,The Psychology of Money,9,16.33,146.97,South America
19227,2025-09-22,Sports,Babolat Pure Drive Tennis Racket,20,187.98,3759.60,Africa
19228,2025-05-21,Electronics,Dell XPS 13 Laptop,15,1263.69,18955.35,Europe
19229,2025-03-28,Beauty Products,Clinique Moisture Surge,1,41.88,41.88,Africa
19230,2025-04-01,Clothing,Adidas Ultraboost Shoes,10,184.03,1840.30,Middle East
19231,2024-10-08,Electronics,Garmin Forerunner 945,3,491.62,1474.86,Africa
19232,2024-08-17,Sports,Manduka PRO Yoga Mat,10,122.73,1227.30,Asia
19233,2024-08-18,Electronics,Nintendo Switch OLED,9,380.92,3428.28,Asia
19234,2025-10-14,Sports,Callaway Golf Club Set,17,827.45,14066.65,North America
19235,2024-10-17,Beauty Products,Maybelline Makeup Kit,10,48.71,487.10,Europe
19236,2024-01-24,Sports,Wilson Evolution Basketball,7,30.92,216.44,Europe
19237,2025-04-17,Electronics,Nintendo Switch OLED,8,343.66,2749.28,Asia
19238,2024-07-19,Clothing,Puma Sports Hoodie,2,80.30,160.60,Asia
19239,2025-07-06,Electronics,iPhone 14 Pro,14,1016.75,14234.50,Africa
19240,2025-08-13,Clothing,Levi's 501 Jeans,4,71.23,284.92,Asia
19241,2025-07-05,Sports,Everlast Boxing Gloves,18,51.20,921.60,Oceania
19242,2025-11-22,Beauty Products,Clinique Moisture Surge,1,47.44,47.44,Africa
19243,2024-11-24,Books,Clean Code,13,36.09,469.17,South America
19244,2025-11-29,Clothing,Levi's 501 Jeans,15,73.01,1095.15,Asia
19245,2025-06-08,Books,"Salt, Fat, Acid, Heat by Samin Nosrat",9,34.47,310.23,South America
19246,2025-11-28,Beauty Products,Clinique Moisture Surge,17,42.25,718.25,Asia
19247,2025-04-03,Clothing,Columbia Rain Jacket,19,121.79,2314.01,South America
19248,2024-05-29,Home Appliances,Samsung Smart Refrigerator,10,1761.78,17617.80,Europe
19249,2025-10-22,Beauty Products,Chanel No. 5 Perfume,6,119.12,714.72,Middle East
19250,2025-06-05,Beauty Products,Dyson Supersonic Hair Dryer,1,429.83,429.83,Europe
19251,2025-01-01,Books,"Salt, Fat, Acid, Heat by Samin Nosrat",13,34.95,454.35,Asia
19252,2024-09-06,Clothing,Under Armour Training Shirt,5,36.70,183.50,Oceania
19253,2025-04-02,Books,Dune by Frank Herbert,17,27.48,467.16,South America
19254,2024-11-21,Sports,Wilson Evolution Basketball,15,31.45,471.75,Europe
19255,2025-05-31,Books,The Psychology of Money,12,19.14,229.68,Asia
19256,2025-11-06,Beauty Products,Dyson Supersonic Hair Dryer,11,391.15,4302.65,South America
19257,2025-11-08,Sports,Manduka PRO Yoga Mat,13,130.85,1701.05,Middle East
19258,2024-12-20,Clothing,North Face Down Jacket,5,228.72,1143.60,Oceania
19259,2025-09-17,Beauty Products,Maybelline Makeup Kit,8,50.96,407.68,North America
19260,2025-03-22,Home Appliances,Instant Pot Duo 7-in-1,6,141.46,848.76,South America
19261,2024-01-14,Books,The Alchemist,15,12.81,192.15,Asia
19262,2025-02-04,Books,Deep Work,16,19.87,317.92,Middle East
19263,2024-02-14,Sports,Adidas FIFA Soccer Ball,10,36.88,368.80,Oceania
19264,2024-01-01,Beauty Products,Chanel No. 5 Perfume,2,121.51,243.02,North America
19265,2025-05-28,Electronics,Garmin Forerunner 945,17,510.64,8680.88,Europe
19266,2025-09-26,Electronics,Sony WH-1000XM5 Headphones,3,417.96,1253.88,Middle East
19267,2024-12-23,Electronics,Samsung Galaxy Tab S8,6,750.70,4504.20,South America
19268,2024-07-22,Electronics,Samsung Galaxy Tab S8,12,775.49,9305.88,Africa
19269,2024-05-28,Home Appliances,KitchenAid Stand Mixer,7,488.05,3416.35,North America
19270,2024-10-31,Home Appliances,iRobot Roomba j7,15,676.67,10150.05,Middle East
19271,2025-01-09,Clothing,Nike Air Force 1,6,94.07,564.42,Oceania
19272,2025-11-16,Books,Sapiens,3,23.09,69.27,Africa
19273,2024-03-26,Electronics,Garmin Forerunner 945,14,473.56,6629.84,South America
19274,2024-05-14,Books,The Hobbit,4,14.87,59.48,Africa
19275,2024-05-05,Books,The Da Vinci Code,12,16.89,202.68,Europe
19276,2024-08-21,Clothing,Nike Air Force 1,13,98.31,1278.03,Middle East
19277,2024-06-02,Home Appliances,KitchenAid Stand Mixer,13,481.73,6262.49,Europe
19278,2025-01-11,Clothing,North Face Down Jacket,20,249.40,4988.00,North America
19279,2024-03-17,Beauty Products,Dyson Supersonic Hair Dryer,15,396.36,5945.40,Asia
19280,2025-04-01,Home Appliances,Samsung Smart Refrigerator,13,1956.39,25433.07,North America
19281,2024-04-27,Books,Sapiens,19,24.33,462.27,Middle East
19282,2024-11-20,Home Appliances,LG Front Load Washer,5,833.05,4165.25,South America
19283,2024-07-08,Electronics,Nintendo Switch OLED,17,361.65,6148.05,Asia
19284,2024-10-06,Books,The Da Vinci Code,17,14.92,253.64,Europe
19285,2025-12-10,Clothing,Columbia Rain Jacket,8,130.72,1045.76,Oceania
19286,2024-07-12,Books,The Da Vinci Code,19,14.63,277.97,Europe
19287,2025-08-24,Books,The Hobbit,18,14.59,262.62,Middle East
19288,2025-09-22,Books,The Hobbit,3,13.85,41.55,Oceania
19289,2024-12-29,Sports,Wilson Evolution Basketball,12,28.98,347.76,Europe
19290,2024-01-30,Books,The Psychology of Money,19,19.18,364.42,South America
19291,2025-11-22,Home Appliances,Blueair Classic 480i,9,580.46,5224.14,Africa
19292,2024-10-29,Electronics,Canon EOS R10 Camera,20,915.72,18314.40,Europe
19293,2025-12-26,Clothing,Puma Sports Hoodie,2,72.55,145.10,South America
19294,2024-08-08,Beauty Products,CeraVe Hydrating Cleanser,8,20.76,166.08,Middle East
19295,2025-02-22,Electronics,Dell XPS 13 Laptop,20,1373.71,27474.20,Africa
19296,2025-01-27,Home Appliances,Philips Air Fryer XXL,12,243.49,2921.88,North America
19297,2024-07-10,Electronics,Sony WH-1000XM5 Headphones,2,365.42,730.84,Middle East
19298,2024-05-06,Sports,Everlast Boxing Gloves,11,51.72,568.92,Africa
19299,2024-11-01,Clothing,Nike Air Force 1,11,88.89,977.79,North America
19300,2024-12-01,Electronics,Nintendo Switch OLED,9,350.49,3154.41,South America
19301,2025-08-17,Books,The Psychology of Money,9,17.24,155.16,Asia
19302,2025-09-22,Electronics,Dell XPS 13 Laptop,11,1306.03,14366.33,Africa
19303,2024-06-13,Sports,Bowflex Adjustable Dumbbells,8,410.09,3280.72,Africa
19304,2025-06-01,Clothing,Levi's 501 Jeans,1,68.68,68.68,Middle East
19305,2024-12-28,Home Appliances,Blueair Classic 480i,8,611.54,4892.32,Middle East
19306,2025-03-06,Clothing,North Face Down Jacket,1,231.47,231.47,Asia
19307,2024-12-20,Home Appliances,Instant Pot Duo 7-in-1,4,124.64,498.56,Asia
19308,2024-11-10,Clothing,North Face Down Jacket,13,257.13,3342.69,South America
19309,2025-06-03,Sports,Adidas FIFA Soccer Ball,13,41.49,539.37,Europe
19310,2024-07-12,Books,"Salt, Fat, Acid, Heat by Samin Nosrat",5,30.35,151.75,Asia
19311,2024-08-03,Beauty Products,Dyson Supersonic Hair Dryer,1,411.56,411.56,Europe
19312,2025-04-07,Sports,Hydro Flask Sports Bottle,5,42.46,212.30,Europe
19313,2025-02-27,Electronics,Apple Watch Series 9,16,401.89,6430.24,North America
19314,2024-01-13,Books,The Alchemist,13,13.33,173.29,Europe
19315,2025-02-27,Books,The Da Vinci Code,6,16.50,99.00,Middle East
19316,2024-04-06,Clothing,Adidas Ultraboost Shoes,15,183.54,2753.10,South America
19317,2025-11-21,Beauty Products,Maybelline Makeup Kit,2,52.05,104.10,Europe
19318,2025-09-25,Books,Clean Code,2,40.40,80.80,Oceania
19319,2024-07-03,Clothing,Puma Sports Hoodie,18,73.67,1326.06,North America
19320,2024-06-27,Home Appliances,Dyson V11 Vacuum,13,458.50,5960.50,North America
19321,2024-07-13,Clothing,Levi's 501 Jeans,17,63.21,1074.57,Oceania
19322,2025-07-03,Home Appliances,iRobot Roomba j7,19,699.99,13299.81,Oceania
19323,2024-02-13,Electronics,Samsung Galaxy Tab S8,9,675.06,6075.54,Middle East
19324,2024-10-18,Electronics,Nintendo Switch OLED,10,330.22,3302.20,North America
19325,2024-03-16,Books,The Da Vinci Code,14,15.04,210.56,North America
19326,2024-06-24,Books,The Psychology of Money,8,17.97,143.76,North America
19327,2025-04-05,Clothing,Adidas Ultraboost Shoes,6,182.81,1096.86,North America
19328,2024-09-24,Clothing,Columbia Rain Jacket,10,126.77,1267.70,Europe
19329,2025-04-05,Electronics,Samsung Galaxy Tab S8,1,776.27,776.27,Africa
19330,2024-03-08,Clothing,Adidas Ultraboost Shoes,12,185.45,2225.40,Europe
19331,2024-11-14,Beauty Products,Dyson Supersonic Hair Dryer,19,434.82,8261.58,Africa
19332,2024-10-26,Sports,Everlast Boxing Gloves,16,52.85,845.60,Europe
19333,2025-05-26,Books,"Salt, Fat, Acid, Heat by Samin Nosrat",13,32.82,426.66,Africa
19334,2025-04-26,Home Appliances,Blueair Classic 480i,12,556.38,6676.56,Europe
19335,2024-09-28,Clothing,North Face Down Jacket,6,265.34,1592.04,Oceania
19336,2025-03-05,Home Appliances,Philips Air Fryer XXL,3,241.21,723.63,Europe
19337,2025-07-11,Sports,Callaway Golf Club Set,3,850.62,2551.86,South America
19338,2025-04-18,Books,The Alchemist,16,12.78,204.48,Asia
19339,2024-01-19,Beauty Products,Maybelline Makeup Kit,1,48.94,48.94,Asia
19340,2024-12-16,Books,Clean Code,20,40.20,804.00,Middle East
19341,2024-07-08,Sports,Callaway Golf Club Set,7,878.08,6146.56,Asia
19342,2024-02-29,Beauty Products,Clinique Moisture Surge,1,48.05,48.05,Oceania
19343,2024-07-31,Electronics,Google Pixel 8 Pro,17,903.03,15351.51,Europe
19344,2025-03-14,Electronics,Canon EOS R10 Camera,1,1032.25,1032.25,Asia
19345,2025-07-27,Beauty Products,L'Oreal Revitalift Cream,16,27.09,433.44,North America
19346,2024-12-29,Beauty Products,Neutrogena Skincare Set,4,86.75,347.00,North America
19347,2025-06-02,Home Appliances,KitchenAid Stand Mixer,8,485.14,3881.12,Africa
19348,2024-05-10,Clothing,Calvin Klein Slim Fit Shirt,9,87.39,786.51,Oceania
19349,2025-03-09,Home Appliances,LG Front Load Washer,12,927.80,11133.60,Oceania
19350,2024-09-10,Sports,Fitbit Charge 6,8,161.37,1290.96,Africa
19351,2024-06-17,Clothing,North Face Down Jacket,7,260.95,1826.65,Oceania
19352,2024-12-05,Electronics,Nintendo Switch OLED,5,364.61,1823.05,North America
19353,2025-09-05,Home Appliances,KitchenAid Stand Mixer,15,428.56,6428.40,North America
19354,2024-01-09,Books,The Da Vinci Code,4,17.49,69.96,Asia
19355,2024-09-25,Sports,Hydro Flask Sports Bottle,6,40.52,243.12,Europe
19356,2024-05-17,Home Appliances,iRobot Roomba j7,5,657.35,3286.75,Africa
19357,2025-07-05,Books,Dune by Frank Herbert,4,23.70,94.80,Middle East
19358,2024-12-01,Books,Atomic Habits,10,21.73,217.30,Asia
19359,2024-04-10,Beauty Products,L'Oreal Revitalift Cream,15,29.06,435.90,South America
19360,2024-07-24,Books,Sapiens,7,23.08,161.56,Europe
19361,2025-10-12,Electronics,Google Pixel 8 Pro,16,941.14,15058.24,Oceania
19362,2025-09-10,Home Appliances,LG Front Load Washer,6,959.69,5758.14,Africa
19363,2024-11-22,Electronics,Dell XPS 13 Laptop,19,1171.49,22258.31,Oceania
19364,2024-06-12,Home Appliances,Blueair Classic 480i,4,554.62,2218.48,Middle East
19365,2024-03-03,Electronics,Apple Watch Series 9,15,441.26,6618.90,Europe
19366,2024-10-27,Clothing,Vans Old Skool Sneakers,10,85.66,856.60,Oceania
19367,2025-09-22,Beauty Products,Clinique Moisture Surge,14,46.43,650.02,Europe
19368,2025-05-03,Clothing,Vans Old Skool Sneakers,2,84.40,168.80,Middle East
19369,2024-02-15,Clothing,Nike Air Force 1,5,91.88,459.40,Oceania
19370,2025-08-17,Clothing,North Face Down Jacket,20,257.70,5154.00,North America
19371,2024-05-10,Sports,Callaway Golf Club Set,1,845.68,845.68,Oceania
19372,2025-11-16,Electronics,MacBook Pro 16-inch,13,2499.24,32490.12,Europe
19373,2024-09-15,Clothing,North Face Down Jacket,1,260.66,260.66,Europe
19374,2025-06-25,Clothing,Vans Old Skool Sneakers,9,79.26,713.34,Europe
19375,2024-06-27,Sports,Wilson Evolution Basketball,14,28.78,402.92,Oceania
19376,2024-02-18,Books,The Alchemist,13,13.16,171.08,Middle East
19377,2024-07-12,Books,Dune by Frank Herbert,15,27.94,419.10,Oceania
19378,2024-01-05,Beauty Products,The Ordinary Serum Set,16,39.31,628.96,South America
19379,2024-07-14,Beauty Products,MAC Lipstick Collection,13,72.28,939.64,South America
19380,2024-04-25,Sports,Adidas FIFA Soccer Ball,11,37.99,417.89,Middle East
19381,2025-02-03,Electronics,Nintendo Switch OLED,16,333.01,5328.16,Africa
19382,2024-04-14,Sports,Spalding Volleyball,5,32.36,161.80,Middle East
19383,2024-07-16,Sports,Babolat Pure Drive Tennis Racket,19,200.73,3813.87,Middle East
19384,2025-02-16,Electronics,Nintendo Switch OLED,18,354.77,6385.86,Europe
19385,2024-12-31,Electronics,Apple Watch Series 9,1,402.89,402.89,North America
19386,2024-09-08,Electronics,Nintendo Switch OLED,14,374.31,5240.34,North America
19387,2025-03-01,Beauty Products,CeraVe Hydrating Cleanser,13,17.58,228.54,Oceania
19388,2025-07-21,Electronics,MacBook Pro 16-inch,2,2421.49,4842.98,Oceania
19389,2024-05-19,Clothing,Calvin Klein Slim Fit Shirt,3,90.45,271.35,Asia
19390,2025-06-27,Electronics,Samsung Galaxy Tab S8,12,735.83,8829.96,Oceania
19391,2024-07-18,Books,The Hobbit,11,14.78,162.58,Europe
19392,2025-12-27,Sports,Callaway Golf Club Set,13,882.80,11476.40,Europe
19393,2024-06-25,Beauty Products,Clinique Moisture Surge,20,47.25,945.00,Oceania
19394,2025-09-23,Electronics,Google Pixel 8 Pro,17,902.72,15346.24,Middle East
19395,2025-06-30,Beauty Products,CeraVe Hydrating Cleanser,17,18.10,307.70,Oceania
19396,2025-08-21,Clothing,Columbia Rain Jacket,6,122.44,734.64,Middle East
19397,2025-08-30,Beauty Products,The Ordinary Serum Set,15,38.92,583.80,Europe
19398,2024-05-03,Home Appliances,Ninja Professional Blender,14,93.35,1306.90,Europe
19399,2025-08-24,Sports,Wilson Evolution Basketball,14,27.90,390.60,Europe
19400,2025-10-17,Books,The Hobbit,20,14.26,285.20,Oceania
19401,2025-04-04,Clothing,Under Armour Training Shirt,14,37.58,526.12,North America
19402,2025-05-04,Books,Atomic Habits,15,20.00,300.00,Asia
19403,2025-06-07,Beauty Products,MAC Lipstick Collection,5,75.18,375.90,Oceania
19404,2025-01-06,Books,"Salt, Fat, Acid, Heat by Samin Nosrat",11,30.73,338.03,North America
19405,2024-04-03,Sports,Callaway Golf Club Set,10,824.14,8241.40,Middle East
19406,2025-10-17,Electronics,Google Pixel 8 Pro,20,1019.07,20381.40,North America
19407,2025-02-07,Beauty Products,CeraVe Hydrating Cleanser,20,17.63,352.60,Africa
19408,2024-10-10,Sports,Fitbit Charge 6,15,151.30,2269.50,North America
19409,2025-12-27,Clothing,Nike Air Force 1,8,84.93,679.44,Asia
19410,2024-05-22,Home Appliances,Samsung Smart Refrigerator,17,1758.34,29891.78,Europe
19411,2024-05-31,Beauty Products,Maybelline Makeup Kit,12,54.38,652.56,Europe
19412,2024-08-15,Home Appliances,LG Front Load Washer,19,829.89,15767.91,Europe
19413,2025-08-24,Electronics,Google Pixel 8 Pro,12,1062.32,12747.84,Middle East
19414,2025-06-20,Books,"Salt, Fat, Acid, Heat by Samin Nosrat",13,30.03,390.39,Asia
19415,2025-04-26,Home Appliances,Instant Pot Duo 7-in-1,5,140.04,700.20,Europe
19416,2025-09-03,Clothing,Nike Air Force 1,16,84.41,1350.56,Middle East
19417,2025-02-21,Books,Sapiens,19,25.03,475.57,Middle East
19418,2025-05-29,Sports,Hydro Flask Sports Bottle,18,37.54,675.72,South America
19419,2024-01-14,Electronics,Canon EOS R10 Camera,17,883.66,15022.22,Oceania
19420,2024-07-13,Electronics,Dell XPS 13 Laptop,7,1256.50,8795.50,Europe
19421,2024-05-29,Sports,Babolat Pure Drive Tennis Racket,11,215.34,2368.74,Middle East
19422,2025-03-20,Clothing,Under Armour Training Shirt,10,39.94,399.40,Asia
19423,2025-12-11,Beauty Products,L'Oreal Revitalift Cream,14,27.02,378.28,Oceania
19424,2024-01-25,Books,Clean Code,7,42.11,294.77,Africa
19425,2025-05-28,Home Appliances,Philips Air Fryer XXL,15,255.22,3828.30,Oceania
19426,2025-12-10,Beauty Products,L'Oreal Revitalift Cream,12,31.22,374.64,Europe
19427,2024-06-30,Beauty Products,Neutrogena Skincare Set,3,86.24,258.72,Asia
19428,2024-09-09,Books,"Salt, Fat, Acid, Heat by Samin Nosrat",15,35.03,525.45,Europe
19429,2025-01-10,Electronics,Samsung Galaxy Tab S8,11,805.55,8861.05,Middle East
19430,2025-09-29,Home Appliances,Keurig K-Elite Coffee Maker,14,181.18,2536.52,Asia
19431,2024-11-25,Clothing,Columbia Rain Jacket,6,131.07,786.42,Middle East
19432,2024-09-20,Beauty Products,Clinique Moisture Surge,10,41.06,410.60,Middle East
19433,2024-07-18,Home Appliances,Ninja Professional Blender,12,91.25,1095.00,North America
19434,2024-11-13,Electronics,Dell XPS 13 Laptop,5,1243.91,6219.55,Africa
19435,2025-06-05,Sports,Adidas FIFA Soccer Ball,4,42.67,170.68,North America
19436,2025-04-25,Clothing,Vans Old Skool Sneakers,5,79.01,395.05,North America
19437,2025-12-23,Beauty Products,CeraVe Hydrating Cleanser,4,18.18,72.72,Europe
19438,2025-09-10,Electronics,Apple Watch Series 9,13,439.55,5714.15,South America
19439,2025-03-17,Clothing,Vans Old Skool Sneakers,8,75.09,600.72,Europe
19440,2025-09-03,Clothing,Levi's 501 Jeans,8,74.55,596.40,South America
19441,2025-12-25,Sports,Callaway Golf Club Set,3,955.11,2865.33,South America
19442,2025-06-03,Sports,Manduka PRO Yoga Mat,20,122.42,2448.40,Europe
19443,2024-04-11,Books,The Da Vinci Code,16,14.86,237.76,Asia
19444,2024-01-13,Sports,Everlast Boxing Gloves,2,51.95,103.90,Oceania
19445,2025-12-28,Books,The Da Vinci Code,1,16.49,16.49,Europe
19446,2024-04-07,Clothing,Calvin Klein Slim Fit Shirt,1,89.12,89.12,Africa
19447,2024-12-30,Sports,Babolat Pure Drive Tennis Racket,9,218.31,1964.79,North America
19448,2025-06-30,Clothing,Calvin Klein Slim Fit Shirt,15,86.74,1301.10,Middle East
19449,2024-10-13,Sports,Wilson Evolution Basketball,6,32.47,194.82,Africa
19450,2024-12-02,Clothing,Levi's 501 Jeans,19,72.57,1378.83,Europe
19451,2025-06-10,Clothing,Puma Sports Hoodie,14,79.25,1109.50,Oceania
19452,2025-06-06,Beauty Products,MAC Lipstick Collection,16,81.93,1310.88,South America
19453,2025-10-10,Sports,Bowflex Adjustable Dumbbells,4,429.15,1716.60,North America
19454,2024-10-14,Electronics,iPhone 14 Pro,2,927.41,1854.82,Oceania
19455,2024-07-08,Electronics,Canon EOS R10 Camera,13,895.87,11646.31,Oceania
19456,2024-03-05,Home Appliances,Ninja Professional Blender,7,100.88,706.16,Middle East
19457,2024-07-16,Books,The Alchemist,14,13.62,190.68,Oceania
19458,2024-04-22,Beauty Products,MAC Lipstick Collection,1,84.34,84.34,Oceania
19459,2025-03-18,Books,The Psychology of Money,17,18.23,309.91,Middle East
19460,2025-09-23,Sports,Everlast Boxing Gloves,20,48.13,962.60,Middle East
19461,2025-01-08,Books,Atomic Habits,10,18.60,186.00,Middle East
19462,2024-03-21,Sports,Fitbit Charge 6,14,158.72,2222.08,Europe
19463,2024-04-22,Books,Sapiens,10,26.31,263.10,Africa
19464,2024-10-27,Electronics,iPhone 14 Pro,14,1028.33,14396.62,Europe
19465,2025-09-21,Electronics,iPhone 14 Pro,19,1021.49,19408.31,Oceania
19466,2025-10-17,Electronics,Samsung Galaxy Tab S8,1,761.31,761.31,Oceania
19467,2025-04-22,Sports,Callaway Golf Club Set,15,966.22,14493.30,Asia
19468,2024-01-30,Home Appliances,Blueair Classic 480i,2,650.66,1301.32,Oceania
19469,2025-10-17,Sports,Callaway Golf Club Set,15,920.76,13811.40,Africa
19470,2025-05-05,Electronics,Canon EOS R10 Camera,1,966.67,966.67,North America
19471,2024-02-28,Electronics,Google Pixel 8 Pro,18,1013.73,18247.14,Europe
19472,2024-10-18,Electronics,Nintendo Switch OLED,12,363.52,4362.24,Middle East
19473,2024-03-03,Beauty Products,Chanel No. 5 Perfume,3,135.85,407.55,South America
19474,2025-01-04,Books,The Psychology of Money,20,17.34,346.80,Africa
19475,2025-06-30,Home Appliances,Ninja Professional Blender,15,90.43,1356.45,South America
19476,2024-07-30,Beauty Products,Olaplex Hair Repair Set,8,54.26,434.08,Africa
19477,2025-05-11,Home Appliances,Dyson V11 Vacuum,2,496.49,992.98,North America
19478,2024-09-21,Electronics,Sony WH-1000XM5 Headphones,20,360.23,7204.60,North America
19479,2024-08-21,Home Appliances,Ninja Professional Blender,20,94.17,1883.40,Oceania
19480,2024-01-02,Clothing,Patagonia Fleece Jacket,15,194.53,2917.95,South America
19481,2025-01-26,Sports,Bowflex Adjustable Dumbbells,4,411.54,1646.16,Oceania
19482,2024-02-14,Home Appliances,Instant Pot Duo 7-in-1,7,140.94,986.58,Africa
19483,2025-06-30,Electronics,Nintendo Switch OLED,10,321.90,3219.00,Africa
19484,2024-06-05,Home Appliances,Ninja Professional Blender,12,106.63,1279.56,Asia
19485,2025-07-24,Home Appliances,Keurig K-Elite Coffee Maker,11,192.93,2122.23,Africa
19486,2025-01-08,Books,The Alchemist,19,13.80,262.20,South America
19487,2025-02-11,Clothing,North Face Down Jacket,18,265.05,4770.90,North America
19488,2024-01-03,Beauty Products,L'Oreal Revitalift Cream,6,29.80,178.80,Oceania
19489,2024-03-05,Books,The Hobbit,11,16.12,177.32,Oceania
19490,2024-06-11,Books,The Da Vinci Code,15,17.51,262.65,Oceania
19491,2025-12-02,Clothing,Calvin Klein Slim Fit Shirt,7,98.82,691.74,Oceania
19492,2024-07-25,Home Appliances,Philips Air Fryer XXL,12,232.89,2794.68,South America
19493,2025-10-21,Sports,Adidas FIFA Soccer Ball,3,38.93,116.79,Europe
19494,2025-01-06,Beauty Products,Dyson Supersonic Hair Dryer,4,416.68,1666.72,North America
19495,2024-02-25,Beauty Products,Maybelline Makeup Kit,16,52.78,844.48,Europe
19496,2024-06-30,Electronics,iPhone 14 Pro,7,943.13,6601.91,Middle East
19497,2024-10-12,Clothing,Patagonia Fleece Jacket,2,184.55,369.10,Africa
19498,2024-03-09,Sports,Bowflex Adjustable Dumbbells,6,391.39,2348.34,Asia
19499,2024-07-19,Sports,Callaway Golf Club Set,18,853.60,15364.80,Asia
19500,2025-10-28,Home Appliances,KitchenAid Stand Mixer,16,479.51,7672.16,North America
19501,2025-07-01,Clothing,Adidas Ultraboost Shoes,11,203.94,2243.34,Oceania
19502,2024-08-09,Beauty Products,Dyson Supersonic Hair Dryer,15,421.15,6317.25,Oceania
19503,2024-12-23,Beauty Products,CeraVe Hydrating Cleanser,19,18.09,343.71,Middle East
19504,2024-09-29,Clothing,Patagonia Fleece Jacket,3,185.78,557.34,Europe
19505,2024-06-28,Beauty Products,The Ordinary Serum Set,8,42.34,338.72,Oceania
19506,2024-08-13,Home Appliances,LG Front Load Washer,17,930.20,15813.40,South America
19507,2024-05-31,Electronics,Dell XPS 13 Laptop,5,1428.99,7144.95,North America
19508,2025-09-13,Clothing,Under Armour Training Shirt,16,40.30,644.80,Middle East
19509,2025-01-15,Beauty Products,The Ordinary Serum Set,1,43.45,43.45,South America
19510,2025-07-11,Clothing,Columbia Rain Jacket,9,127.96,1151.64,South America
19511,2024-12-11,Clothing,Patagonia Fleece Jacket,17,182.56,3103.52,Oceania
19512,2025-08-17,Sports,Everlast Boxing Gloves,15,54.76,821.40,Asia
19513,2025-10-23,Electronics,Garmin Forerunner 945,13,521.04,6773.52,North America
19514,2024-08-02,Beauty Products,MAC Lipstick Collection,18,77.42,1393.56,Middle East
19515,2024-07-12,Beauty Products,CeraVe Hydrating Cleanser,12,17.61,211.32,North America
19516,2024-10-13,Home Appliances,LG Front Load Washer,7,984.40,6890.80,North America
19517,2025-08-15,Books,Sapiens,13,24.24,315.12,Oceania
19518,2025-01-28,Clothing,Calvin Klein Slim Fit Shirt,2,97.01,194.02,North America
19519,2024-12-14,Books,"Salt, Fat, Acid, Heat by Samin Nosrat",14,32.44,454.16,South America
19520,2024-11-08,Clothing,Nike Air Force 1,17,87.73,1491.41,South America
19521,2024-05-13,Clothing,Calvin Klein Slim Fit Shirt,13,84.51,1098.63,Middle East
19522,2024-02-02,Electronics,iPhone 14 Pro,14,1063.98,14895.72,Europe
19523,2024-04-19,Sports,Manduka PRO Yoga Mat,2,116.68,233.36,Middle East
19524,2024-08-05,Clothing,Levi's 501 Jeans,14,74.89,1048.46,South America
19525,2024-08-07,Books,The Alchemist,18,12.26,220.68,South America
19526,2025-01-30,Clothing,Levi's 501 Jeans,12,72.76,873.12,Africa
19527,2025-08-03,Electronics,MacBook Pro 16-inch,16,2591.98,41471.68,Africa
19528,2025-01-17,Electronics,MacBook Pro 16-inch,15,2459.07,36886.05,South America
19529,2024-11-22,Home Appliances,Philips Air Fryer XXL,12,273.73,3284.76,Europe
19530,2024-09-25,Clothing,North Face Down Jacket,3,244.46,733.38,North America
19531,2024-04-16,Books,Deep Work,8,18.86,150.88,North America
19532,2025-06-14,Electronics,Sony WH-1000XM5 Headphones,17,431.55,7336.35,South America
19533,2024-05-05,Sports,Babolat Pure Drive Tennis Racket,16,203.38,3254.08,Asia
19534,2024-04-12,Sports,Wilson Evolution Basketball,14,28.64,400.96,Europe
19535,2025-01-03,Electronics,Apple Watch Series 9,17,466.24,7926.08,South America
19536,2024-09-15,Home Appliances,Blueair Classic 480i,20,611.92,12238.40,South America
19537,2024-08-21,Clothing,Vans Old Skool Sneakers,3,85.55,256.65,North America
19538,2024-10-05,Books,Dune by Frank Herbert,12,27.66,331.92,Europe
19539,2025-03-26,Clothing,Levi's 501 Jeans,19,65.21,1238.99,South America
19540,2024-05-24,Clothing,Calvin Klein Slim Fit Shirt,7,85.17,596.19,South America
19541,2024-07-06,Beauty Products,MAC Lipstick Collection,1,87.23,87.23,North America
19542,2025-03-18,Electronics,Apple Watch Series 9,14,415.38,5815.32,Oceania
19543,2025-06-21,Home Appliances,Blueair Classic 480i,2,583.20,1166.40,Asia
19544,2025-11-26,Sports,Babolat Pure Drive Tennis Racket,3,204.67,614.01,Middle East
19545,2025-03-31,Sports,Wilson Evolution Basketball,16,32.26,516.16,South America
19546,2024-08-06,Beauty Products,Dyson Supersonic Hair Dryer,7,399.35,2795.45,Asia
19547,2025-10-07,Home Appliances,Instant Pot Duo 7-in-1,6,129.39,776.34,Oceania
19548,2024-10-26,Clothing,Calvin Klein Slim Fit Shirt,19,96.66,1836.54,Asia
19549,2024-02-14,Beauty Products,The Ordinary Serum Set,17,42.60,724.20,North America
19550,2024-01-31,Clothing,Adidas Ultraboost Shoes,14,177.11,2479.54,Oceania
19551,2024-05-26,Clothing,Nike Air Force 1,11,92.16,1013.76,Oceania
19552,2025-09-25,Books,Clean Code,20,40.36,807.20,Africa
19553,2025-09-19,Home Appliances,Ninja Professional Blender,4,98.32,393.28,Europe
19554,2025-08-02,Beauty Products,Neutrogena Skincare Set,18,82.90,1492.20,North America
19555,2025-09-26,Books,Clean Code,16,38.20,611.20,Africa
19556,2024-07-14,Sports,Manduka PRO Yoga Mat,11,111.73,1229.03,Europe
19557,2025-08-27,Clothing,Adidas Ultraboost Shoes,14,197.10,2759.40,Europe
19558,2024-12-30,Home Appliances,Samsung Smart Refrigerator,12,1894.13,22729.56,Europe
19559,2025-06-18,Home Appliances,Samsung Smart Refrigerator,17,1991.01,33847.17,North America
19560,2025-07-31,Clothing,Adidas Ultraboost Shoes,2,201.28,402.56,Africa
19561,2025-01-08,Home Appliances,Ninja Professional Blender,7,96.15,673.05,Africa
19562,2025-01-06,Sports,Bowflex Adjustable Dumbbells,4,450.17,1800.68,Oceania
19563,2025-09-08,Books,Atomic Habits,20,20.24,404.80,Europe
19564,2025-01-17,Books,Sapiens,20,26.96,539.20,Europe
19565,2025-07-14,Books,The Da Vinci Code,16,17.15,274.40,South America
19566,2024-11-02,Home Appliances,Keurig K-Elite Coffee Maker,6,208.39,1250.34,Asia
19567,2024-08-12,Electronics,Nintendo Switch OLED,12,331.42,3977.04,Oceania
19568,2024-03-29,Sports,Fitbit Charge 6,12,171.13,2053.56,Middle East
19569,2024-11-28,Home Appliances,Instant Pot Duo 7-in-1,14,132.61,1856.54,Oceania
19570,2024-03-14,Books,Deep Work,9,18.68,168.12,Middle East
19571,2024-06-20,Clothing,Puma Sports Hoodie,4,75.49,301.96,South America
19572,2024-10-31,Electronics,Dell XPS 13 Laptop,18,1384.32,24917.76,North America
19573,2025-07-17,Home Appliances,Philips Air Fryer XXL,9,270.71,2436.39,Middle East
19574,2025-01-01,Electronics,iPhone 14 Pro,7,1022.96,7160.72,Europe
19575,2025-09-10,Home Appliances,Dyson V11 Vacuum,20,545.69,10913.80,Middle East
19576,2025-10-25,Electronics,Google Pixel 8 Pro,15,954.65,14319.75,Europe
19577,2024-03-01,Home Appliances,LG Front Load Washer,3,973.72,2921.16,South America
19578,2025-10-08,Sports,Adidas FIFA Soccer Ball,8,39.18,313.44,Europe
19579,2024-05-02,Books,Deep Work,4,20.29,81.16,Asia
19580,2025-05-19,Books,Atomic Habits,16,19.32,309.12,Africa
19581,2025-02-17,Beauty Products,Dyson Supersonic Hair Dryer,1,453.93,453.93,Europe
19582,2024-04-07,Electronics,Dell XPS 13 Laptop,17,1322.45,22481.65,Middle East
19583,2025-03-24,Home Appliances,Keurig K-Elite Coffee Maker,11,208.34,2291.74,Europe
19584,2024-04-19,Electronics,Samsung Galaxy Tab S8,8,775.57,6204.56,Africa
19585,2025-04-04,Electronics,Garmin Forerunner 945,17,499.98,8499.66,Africa
19586,2024-08-23,Electronics,Apple Watch Series 9,1,393.35,393.35,Asia
19587,2025-05-27,Beauty Products,Clinique Moisture Surge,7,48.04,336.28,Middle East
19588,2024-10-25,Electronics,Google Pixel 8 Pro,9,985.12,8866.08,South America
19589,2025-08-26,Clothing,Nike Air Force 1,9,83.01,747.09,South America
19590,2025-10-08,Clothing,Adidas Ultraboost Shoes,16,185.68,2970.88,Africa
19591,2024-02-01,Sports,Hydro Flask Sports Bottle,16,43.31,692.96,Middle East
19592,2025-09-17,Home Appliances,Instant Pot Duo 7-in-1,6,137.77,826.62,North America
19593,2024-04-09,Books,The Alchemist,4,13.00,52.00,Asia
19594,2025-10-07,Clothing,Calvin Klein Slim Fit Shirt,12,97.79,1173.48,Africa
19595,2024-02-18,Home Appliances,Philips Air Fryer XXL,13,240.54,3127.02,Oceania
19596,2025-05-13,Books,Deep Work,9,18.60,167.40,Africa
19597,2025-05-21,Books,Sapiens,19,23.56,447.64,Europe
19598,2025-06-13,Books,The Da Vinci Code,8,16.57,132.56,Middle East
19599,2024-04-18,Beauty Products,L'Oreal Revitalift Cream,8,30.79,246.32,North America
19600,2025-02-07,Home Appliances,KitchenAid Stand Mixer,9,460.31,4142.79,Middle East
19601,2025-04-14,Beauty Products,Maybelline Makeup Kit,4,49.17,196.68,South America
19602,2025-11-23,Electronics,Samsung Galaxy Tab S8,6,746.55,4479.30,Europe
19603,2025-08-10,Clothing,Patagonia Fleece Jacket,3,194.71,584.13,South America
19604,2024-05-10,Home Appliances,LG Front Load Washer,18,986.25,17752.50,Oceania
19605,2025-05-27,Electronics,Apple Watch Series 9,19,463.28,8802.32,Asia
19606,2025-09-05,Books,Sapiens,17,26.89,457.13,Asia
19607,2024-03-06,Beauty Products,Dyson Supersonic Hair Dryer,8,410.66,3285.28,Europe
19608,2025-08-14,Home Appliances,LG Front Load Washer,8,876.82,7014.56,Middle East
19609,2025-02-28,Books,Sapiens,5,24.25,121.25,Asia
19610,2025-02-15,Beauty Products,MAC Lipstick Collection,13,72.52,942.76,South America
19611,2024-08-25,Beauty Products,MAC Lipstick Collection,7,72.55,507.85,Middle East
19612,2024-02-20,Home Appliances,Keurig K-Elite Coffee Maker,19,190.57,3620.83,Middle East
19613,2024-09-03,Clothing,Adidas Ultraboost Shoes,1,186.56,186.56,South America
19614,2024-03-29,Electronics,Garmin Forerunner 945,12,468.52,5622.24,Oceania
19615,2024-01-21,Beauty Products,The Ordinary Serum Set,4,41.25,165.00,Europe
19616,2024-01-11,Home Appliances,Blueair Classic 480i,14,638.25,8935.50,Oceania
19617,2024-05-14,Clothing,Under Armour Training Shirt,19,37.68,715.92,Europe
19618,2024-07-30,Beauty Products,CeraVe Hydrating Cleanser,11,18.86,207.46,Oceania
19619,2024-02-23,Home Appliances,Dyson V11 Vacuum,1,542.06,542.06,Asia
19620,2024-08-10,Sports,Everlast Boxing Gloves,13,52.35,680.55,North America
19621,2025-07-14,Electronics,Dell XPS 13 Laptop,13,1262.36,16410.68,North America
19622,2024-02-08,Home Appliances,KitchenAid Stand Mixer,19,483.10,9178.90,South America
19623,2025-01-31,Home Appliances,LG Front Load Washer,20,947.50,18950.00,South America
19624,2024-10-24,Books,"Salt, Fat, Acid, Heat by Samin Nosrat",3,36.24,108.72,South America
19625,2024-02-17,Beauty Products,L'Oreal Revitalift Cream,4,30.12,120.48,North America
19626,2025-02-04,Clothing,Nike Air Force 1,13,85.68,1113.84,South America
19627,2025-10-29,Beauty Products,Maybelline Makeup Kit,15,47.52,712.80,Africa
19628,2024-06-17,Sports,Babolat Pure Drive Tennis Racket,5,218.18,1090.90,North America
19629,2024-07-21,Books,Atomic Habits,8,20.91,167.28,Europe
19630,2025-10-22,Electronics,iPhone 14 Pro,19,917.14,17425.66,Oceania
19631,2024-08-07,Clothing,Calvin Klein Slim Fit Shirt,5,94.78,473.90,Asia
19632,2025-01-08,Sports,Hydro Flask Sports Bottle,15,37.95,569.25,Middle East
19633,2024-09-07,Clothing,Patagonia Fleece Jacket,6,172.25,1033.50,Oceania
19634,2025-11-23,Home Appliances,Dyson V11 Vacuum,3,459.13,1377.39,South America
19635,2024-01-05,Home Appliances,Instant Pot Duo 7-in-1,4,138.49,553.96,Asia
19636,2025-02-06,Electronics,Apple Watch Series 9,10,414.77,4147.70,North America
19637,2025-01-07,Beauty Products,L'Oreal Revitalift Cream,18,32.25,580.50,Europe
19638,2025-01-18,Sports,Adidas FIFA Soccer Ball,18,41.27,742.86,Middle East
19639,2024-01-21,Sports,Wilson Evolution Basketball,12,29.03,348.36,North America
19640,2024-06-30,Home Appliances,Blueair Classic 480i,11,634.26,6976.86,Oceania
19641,2024-03-26,Clothing,Puma Sports Hoodie,19,77.14,1465.66,Asia
19642,2025-08-14,Beauty Products,Dyson Supersonic Hair Dryer,8,432.82,3462.56,Europe
19643,2025-02-01,Books,Dune by Frank Herbert,5,27.33,136.65,Europe
19644,2024-02-17,Electronics,Samsung Galaxy Tab S8,17,747.97,12715.49,Oceania
19645,2024-05-28,Sports,Adidas FIFA Soccer Ball,10,42.92,429.20,South America
19646,2024-04-12,Sports,Fitbit Charge 6,3,147.26,441.78,Asia
19647,2025-10-02,Sports,Hydro Flask Sports Bottle,20,43.87,877.40,North America
19648,2024-07-10,Books,"Salt, Fat, Acid, Heat by Samin Nosrat",2,31.37,62.74,Asia
19649,2025-01-10,Home Appliances,iRobot Roomba j7,14,672.09,9409.26,Europe
19650,2025-08-29,Books,Sapiens,4,24.94,99.76,Middle East
19651,2024-11-17,Books,Clean Code,4,39.16,156.64,Europe
19652,2024-01-06,Clothing,Puma Sports Hoodie,7,71.34,499.38,Asia
19653,2024-08-26,Home Appliances,KitchenAid Stand Mixer,18,486.96,8765.28,Asia
19654,2024-02-18,Books,Atomic Habits,10,20.53,205.30,North America
19655,2024-05-04,Books,"Salt, Fat, Acid, Heat by Samin Nosrat",1,35.09,35.09,Africa
19656,2025-04-04,Home Appliances,Blueair Classic 480i,12,606.85,7282.20,Africa
19657,2025-03-13,Home Appliances,Samsung Smart Refrigerator,11,1826.82,20095.02,South America
19658,2024-02-11,Electronics,Apple Watch Series 9,5,416.31,2081.55,Asia
19659,2025-02-06,Home Appliances,Keurig K-Elite Coffee Maker,2,199.91,399.82,Middle East
19660,2024-05-05,Beauty Products,Neutrogena Skincare Set,19,92.93,1765.67,Africa
19661,2024-03-17,Beauty Products,CeraVe Hydrating Cleanser,3,20.54,61.62,Asia
19662,2024-11-18,Clothing,Adidas Ultraboost Shoes,7,176.91,1238.37,South America
19663,2024-10-07,Electronics,Canon EOS R10 Camera,1,1037.46,1037.46,South America
19664,2025-03-09,Sports,Adidas FIFA Soccer Ball,14,43.69,611.66,Asia
19665,2025-09-09,Clothing,Adidas Ultraboost Shoes,15,181.51,2722.65,Africa
19666,2025-04-28,Electronics,Dell XPS 13 Laptop,6,1354.42,8126.52,Oceania
19667,2024-09-15,Beauty Products,Neutrogena Skincare Set,8,91.11,728.88,Oceania
19668,2024-04-21,Books,"Salt, Fat, Acid, Heat by Samin Nosrat",14,33.86,474.04,Asia
19669,2024-12-01,Books,The Hobbit,16,15.87,253.92,Oceania
19670,2024-04-21,Clothing,Levi's 501 Jeans,1,64.10,64.10,Oceania
19671,2024-12-01,Home Appliances,Instant Pot Duo 7-in-1,8,130.61,1044.88,North America
19672,2024-06-19,Books,The Hobbit,19,15.79,300.01,Europe
19673,2024-11-27,Home Appliances,Blueair Classic 480i,3,601.01,1803.03,South America
19674,2025-09-07,Home Appliances,Ninja Professional Blender,20,102.26,2045.20,Middle East
19675,2024-04-09,Home Appliances,Ninja Professional Blender,4,90.88,363.52,Oceania
19676,2024-04-04,Sports,Fitbit Charge 6,1,152.15,152.15,North America
19677,2025-02-22,Beauty Products,Clinique Moisture Surge,3,43.14,129.42,Asia
19678,2024-05-06,Sports,Everlast Boxing Gloves,2,54.65,109.30,Asia
19679,2024-06-18,Sports,Callaway Golf Club Set,9,822.81,7405.29,Asia
19680,2025-04-19,Electronics,MacBook Pro 16-inch,18,2668.59,48034.62,North America
19681,2024-06-09,Home Appliances,Instant Pot Duo 7-in-1,20,140.27,2805.40,Middle East
19682,2025-02-26,Beauty Products,MAC Lipstick Collection,3,79.55,238.65,Middle East
19683,2025-10-06,Clothing,Vans Old Skool Sneakers,14,87.68,1227.52,Europe
19684,2025-11-12,Electronics,Nintendo Switch OLED,12,375.77,4509.24,Europe
19685,2025-01-08,Home Appliances,Dyson V11 Vacuum,13,461.21,5995.73,North America
19686,2024-09-28,Home Appliances,Dyson V11 Vacuum,9,476.77,4290.93,Oceania
19687,2025-11-25,Beauty Products,L'Oreal Revitalift Cream,2,29.88,59.76,Africa
19688,2024-03-31,Home Appliances,Keurig K-Elite Coffee Maker,4,178.63,714.52,Africa
19689,2025-02-18,Home Appliances,iRobot Roomba j7,14,685.88,9602.32,South America
19690,2024-12-11,Clothing,Patagonia Fleece Jacket,15,183.62,2754.30,South America
19691,2024-09-20,Home Appliances,Philips Air Fryer XXL,2,241.28,482.56,South America
19692,2025-06-01,Clothing,Under Armour Training Shirt,10,40.61,406.10,North America
19693,2024-03-28,Home Appliances,Blueair Classic 480i,1,604.81,604.81,Africa
19694,2024-09-15,Beauty Products,L'Oreal Revitalift Cream,19,32.13,610.47,Europe
19695,2024-05-11,Clothing,Puma Sports Hoodie,16,70.50,1128.00,Middle East
19696,2024-07-01,Books,Atomic Habits,3,20.80,62.40,South America
19697,2025-02-21,Clothing,Vans Old Skool Sneakers,11,82.34,905.74,South America
19698,2024-08-01,Electronics,MacBook Pro 16-inch,4,2643.60,10574.40,Africa
19699,2025-04-01,Sports,Bowflex Adjustable Dumbbells,16,434.79,6956.64,Asia
19700,2025-08-02,Home Appliances,LG Front Load Washer,3,962.73,2888.19,Asia
19701,2025-02-21,Books,The Hobbit,12,14.70,176.40,South America
19702,2025-11-10,Sports,Bowflex Adjustable Dumbbells,4,390.95,1563.80,Asia
19703,2025-08-23,Sports,Fitbit Charge 6,14,169.28,2369.92,Asia
19704,2025-03-28,Sports,Everlast Boxing Gloves,3,46.30,138.90,Asia
19705,2025-04-02,Beauty Products,Olaplex Hair Repair Set,3,57.32,171.96,Europe
19706,2025-07-06,Books,Dune by Frank Herbert,18,27.19,489.42,Oceania
19707,2024-07-06,Clothing,Vans Old Skool Sneakers,6,86.45,518.70,Asia
19708,2024-02-01,Home Appliances,iRobot Roomba j7,8,710.74,5685.92,Africa
19709,2025-07-25,Clothing,Under Armour Training Shirt,19,39.76,755.44,Oceania
19710,2024-08-10,Clothing,Calvin Klein Slim Fit Shirt,15,97.00,1455.00,Europe
19711,2025-09-26,Sports,Everlast Boxing Gloves,13,48.34,628.42,Africa
19712,2024-11-02,Sports,Bowflex Adjustable Dumbbells,10,409.25,4092.50,North America
19713,2024-12-02,Electronics,iPhone 14 Pro,5,917.95,4589.75,Middle East
19714,2024-12-10,Books,The Psychology of Money,8,19.18,153.44,Oceania
19715,2024-02-20,Sports,Hydro Flask Sports Bottle,11,36.73,404.03,Middle East
19716,2025-08-09,Beauty Products,L'Oreal Revitalift Cream,9,30.10,270.90,Africa
19717,2025-04-17,Home Appliances,LG Front Load Washer,15,877.14,13157.10,South America
19718,2024-09-19,Clothing,Adidas Ultraboost Shoes,20,186.92,3738.40,Asia
19719,2024-07-11,Sports,Adidas FIFA Soccer Ball,18,41.59,748.62,Africa
19720,2024-11-02,Beauty Products,Chanel No. 5 Perfume,9,117.16,1054.44,Middle East
19721,2025-04-08,Electronics,Garmin Forerunner 945,16,452.07,7233.12,Middle East
19722,2024-05-25,Home Appliances,Keurig K-Elite Coffee Maker,4,201.47,805.88,South America
19723,2024-11-23,Beauty Products,Chanel No. 5 Perfume,14,131.46,1840.44,North America
19724,2024-10-30,Beauty Products,Maybelline Makeup Kit,10,51.35,513.50,Africa
19725,2024-03-10,Books,Dune by Frank Herbert,19,28.28,537.32,South America
19726,2025-05-18,Electronics,iPhone 14 Pro,10,912.49,9124.90,Middle East
19727,2025-05-04,Electronics,Google Pixel 8 Pro,16,1041.23,16659.68,Middle East
19728,2024-07-23,Electronics,MacBook Pro 16-inch,1,2341.35,2341.35,Middle East
19729,2024-05-08,Sports,Adidas FIFA Soccer Ball,7,43.42,303.94,Africa
19730,2024-08-05,Clothing,Calvin Klein Slim Fit Shirt,12,93.34,1120.08,Africa
19731,2025-10-15,Home Appliances,Instant Pot Duo 7-in-1,15,122.56,1838.40,Europe
19732,2024-08-20,Sports,Wilson Evolution Basketball,11,32.21,354.31,Oceania
19733,2024-10-04,Sports,Fitbit Charge 6,18,165.26,2974.68,Africa
19734,2025-12-03,Books,The Alchemist,15,13.65,204.75,Europe
19735,2024-09-26,Beauty Products,Chanel No. 5 Perfume,15,131.70,1975.50,Asia
19736,2025-06-15,Home Appliances,Dyson V11 Vacuum,13,493.12,6410.56,Europe
19737,2024-08-17,Electronics,Dell XPS 13 Laptop,19,1193.06,22668.14,Europe
19738,2024-05-05,Beauty Products,Neutrogena Skincare Set,5,87.57,437.85,North America
19739,2024-10-21,Books,Dune by Frank Herbert,3,26.43,79.29,Africa
19740,2024-09-05,Beauty Products,Maybelline Makeup Kit,12,47.30,567.60,Europe
19741,2025-02-26,Clothing,Levi's 501 Jeans,20,73.91,1478.20,Europe
19742,2025-01-26,Books,The Da Vinci Code,17,16.61,282.37,Europe
19743,2025-04-02,Books,The Da Vinci Code,6,14.41,86.46,Asia
19744,2024-09-04,Clothing,Under Armour Training Shirt,12,43.83,525.96,South America
19745,2025-07-24,Clothing,Calvin Klein Slim Fit Shirt,17,98.21,1669.57,Africa
19746,2025-09-29,Books,Clean Code,5,39.41,197.05,Oceania
19747,2025-01-16,Clothing,Calvin Klein Slim Fit Shirt,16,91.22,1459.52,Middle East
19748,2025-12-03,Sports,Bowflex Adjustable Dumbbells,10,423.77,4237.70,Asia
19749,2024-06-29,Electronics,Apple Watch Series 9,2,433.85,867.70,North America
19750,2024-10-12,Clothing,Nike Air Force 1,2,97.82,195.64,Asia
19751,2024-08-30,Sports,Spalding Volleyball,19,38.45,730.55,Middle East
19752,2025-06-24,Beauty Products,Chanel No. 5 Perfume,2,129.00,258.00,Asia
19753,2024-12-11,Sports,Callaway Golf Club Set,3,822.57,2467.71,Asia
19754,2024-11-07,Books,The Da Vinci Code,11,15.89,174.79,Middle East
19755,2024-08-29,Clothing,North Face Down Jacket,3,246.55,739.65,Africa
19756,2024-05-26,Home Appliances,Samsung Smart Refrigerator,7,2015.62,14109.34,Africa
19757,2025-02-01,Beauty Products,Dyson Supersonic Hair Dryer,15,472.17,7082.55,Oceania
19758,2024-05-23,Beauty Products,L'Oreal Revitalift Cream,17,29.39,499.63,Africa
19759,2025-06-26,Books,"Salt, Fat, Acid, Heat by Samin Nosrat",15,32.13,481.95,Asia
19760,2024-02-01,Books,The Hobbit,3,16.18,48.54,South America
19761,2024-04-13,Sports,Bowflex Adjustable Dumbbells,1,472.62,472.62,South America
19762,2025-04-25,Electronics,Canon EOS R10 Camera,1,910.33,910.33,North America
19763,2024-10-30,Clothing,Patagonia Fleece Jacket,3,196.19,588.57,South America
19764,2024-12-27,Electronics,Canon EOS R10 Camera,2,937.24,1874.48,North America
19765,2024-08-05,Sports,Manduka PRO Yoga Mat,11,131.85,1450.35,North America
19766,2025-06-04,Home Appliances,LG Front Load Washer,11,960.93,10570.23,Africa
19767,2025-09-08,Electronics,Nintendo Switch OLED,4,363.33,1453.32,South America
19768,2025-07-06,Electronics,MacBook Pro 16-inch,8,2350.10,18800.80,North America
19769,2025-06-16,Clothing,North Face Down Jacket,4,231.32,925.28,Middle East
19770,2024-06-12,Electronics,MacBook Pro 16-inch,1,2444.68,2444.68,Europe
19771,2025-08-26,Clothing,Levi's 501 Jeans,10,65.02,650.20,Middle East
19772,2025-09-04,Beauty Products,Chanel No. 5 Perfume,13,133.13,1730.69,Middle East
19773,2024-04-29,Sports,Everlast Boxing Gloves,3,46.65,139.95,Oceania
19774,2025-05-20,Beauty Products,MAC Lipstick Collection,19,83.24,1581.56,Middle East
19775,2025-10-07,Electronics,Nintendo Switch OLED,11,341.53,3756.83,Oceania
19776,2025-05-29,Clothing,Under Armour Training Shirt,4,39.91,159.64,South America
19777,2024-11-11,Books,Atomic Habits,9,20.88,187.92,Asia
19778,2025-03-18,Beauty Products,The Ordinary Serum Set,15,41.51,622.65,North America
19779,2024-11-03,Home Appliances,iRobot Roomba j7,1,589.85,589.85,Asia
19780,2024-09-25,Home Appliances,Ninja Professional Blender,18,93.36,1680.48,North America
19781,2025-03-08,Home Appliances,Samsung Smart Refrigerator,9,1762.46,15862.14,Europe
19782,2025-05-18,Clothing,Levi's 501 Jeans,15,65.55,983.25,Oceania
19783,2025-08-22,Beauty Products,Dyson Supersonic Hair Dryer,13,427.66,5559.58,Africa
19784,2024-12-31,Home Appliances,Instant Pot Duo 7-in-1,14,128.58,1800.12,Middle East
19785,2025-03-13,Books,Clean Code,1,38.07,38.07,South America
19786,2024-01-24,Home Appliances,iRobot Roomba j7,14,640.03,8960.42,Oceania
19787,2025-06-15,Books,The Alchemist,12,13.60,163.20,Africa
19788,2024-11-01,Books,The Psychology of Money,20,18.99,379.80,Europe
19789,2024-03-10,Beauty Products,Chanel No. 5 Perfume,18,117.69,2118.42,Middle East
19790,2025-07-13,Home Appliances,Dyson V11 Vacuum,6,548.02,3288.12,Asia
19791,2025-03-16,Beauty Products,Maybelline Makeup Kit,4,47.26,189.04,Middle East
19792,2025-07-05,Beauty Products,Olaplex Hair Repair Set,7,58.00,406.00,South America
19793,2024-02-07,Beauty Products,MAC Lipstick Collection,5,87.08,435.40,Africa
19794,2024-08-07,Electronics,Dell XPS 13 Laptop,19,1274.06,24207.14,Africa
19795,2025-06-05,Clothing,Puma Sports Hoodie,15,72.64,1089.60,South America
19796,2024-03-08,Electronics,Apple Watch Series 9,2,402.74,805.48,Oceania
19797,2024-11-12,Beauty Products,Olaplex Hair Repair Set,1,65.92,65.92,South America
19798,2024-03-29,Clothing,North Face Down Jacket,2,239.79,479.58,Africa
19799,2024-07-29,Books,Deep Work,12,18.88,226.56,Middle East
19800,2025-05-22,Home Appliances,Samsung Smart Refrigerator,20,1886.46,37729.20,Europe
19801,2024-05-24,Home Appliances,Blueair Classic 480i,16,580.86,9293.76,Africa
19802,2025-10-08,Clothing,North Face Down Jacket,19,248.07,4713.33,South America
19803,2024-06-12,Clothing,Puma Sports Hoodie,13,80.92,1051.96,Oceania
19804,2024-10-11,Beauty Products,Clinique Moisture Surge,6,42.84,257.04,Oceania
19805,2024-03-05,Books,Atomic Habits,13,20.54,267.02,South America
19806,2024-06-18,Books,The Da Vinci Code,20,15.62,312.40,Europe
19807,2024-07-10,Sports,Everlast Boxing Gloves,10,50.35,503.50,Asia
19808,2025-04-17,Books,Atomic Habits,1,19.45,19.45,South America
19809,2024-11-09,Beauty Products,Chanel No. 5 Perfume,11,119.52,1314.72,North America
19810,2024-08-05,Clothing,Columbia Rain Jacket,1,134.25,134.25,Africa
19811,2025-04-25,Beauty Products,L'Oreal Revitalift Cream,1,29.91,29.91,Europe
19812,2024-02-03,Beauty Products,Maybelline Makeup Kit,1,48.93,48.93,South America
19813,2024-08-25,Sports,Manduka PRO Yoga Mat,18,110.07,1981.26,North America
19814,2024-12-08,Electronics,Samsung Galaxy Tab S8,12,736.61,8839.32,Oceania
19815,2025-11-16,Clothing,Columbia Rain Jacket,10,125.85,1258.50,Africa
19816,2025-05-12,Electronics,Google Pixel 8 Pro,9,997.26,8975.34,South America
19817,2025-03-08,Beauty Products,The Ordinary Serum Set,13,37.67,489.71,Africa
19818,2025-08-14,Sports,Callaway Golf Club Set,10,881.14,8811.40,Oceania
19819,2025-04-30,Electronics,iPhone 14 Pro,6,1076.98,6461.88,North America
19820,2024-12-18,Electronics,Nintendo Switch OLED,10,333.32,3333.20,North America
19821,2024-09-29,Electronics,iPhone 14 Pro,8,954.33,7634.64,Europe
19822,2025-01-02,Home Appliances,Keurig K-Elite Coffee Maker,19,208.41,3959.79,Europe
19823,2024-08-29,Electronics,Apple Watch Series 9,16,388.26,6212.16,Africa
19824,2024-01-17,Books,The Alchemist,8,12.00,96.00,Oceania
19825,2024-04-12,Home Appliances,Dyson V11 Vacuum,3,549.23,1647.69,Asia
19826,2025-12-12,Clothing,Vans Old Skool Sneakers,7,80.58,564.06,Middle East
19827,2025-05-12,Books,The Da Vinci Code,2,14.84,29.68,Asia
19828,2025-08-21,Home Appliances,Instant Pot Duo 7-in-1,13,139.00,1807.00,Asia
19829,2025-08-03,Electronics,Apple Watch Series 9,19,420.71,7993.49,Asia
19830,2024-04-25,Books,The Psychology of Money,19,19.77,375.63,Asia
19831,2025-11-23,Electronics,Samsung Galaxy Tab S8,11,802.37,8826.07,Asia
19832,2024-09-20,Sports,Wilson Evolution Basketball,9,27.98,251.82,South America
19833,2025-12-05,Beauty Products,Olaplex Hair Repair Set,6,60.51,363.06,North America
19834,2025-04-10,Electronics,Dell XPS 13 Laptop,18,1280.92,23056.56,Africa
19835,2025-10-14,Books,Deep Work,1,18.18,18.18,South America
19836,2024-06-17,Sports,Adidas FIFA Soccer Ball,3,42.30,126.90,Africa
19837,2025-02-24,Beauty Products,CeraVe Hydrating Cleanser,14,19.37,271.18,Middle East
19838,2025-07-07,Electronics,Sony WH-1000XM5 Headphones,15,437.38,6560.70,Africa
19839,2024-03-11,Electronics,Sony WH-1000XM5 Headphones,14,431.11,6035.54,Europe
19840,2024-10-26,Clothing,Levi's 501 Jeans,11,69.33,762.63,Africa
19841,2024-01-06,Books,The Da Vinci Code,11,17.49,192.39,North America
19842,2025-04-16,Home Appliances,Ninja Professional Blender,14,104.12,1457.68,Middle East
19843,2024-06-09,Books,The Da Vinci Code,14,16.46,230.44,Asia
19844,2025-05-23,Electronics,Google Pixel 8 Pro,13,959.90,12478.70,Asia
19845,2024-08-10,Home Appliances,Keurig K-Elite Coffee Maker,10,208.71,2087.10,Middle East
19846,2025-01-15,Home Appliances,Instant Pot Duo 7-in-1,14,131.60,1842.40,Asia
19847,2024-07-30,Books,The Alchemist,9,12.80,115.20,Oceania
19848,2024-01-28,Beauty Products,Maybelline Makeup Kit,7,52.52,367.64,Oceania
19849,2025-01-15,Clothing,Adidas Ultraboost Shoes,3,190.63,571.89,Africa
19850,2025-03-14,Books,The Da Vinci Code,11,17.38,191.18,Oceania
19851,2025-04-09,Books,The Da Vinci Code,6,15.65,93.90,Asia
19852,2025-09-05,Beauty Products,Neutrogena Skincare Set,2,81.23,162.46,North America
19853,2024-06-23,Sports,Manduka PRO Yoga Mat,8,120.89,967.12,South America
19854,2025-05-15,Beauty Products,The Ordinary Serum Set,2,39.60,79.20,Africa
19855,2025-01-09,Books,Clean Code,11,39.18,430.98,North America
19856,2025-03-28,Books,The Hobbit,9,14.04,126.36,South America
19857,2024-04-18,Clothing,Levi's 501 Jeans,9,73.42,660.78,Europe
19858,2024-01-22,Electronics,MacBook Pro 16-inch,10,2701.56,27015.60,Africa
19859,2024-01-04,Sports,Babolat Pure Drive Tennis Racket,6,183.35,1100.10,Europe
19860,2024-10-22,Clothing,Nike Air Force 1,7,89.25,624.75,South America
19861,2024-04-21,Clothing,Vans Old Skool Sneakers,20,73.38,1467.60,South America
19862,2025-01-10,Books,The Alchemist,10,12.34,123.40,Oceania
19863,2024-04-10,Home Appliances,Ninja Professional Blender,7,96.41,674.87,South America
19864,2024-03-20,Home Appliances,Dyson V11 Vacuum,1,467.60,467.60,Asia
19865,2025-10-04,Electronics,iPhone 14 Pro,15,1072.77,16091.55,South America
19866,2024-03-07,Home Appliances,Keurig K-Elite Coffee Maker,1,176.03,176.03,Middle East
19867,2024-04-20,Home Appliances,Dyson V11 Vacuum,19,508.69,9665.11,Africa
19868,2025-04-18,Books,"Salt, Fat, Acid, Heat by Samin Nosrat",1,29.70,29.70,Europe
19869,2024-09-16,Beauty Products,Chanel No. 5 Perfume,1,131.18,131.18,Europe
19870,2024-07-12,Books,The Hobbit,16,14.78,236.48,South America
19871,2024-02-04,Beauty Products,Olaplex Hair Repair Set,14,65.60,918.40,Africa
19872,2025-03-04,Home Appliances,Philips Air Fryer XXL,14,262.19,3670.66,Asia
19873,2024-01-27,Home Appliances,Blueair Classic 480i,1,601.65,601.65,Middle East
19874,2024-07-04,Beauty Products,Chanel No. 5 Perfume,20,123.94,2478.80,South America
19875,2024-05-19,Home Appliances,iRobot Roomba j7,14,701.08,9815.12,Europe
19876,2024-12-30,Electronics,Garmin Forerunner 945,16,461.03,7376.48,Asia
19877,2024-11-14,Sports,Babolat Pure Drive Tennis Racket,2,189.68,379.36,North America
19878,2024-08-13,Home Appliances,iRobot Roomba j7,3,587.39,1762.17,North America
19879,2025-10-26,Beauty Products,L'Oreal Revitalift Cream,13,28.16,366.08,Africa
19880,2024-09-12,Beauty Products,Olaplex Hair Repair Set,7,59.65,417.55,Africa
19881,2025-09-21,Home Appliances,LG Front Load Washer,15,828.22,12423.30,Europe
19882,2024-06-28,Books,The Hobbit,4,15.80,63.20,South America
19883,2024-04-14,Beauty Products,Clinique Moisture Surge,17,42.38,720.46,Asia
19884,2024-06-02,Beauty Products,Neutrogena Skincare Set,11,90.01,990.11,South America
19885,2025-01-23,Books,The Psychology of Money,14,18.72,262.08,Middle East
19886,2025-06-28,Books,Atomic Habits,16,21.82,349.12,Middle East
19887,2024-09-09,Electronics,MacBook Pro 16-inch,15,2339.81,35097.15,Oceania
19888,2024-11-22,Beauty Products,Clinique Moisture Surge,7,48.49,339.43,Asia
19889,2025-05-26,Beauty Products,Chanel No. 5 Perfume,20,118.21,2364.20,Africa
19890,2024-04-22,Sports,Everlast Boxing Gloves,16,49.98,799.68,Europe
19891,2025-10-12,Books,Deep Work,5,17.29,86.45,North America
19892,2025-12-01,Beauty Products,Chanel No. 5 Perfume,13,118.25,1537.25,Europe
19893,2024-03-17,Electronics,Apple Watch Series 9,17,424.88,7222.96,North America
19894,2024-05-23,Beauty Products,Chanel No. 5 Perfume,13,138.64,1802.32,Europe
19895,2025-07-10,Sports,Everlast Boxing Gloves,8,45.56,364.48,Europe
19896,2024-10-20,Sports,Everlast Boxing Gloves,11,53.56,589.16,North America
19897,2025-12-07,Books,Clean Code,14,36.57,511.98,Europe
19898,2024-05-30,Clothing,Levi's 501 Jeans,4,68.71,274.84,Asia
19899,2024-03-03,Home Appliances,iRobot Roomba j7,6,702.07,4212.42,South America
19900,2024-04-08,Beauty Products,Maybelline Makeup Kit,15,51.18,767.70,Middle East
19901,2024-07-20,Electronics,Samsung Galaxy Tab S8,10,759.50,7595.00,Oceania
19902,2025-03-16,Sports,Hydro Flask Sports Bottle,4,39.22,156.88,South America
19903,2025-11-22,Electronics,Samsung Galaxy Tab S8,9,717.84,6460.56,Europe
19904,2024-07-27,Books,Dune by Frank Herbert,18,24.36,438.48,Oceania
19905,2025-04-12,Beauty Products,Dyson Supersonic Hair Dryer,17,426.45,7249.65,Oceania
19906,2024-01-05,Clothing,Adidas Ultraboost Shoes,11,184.44,2028.84,Middle East
19907,2025-11-05,Clothing,Nike Air Force 1,9,83.48,751.32,Oceania
19908,2024-03-25,Home Appliances,Dyson V11 Vacuum,17,527.02,8959.34,Africa
19909,2025-08-05,Home Appliances,Ninja Professional Blender,8,97.25,778.00,Europe
19910,2024-02-14,Sports,Adidas FIFA Soccer Ball,17,38.39,652.63,Oceania
19911,2024-06-05,Beauty Products,MAC Lipstick Collection,14,76.00,1064.00,Middle East
19912,2025-10-12,Electronics,Apple Watch Series 9,11,435.15,4786.65,North America
19913,2024-09-04,Clothing,North Face Down Jacket,16,244.91,3918.56,South America
19914,2024-08-17,Home Appliances,Samsung Smart Refrigerator,18,1838.60,33094.80,Oceania
19915,2024-09-11,Electronics,MacBook Pro 16-inch,3,2356.58,7069.74,North America
19916,2024-12-29,Sports,Everlast Boxing Gloves,17,47.67,810.39,Oceania
19917,2024-11-13,Electronics,Garmin Forerunner 945,3,546.13,1638.39,North America
19918,2025-11-10,Home Appliances,LG Front Load Washer,11,948.84,10437.24,Asia
19919,2024-09-18,Sports,Manduka PRO Yoga Mat,10,125.29,1252.90,Oceania
19920,2025-02-02,Electronics,MacBook Pro 16-inch,1,2650.91,2650.91,Europe
19921,2024-07-09,Electronics,MacBook Pro 16-inch,13,2748.67,35732.71,Africa
19922,2024-07-13,Home Appliances,Instant Pot Duo 7-in-1,17,122.90,2089.30,North America
19923,2025-02-26,Beauty Products,Clinique Moisture Surge,1,41.87,41.87,South America
19924,2024-10-16,Beauty Products,Dyson Supersonic Hair Dryer,5,462.80,2314.00,Africa
19925,2024-01-01,Sports,Spalding Volleyball,6,34.19,205.14,Europe
19926,2025-09-03,Sports,Adidas FIFA Soccer Ball,5,36.85,184.25,Asia
19927,2024-12-14,Electronics,Nintendo Switch OLED,7,363.47,2544.29,North America
19928,2024-03-23,Electronics,Dell XPS 13 Laptop,5,1323.98,6619.90,Africa
19929,2025-05-10,Sports,Bowflex Adjustable Dumbbells,1,412.49,412.49,Europe
19930,2024-12-28,Clothing,Vans Old Skool Sneakers,13,86.78,1128.14,Asia
19931,2025-05-17,Clothing,Under Armour Training Shirt,4,39.96,159.84,Asia
19932,2025-04-21,Books,Sapiens,18,26.61,478.98,Middle East
19933,2025-05-22,Books,The Da Vinci Code,3,14.53,43.59,South America
19934,2024-05-30,Clothing,North Face Down Jacket,2,246.29,492.58,South America
19935,2024-02-10,Sports,Spalding Volleyball,10,35.17,351.70,Asia
19936,2025-02-26,Sports,Manduka PRO Yoga Mat,11,108.54,1193.94,South America
19937,2025-02-19,Electronics,Nintendo Switch OLED,15,323.46,4851.90,North America
19938,2025-08-02,Beauty Products,Olaplex Hair Repair Set,1,65.98,65.98,Africa
19939,2025-04-20,Books,The Hobbit,11,15.07,165.77,Middle East
19940,2025-08-05,Sports,Babolat Pure Drive Tennis Racket,2,206.67,413.34,Africa
19941,2024-01-21,Home Appliances,Dyson V11 Vacuum,4,463.72,1854.88,Middle East
19942,2024-04-24,Beauty Products,Maybelline Makeup Kit,12,50.84,610.08,Europe
19943,2024-07-07,Electronics,Google Pixel 8 Pro,1,941.75,941.75,North America
19944,2024-04-06,Clothing,Levi's 501 Jeans,18,68.30,1229.40,North America
19945,2024-07-01,Clothing,Under Armour Training Shirt,7,36.34,254.38,Africa
19946,2024-10-08,Clothing,Columbia Rain Jacket,1,122.76,122.76,Europe
19947,2024-05-04,Beauty Products,Dyson Supersonic Hair Dryer,8,449.90,3599.20,South America
19948,2024-01-06,Sports,Callaway Golf Club Set,1,951.39,951.39,Oceania
19949,2024-06-02,Home Appliances,Instant Pot Duo 7-in-1,4,136.33,545.32,South America
19950,2024-02-25,Home Appliances,iRobot Roomba j7,9,597.10,5373.90,Asia
19951,2024-03-15,Clothing,Puma Sports Hoodie,4,68.47,273.88,Oceania
19952,2024-10-10,Clothing,Nike Air Force 1,13,87.33,1135.29,Africa
19953,2025-05-22,Electronics,Apple Watch Series 9,16,466.11,7457.76,Oceania
19954,2025-03-25,Electronics,iPhone 14 Pro,8,1059.89,8479.12,Europe
19955,2024-09-22,Books,The Psychology of Money,18,18.15,326.70,Africa
19956,2024-08-17,Home Appliances,Ninja Professional Blender,7,104.66,732.62,Oceania
19957,2024-09-04,Beauty Products,L'Oreal Revitalift Cream,2,30.69,61.38,Europe
19958,2024-04-11,Electronics,Garmin Forerunner 945,10,506.51,5065.10,Asia
19959,2024-10-12,Beauty Products,CeraVe Hydrating Cleanser,16,19.01,304.16,South America
19960,2025-07-18,Books,Atomic Habits,9,20.38,183.42,Middle East
19961,2024-08-25,Beauty Products,Maybelline Makeup Kit,5,51.89,259.45,Asia
19962,2024-12-12,Clothing,North Face Down Jacket,3,273.47,820.41,Africa
19963,2025-04-29,Sports,Callaway Golf Club Set,2,820.31,1640.62,North America
19964,2024-08-30,Electronics,Sony WH-1000XM5 Headphones,2,398.77,797.54,Africa
19965,2024-08-13,Electronics,iPhone 14 Pro,11,922.18,10143.98,South America
19966,2024-12-21,Electronics,Nintendo Switch OLED,12,328.86,3946.32,Africa
19967,2024-05-08,Books,Deep Work,6,17.17,103.02,Middle East
19968,2024-05-25,Home Appliances,LG Front Load Washer,1,816.36,816.36,Asia
19969,2024-07-05,Electronics,iPhone 14 Pro,20,989.55,19791.00,Europe
19970,2025-10-12,Electronics,Google Pixel 8 Pro,8,929.92,7439.36,Europe
19971,2025-09-06,Home Appliances,LG Front Load Washer,9,874.63,7871.67,Middle East
19972,2025-07-11,Sports,Manduka PRO Yoga Mat,6,108.98,653.88,Middle East
19973,2025-08-01,Electronics,Apple Watch Series 9,11,400.60,4406.60,Africa
19974,2025-06-13,Books,The Alchemist,11,13.76,151.36,Middle East
19975,2024-01-01,Books,Clean Code,8,42.16,337.28,Europe
19976,2024-07-15,Books,"Salt, Fat, Acid, Heat by Samin Nosrat",20,33.98,679.60,North America
19977,2024-06-17,Books,The Hobbit,17,15.86,269.62,North America
19978,2025-01-31,Home Appliances,iRobot Roomba j7,7,698.87,4892.09,Oceania
19979,2024-12-05,Sports,Fitbit Charge 6,9,174.14,1567.26,Africa
19980,2024-09-14,Sports,Spalding Volleyball,10,33.00,330.00,Europe
19981,2024-09-04,Home Appliances,Blueair Classic 480i,6,583.33,3499.98,North America
19982,2025-04-07,Sports,Everlast Boxing Gloves,18,48.46,872.28,Europe
19983,2025-09-28,Sports,Fitbit Charge 6,6,156.84,941.04,Africa
19984,2025-03-12,Home Appliances,Keurig K-Elite Coffee Maker,17,198.01,3366.17,Oceania
19985,2025-05-04,Sports,Wilson Evolution Basketball,9,32.22,289.98,Middle East
19986,2025-01-01,Clothing,Columbia Rain Jacket,2,120.13,240.26,Asia
19987,2025-08-08,Home Appliances,iRobot Roomba j7,7,690.79,4835.53,Asia
19988,2024-09-26,Clothing,Levi's 501 Jeans,11,75.11,826.21,Africa
19989,2025-01-27,Sports,Callaway Golf Club Set,16,856.87,13709.92,Middle East
19990,2025-02-27,Books,Deep Work,3,17.54,52.62,Africa
19991,2025-04-26,Home Appliances,Samsung Smart Refrigerator,17,2014.03,34238.51,South America
19992,2024-05-05,Electronics,Apple Watch Series 9,8,408.48,3267.84,Oceania
19993,2025-09-02,Electronics,MacBook Pro 16-inch,14,2528.07,35392.98,North America
19994,2025-04-14,Home Appliances,Keurig K-Elite Coffee Maker,11,208.77,2296.47,North America
19995,2024-02-24,Beauty Products,MAC Lipstick Collection,20,81.64,1632.80,North America
19996,2024-07-26,Sports,Fitbit Charge 6,17,144.13,2450.21,Middle East
19997,2024-07-08,Clothing,Adidas Ultraboost Shoes,3,189.14,567.42,Middle East
19998,2024-09-23,Sports,Fitbit Charge 6,4,146.95,587.80,Asia
19999,2024-01-13,Books,The Hobbit,1,15.60,15.60,South America
20000,2024-06-12,Books,Clean Code,5,39.87,199.35,Middle East
